ID,类别,分组,日期,日期精度,来源,乐仔置信,人脸数,场景,库内路径,原始路径
KU2385,家庭生活,2023,2023-12-17,day,个人相册,0.6263,1,衣物、jeans、人物,02_家庭生活/2023/2023-12-17_dreamina_7605170277357489417_1770716747703.jpg,dreamina_7605170277357489417_1770716747703.jpg
KU2022,家庭生活,2024,2024-05-03,day,个人相册,0.6799,2,户外、陆地、草地,02_家庭生活/2024/2024-05-03_5606B56D_IMG_8674.jpg,_heic_jpg/5606B56D_IMG_8674.jpg
KU2483,家庭生活,2024,2024-05-03,day,个人相册,0.5999,2,户外、陆地、草地,02_家庭生活/2024/2024-05-03_92C3D6FC_IMG_8676.jpg,_heic_jpg/92C3D6FC_IMG_8676.jpg
KU1494,家庭生活,2024,2024-05-04,day,个人相册,0.7249,1,人物、孩子、建筑,02_家庭生活/2024/2024-05-04_107F8A50_IMG_8679.jpg,_heic_jpg/107F8A50_IMG_8679.jpg
KU1455,家庭生活,2024,2024-05-04,day,个人相册,0.7283,1,人物、孩子、建筑,02_家庭生活/2024/2024-05-04_59073A6B_IMG_8678.jpg,_heic_jpg/59073A6B_IMG_8678.jpg
KU2142,家庭生活,2024,2024-05-05,day,个人相册,0.6674,1,植物、树叶、户外,02_家庭生活/2024/2024-05-05_07E42C6D_IMG_8726.jpg,_heic_jpg/07E42C6D_IMG_8726.jpg
KU2125,家庭生活,2024,2024-05-05,day,个人相册,0.6695,1,户外、陆地、草地,02_家庭生活/2024/2024-05-05_1492E101_IMG_8695.jpg,_heic_jpg/1492E101_IMG_8695.jpg
KU1390,家庭生活,2024,2024-05-05,day,个人相册,0.7329,1,人物、孩子、植物,02_家庭生活/2024/2024-05-05_1FFA9179_IMG_8728.jpg,_heic_jpg/1FFA9179_IMG_8728.jpg
KU1567,家庭生活,2024,2024-05-05,day,个人相册,0.7193,2,户外、陆地、草地,02_家庭生活/2024/2024-05-05_2D7881F2_IMG_8730.jpg,_heic_jpg/2D7881F2_IMG_8730.jpg
KU0830,家庭生活,2024,2024-05-05,day,个人相册,0.7721,1,户外、陆地、草地,02_家庭生活/2024/2024-05-05_3A6E3A60_IMG_8719.jpg,_heic_jpg/3A6E3A60_IMG_8719.jpg
KU1550,家庭生活,2024,2024-05-05,day,个人相册,0.7205,1,植物、树叶、人物,02_家庭生活/2024/2024-05-05_5C45436B_IMG_8723.jpg,_heic_jpg/5C45436B_IMG_8723.jpg
KU0882,家庭生活,2024,2024-05-05,day,个人相册,0.7679,1,户外、陆地、草地,02_家庭生活/2024/2024-05-05_6A0486B9_IMG_8718.jpg,_heic_jpg/6A0486B9_IMG_8718.jpg
KU1609,家庭生活,2024,2024-05-05,day,个人相册,0.7158,1,人物、孩子、植物,02_家庭生活/2024/2024-05-05_730407FC_IMG_8727.jpg,_heic_jpg/730407FC_IMG_8727.jpg
KU2180,家庭生活,2024,2024-05-05,day,个人相册,0.6618,1,陆地、户外、草地,02_家庭生活/2024/2024-05-05_764D8F48_IMG_8716.jpg,_heic_jpg/764D8F48_IMG_8716.jpg
KU1518,家庭生活,2024,2024-05-05,day,个人相册,0.7226,1,陆地、户外、草地,02_家庭生活/2024/2024-05-05_92674065_IMG_8720.jpg,_heic_jpg/92674065_IMG_8720.jpg
KU2349,家庭生活,2024,2024-05-05,day,个人相册,0.6331,1,户外、陆地、草地,02_家庭生活/2024/2024-05-05_9B1AA99A_IMG_8704.jpg,_heic_jpg/9B1AA99A_IMG_8704.jpg
KU1281,家庭生活,2024,2024-05-05,day,个人相册,0.7402,1,户外、陆地、草地,02_家庭生活/2024/2024-05-05_A5F27057_IMG_8721.jpg,_heic_jpg/A5F27057_IMG_8721.jpg
KU2341,家庭生活,2024,2024-05-05,day,个人相册,0.6338,1,户外、陆地、草地,02_家庭生活/2024/2024-05-05_C1129522_IMG_8706.jpg,_heic_jpg/C1129522_IMG_8706.jpg
KU2437,家庭生活,2024,2024-05-05,day,个人相册,0.6133,4,户外、人物、大人,02_家庭生活/2024/2024-05-05_C1571559_IMG_8694.jpg,_heic_jpg/C1571559_IMG_8694.jpg
KU1526,家庭生活,2024,2024-05-05,day,个人相册,0.7223,1,植物、树叶、人物,02_家庭生活/2024/2024-05-05_CD05293E_IMG_8724.jpg,_heic_jpg/CD05293E_IMG_8724.jpg
KU1507,家庭生活,2024,2024-05-05,day,个人相册,0.7238,1,人物、大人、toilet_seat,02_家庭生活/2024/2024-05-05_DA3502D7_IMG_8731.jpg,_heic_jpg/DA3502D7_IMG_8731.jpg
KU2496,家庭生活,2024,2024-05-05,day,个人相册,0.5956,2,户外、天空、陆地,02_家庭生活/2024/2024-05-05_F040CF53_IMG_8702.jpg,_heic_jpg/F040CF53_IMG_8702.jpg
KU2296,家庭生活,2024,2024-05-05,day,个人相册,0.6415,1,植物、树叶、户外,02_家庭生活/2024/2024-05-05_F24FF652_IMG_8725.jpg,_heic_jpg/F24FF652_IMG_8725.jpg
KU1546,家庭生活,2024,2024-05-05,day,个人相册,0.7209,1,人物、孩子、植物,02_家庭生活/2024/2024-05-05_F8129E81_IMG_8722.jpg,_heic_jpg/F8129E81_IMG_8722.jpg
KU1480,家庭生活,2024,2024-06-08,day,个人相册,0.7264,2,建筑、木制品、人物,02_家庭生活/2024/2024-06-08_219CA941_IMG_9424.jpg,219CA941_IMG_9424.jpg
KU1845,家庭生活,2024,2024-06-08,day,个人相册,0.695,2,室内空间、interior_shop、人物,02_家庭生活/2024/2024-06-08_89633435_IMG_9430.jpg,89633435_IMG_9430.jpg
KU1787,家庭生活,2024,2024-06-08,day,个人相册,0.7,1,建筑、木制品、人物,02_家庭生活/2024/2024-06-08_BBF974FC_IMG_9423.jpg,_heic_jpg/BBF974FC_IMG_9423.jpg
KU2077,家庭生活,2024,2024-06-09,day,个人相册,0.6751,2,人物、孩子、大人,02_家庭生活/2024/2024-06-09_042BCD5F_IMG_9450.jpg,_heic_jpg/042BCD5F_IMG_9450.jpg
KU1606,家庭生活,2024,2024-06-09,day,个人相册,0.7158,1,人物、孩子、材质,02_家庭生活/2024/2024-06-09_089D683F_IMG_9445.jpg,089D683F_IMG_9445.jpg
KU1811,家庭生活,2024,2024-06-09,day,个人相册,0.6981,1,人物、孩子、建筑,02_家庭生活/2024/2024-06-09_0EB104B8_IMG_9435.jpg,_heic_jpg/0EB104B8_IMG_9435.jpg
KU1613,家庭生活,2024,2024-06-09,day,个人相册,0.7154,2,人物、孩子、建筑,02_家庭生活/2024/2024-06-09_28450C0D_IMG_9459.jpg,28450C0D_IMG_9459.jpg
KU1826,家庭生活,2024,2024-06-09,day,个人相册,0.6972,1,人物、孩子、建筑,02_家庭生活/2024/2024-06-09_4EBA26C6_IMG_9439.jpg,_heic_jpg/4EBA26C6_IMG_9439.jpg
KU1833,家庭生活,2024,2024-06-09,day,个人相册,0.6966,1,人物、孩子、食物,02_家庭生活/2024/2024-06-09_57428D23_IMG_9441.jpg,57428D23_IMG_9441.jpg
KU2329,家庭生活,2024,2024-06-09,day,个人相册,0.6355,2,人物、孩子、大人,02_家庭生活/2024/2024-06-09_688312D2_IMG_9458.jpg,_heic_jpg/688312D2_IMG_9458.jpg
KU1645,家庭生活,2024,2024-06-09,day,个人相册,0.7121,1,人物、孩子、材质,02_家庭生活/2024/2024-06-09_6EF554FA_IMG_9447.jpg,6EF554FA_IMG_9447.jpg
KU1682,家庭生活,2024,2024-06-09,day,个人相册,0.7091,1,人物、孩子、建筑,02_家庭生活/2024/2024-06-09_80260EF5_IMG_9440.jpg,_heic_jpg/80260EF5_IMG_9440.jpg
KU1765,家庭生活,2024,2024-06-09,day,个人相册,0.7021,1,人物、孩子、大人,02_家庭生活/2024/2024-06-09_865685F9_IMG_9448.jpg,_heic_jpg/865685F9_IMG_9448.jpg
KU1731,家庭生活,2024,2024-06-09,day,个人相册,0.7056,1,人物、孩子、材质,02_家庭生活/2024/2024-06-09_C00E2D62_IMG_9444.jpg,_heic_jpg/C00E2D62_IMG_9444.jpg
KU2242,家庭生活,2024,2024-06-09,day,个人相册,0.6506,2,人物、孩子、材质,02_家庭生活/2024/2024-06-09_CBFEE3AC_IMG_9457.jpg,CBFEE3AC_IMG_9457.jpg
KU1598,家庭生活,2024,2024-06-09,day,个人相册,0.7163,1,人物、孩子、建筑,02_家庭生活/2024/2024-06-09_E1C7C32C_IMG_9438.jpg,_heic_jpg/E1C7C32C_IMG_9438.jpg
KU2043,家庭生活,2024,2024-06-09,day,个人相册,0.6777,1,人物、孩子、大人,02_家庭生活/2024/2024-06-09_E84B08DD_IMG_9449.jpg,_heic_jpg/E84B08DD_IMG_9449.jpg
KU2045,家庭生活,2024,2024-06-09,day,个人相册,0.6775,1,人物、孩子、建筑,02_家庭生活/2024/2024-06-09_EA0B1F32_IMG_9437.jpg,_heic_jpg/EA0B1F32_IMG_9437.jpg
KU1798,家庭生活,2024,2024-06-09,day,个人相册,0.6988,1,人物、孩子、大人,02_家庭生活/2024/2024-06-09_F31CE236_IMG_9443.jpg,_heic_jpg/F31CE236_IMG_9443.jpg
KU1565,家庭生活,2024,2024-06-09,day,个人相册,0.7194,1,人物、孩子、材质,02_家庭生活/2024/2024-06-09_F367CF50_IMG_9442.jpg,F367CF50_IMG_9442.jpg
KU0816,家庭生活,2024,2024-07-07,day,个人相册,0.773,3,人物、大人、eyeglasses,02_家庭生活/2024/2024-07-07_0917573D_IMG_9641.jpg,0917573D_IMG_9641.jpg
KU0951,家庭生活,2024,2024-07-07,day,个人相册,0.7628,2,人物、eyeglasses、optical_equipment,02_家庭生活/2024/2024-07-07_106DBDE3_IMG_9638.jpg,106DBDE3_IMG_9638.jpg
KU1748,家庭生活,2024,2024-07-07,day,个人相册,0.7043,2,人物、大人、optical_equipment,02_家庭生活/2024/2024-07-07_2C91464E_IMG_9642.jpg,_heic_jpg/2C91464E_IMG_9642.jpg
KU0865,家庭生活,2024,2024-07-07,day,个人相册,0.7694,1,人物、孩子、大人,02_家庭生活/2024/2024-07-07_41040748_IMG_9645.jpg,_heic_jpg/41040748_IMG_9645.jpg
KU0854,家庭生活,2024,2024-07-07,day,个人相册,0.77,2,人物、大人、eyeglasses,02_家庭生活/2024/2024-07-07_5CB4A37B_IMG_9639.jpg,_heic_jpg/5CB4A37B_IMG_9639.jpg
KU2400,家庭生活,2024,2024-07-07,day,个人相册,0.622,4,人物、户外、天空,02_家庭生活/2024/2024-07-07_62F87FB5_IMG_9643.jpg,62F87FB5_IMG_9643.jpg
KU0782,家庭生活,2024,2024-07-07,day,个人相册,0.7771,2,人物、孩子、大人,02_家庭生活/2024/2024-07-07_79B437BA_IMG_9646.jpg,79B437BA_IMG_9646.jpg
KU0961,家庭生活,2024,2024-07-07,day,个人相册,0.7621,3,人物、optical_equipment、eyeglasses,02_家庭生活/2024/2024-07-07_9BA20C71_IMG_9648.jpg,_heic_jpg/9BA20C71_IMG_9648.jpg
KU1450,家庭生活,2024,2024-07-07,day,个人相册,0.7287,2,人物、大人、optical_equipment,02_家庭生活/2024/2024-07-07_A5BB896A_IMG_9644.jpg,_heic_jpg/A5BB896A_IMG_9644.jpg
KU2520,家庭生活,2024,2024-07-07,day,个人相册,0.5856,1,optical_equipment、eyeglasses、人物,02_家庭生活/2024/2024-07-07_AA0FD1D8_IMG_9647.jpg,_heic_jpg/AA0FD1D8_IMG_9647.jpg
KU1569,家庭生活,2024,2024-07-07,day,个人相册,0.719,3,人物、大人、eyeglasses,02_家庭生活/2024/2024-07-07_AAED976D_IMG_9640.jpg,AAED976D_IMG_9640.jpg
KU1693,家庭生活,2024,2024-07-07,day,个人相册,0.7082,1,人物、孩子、玩具,02_家庭生活/2024/2024-07-07_B520ACD5_IMG_9649.jpg,B520ACD5_IMG_9649.jpg
KU0543,家庭生活,2024,2024-07-07,day,个人相册,0.8109,3,人物、大人、eyeglasses,02_家庭生活/2024/2024-07-07_C42DDEF9_IMG_9637.jpg,C42DDEF9_IMG_9637.jpg
KU0758,家庭生活,2024,2024-07-09,day,个人相册,0.7794,1,人物、孩子、建筑,02_家庭生活/2024/2024-07-09_FB903016_IMG_9678.jpg,FB903016_IMG_9678.jpg
KU2380,家庭生活,2024,2024-07-10,day,个人相册,0.6275,1,人物、孩子、材质,02_家庭生活/2024/2024-07-10_6F1554F9_IMG_9693.jpg,6F1554F9_IMG_9693.jpg
KU2227,家庭生活,2024,2024-07-13,day,个人相册,0.6531,3,人物、孩子、玩具,02_家庭生活/2024/2024-07-13_02E2BEED_IMG_9741.jpg,02E2BEED_IMG_9741.jpg
KU0872,家庭生活,2024,2024-07-13,day,个人相册,0.7687,3,人物、孩子、玩具,02_家庭生活/2024/2024-07-13_0B46C7A3_IMG_9756.jpg,0B46C7A3_IMG_9756.jpg
KU2531,家庭生活,2024,2024-07-13,day,个人相册,0.5812,2,人物、孩子、建筑,02_家庭生活/2024/2024-07-13_2FFAEE5B_IMG_9720.jpg,2FFAEE5B_IMG_9720.jpg
KU1265,家庭生活,2024,2024-07-13,day,个人相册,0.7411,3,人物、孩子、大人,02_家庭生活/2024/2024-07-13_39FA233B_IMG_9761.jpg,_heic_jpg/39FA233B_IMG_9761.jpg
KU2044,家庭生活,2024,2024-07-13,day,个人相册,0.6776,2,建筑、木制品、人物,02_家庭生活/2024/2024-07-13_4A6B2149_IMG_9767.jpg,4A6B2149_IMG_9767.jpg
KU2401,家庭生活,2024,2024-07-13,day,个人相册,0.6215,2,人物、孩子、建筑,02_家庭生活/2024/2024-07-13_686BE181_IMG_9731.jpg,686BE181_IMG_9731.jpg
KU1607,家庭生活,2024,2024-07-13,day,个人相册,0.7158,2,人物、孩子、建筑,02_家庭生活/2024/2024-07-13_7B153092_IMG_9771.jpg,7B153092_IMG_9771.jpg
KU1850,家庭生活,2024,2024-07-13,day,个人相册,0.6945,2,建筑、木制品、人物,02_家庭生活/2024/2024-07-13_8FFAD42E_IMG_9766.jpg,8FFAD42E_IMG_9766.jpg
KU2494,家庭生活,2024,2024-07-13,day,个人相册,0.5959,2,人物、孩子、大人,02_家庭生活/2024/2024-07-13_932DE65D_IMG_9743.jpg,932DE65D_IMG_9743.jpg
KU2200,家庭生活,2024,2024-07-13,day,个人相册,0.6575,2,人物、孩子、玩具,02_家庭生活/2024/2024-07-13_9F72402F_IMG_9754.jpg,9F72402F_IMG_9754.jpg
KU1339,家庭生活,2024,2024-07-13,day,个人相册,0.7363,2,人物、孩子、建筑,02_家庭生活/2024/2024-07-13_A88CCC01_IMG_9768.jpg,A88CCC01_IMG_9768.jpg
KU2558,家庭生活,2024,2024-07-13,day,个人相册,0.5637,2,建筑、木制品、人物,02_家庭生活/2024/2024-07-13_C25271B3_IMG_9764.jpg,C25271B3_IMG_9764.jpg
KU2368,家庭生活,2024,2024-07-13,day,个人相册,0.6302,2,建筑、木制品、人物,02_家庭生活/2024/2024-07-13_CC20A431_IMG_9765.jpg,CC20A431_IMG_9765.jpg
KU1698,家庭生活,2024,2024-07-13,day,个人相册,0.7079,3,人物、孩子、大人,02_家庭生活/2024/2024-07-13_D148C170_IMG_9757.jpg,D148C170_IMG_9757.jpg
KU2344,家庭生活,2024,2024-07-13,day,个人相册,0.6336,2,人物、孩子、建筑,02_家庭生活/2024/2024-07-13_DAC5882F_IMG_9770.jpg,DAC5882F_IMG_9770.jpg
KU2406,家庭生活,2024,2024-07-13,day,个人相册,0.6202,4,人物、大人、孩子,02_家庭生活/2024/2024-07-13_E2A45910_IMG_9744.jpg,E2A45910_IMG_9744.jpg
KU2474,家庭生活,2024,2024-07-13,day,个人相册,0.6029,3,人物、孩子、建筑,02_家庭生活/2024/2024-07-13_EFA466D9_IMG_9725.jpg,EFA466D9_IMG_9725.jpg
KU1820,家庭生活,2024,2024-07-17,day,个人相册,0.6976,1,人物、孩子、户外,02_家庭生活/2024/2024-07-17_4DBAFF19_IMG_9805.jpg,4DBAFF19_IMG_9805.jpg
KU1140,家庭生活,2024,2024-07-17,day,个人相册,0.7497,1,人物、孩子、户外,02_家庭生活/2024/2024-07-17_A4D925C0_IMG_9803.jpg,A4D925C0_IMG_9803.jpg
KU1205,家庭生活,2024,2024-07-17,day,个人相册,0.7453,4,人物、孩子、大人,02_家庭生活/2024/2024-07-17_B421933F_IMG_9806.jpg,B421933F_IMG_9806.jpg
KU2343,家庭生活,2024,2024-07-17,day,个人相册,0.6337,2,人物、孩子、户外,02_家庭生活/2024/2024-07-17_BD4BE2BA_IMG_9807.jpg,BD4BE2BA_IMG_9807.jpg
KU1989,家庭生活,2024,2024-07-20,day,个人相册,0.6825,1,人物、孩子、户外,02_家庭生活/2024/2024-07-20_1C0A4F57_IMG_9851.jpg,1C0A4F57_IMG_9851.jpg
KU1312,家庭生活,2024,2024-07-20,day,个人相册,0.7379,3,户外、陆地、草地,02_家庭生活/2024/2024-07-20_2CCBC7A8_IMG_9842.jpg,2CCBC7A8_IMG_9842.jpg
KU1581,家庭生活,2024,2024-07-20,day,个人相册,0.7177,3,人物、孩子、户外,02_家庭生活/2024/2024-07-20_3949BE9D_IMG_9847.jpg,3949BE9D_IMG_9847.jpg
KU1874,家庭生活,2024,2024-07-20,day,个人相册,0.6924,1,人物、孩子、衣物,02_家庭生活/2024/2024-07-20_5DFC4C9B_IMG_9850.jpg,5DFC4C9B_IMG_9850.jpg
KU1740,家庭生活,2024,2024-07-20,day,个人相册,0.7051,3,人物、孩子、户外,02_家庭生活/2024/2024-07-20_640CE481_IMG_9846.jpg,640CE481_IMG_9846.jpg
KU1799,家庭生活,2024,2024-07-20,day,个人相册,0.6987,1,陆地、户外、草地,02_家庭生活/2024/2024-07-20_95462DCC_IMG_9837.jpg,95462DCC_IMG_9837.jpg
KU1702,家庭生活,2024,2024-07-20,day,个人相册,0.7077,3,户外、陆地、草地,02_家庭生活/2024/2024-07-20_B5FE9885_IMG_9845.jpg,B5FE9885_IMG_9845.jpg
KU0551,家庭生活,2024,2024-07-20,day,个人相册,0.8094,3,户外、陆地、草地,02_家庭生活/2024/2024-07-20_FA7B42E3_IMG_9843.jpg,FA7B42E3_IMG_9843.jpg
KU1571,家庭生活,2024,2024-07-21,day,个人相册,0.7188,1,人物、孩子、户外,02_家庭生活/2024/2024-07-21_0EF7C22A_IMG_9875.jpg,0EF7C22A_IMG_9875.jpg
KU1373,家庭生活,2024,2024-07-28,day,个人相册,0.7336,1,陆地、户外、草地,02_家庭生活/2024/2024-07-28_6070D15A_IMG_9918.jpg,6070D15A_IMG_9918.jpg
KU0759,家庭生活,2024,2024-07-28,day,个人相册,0.7794,4,人物、大人、孩子,02_家庭生活/2024/2024-07-28_B7183CE8_IMG_9923.jpg,B7183CE8_IMG_9923.jpg
KU1119,家庭生活,2024,2024-07-28,day,个人相册,0.7514,2,人物、孩子、大人,02_家庭生活/2024/2024-07-28_EA191513_IMG_9922.jpg,EA191513_IMG_9922.jpg
KU2518,家庭生活,2024,2024-08-03,day,个人相册,0.5869,1,人物、孩子、建筑,02_家庭生活/2024/2024-08-03_08A4E634_IMG_9974.jpg,08A4E634_IMG_9974.jpg
KU2573,家庭生活,2024,2024-08-03,day,个人相册,0.5547,2,人物、孩子、大人,02_家庭生活/2024/2024-08-03_0F6FEB2C_IMG_9986.jpg,_heic_jpg/0F6FEB2C_IMG_9986.jpg
KU2523,家庭生活,2024,2024-08-03,day,个人相册,0.5846,2,人物、孩子、建筑,02_家庭生活/2024/2024-08-03_21CC1DFA_IMG_0005.jpg,21CC1DFA_IMG_0005.jpg
KU2464,家庭生活,2024,2024-08-03,day,个人相册,0.6055,2,人物、孩子、eyeglasses,02_家庭生活/2024/2024-08-03_26C72885_IMG_9983.jpg,26C72885_IMG_9983.jpg
KU2163,家庭生活,2024,2024-08-03,day,个人相册,0.6648,3,人物、大人、孩子,02_家庭生活/2024/2024-08-03_429105DA_IMG_9996.jpg,_heic_jpg/429105DA_IMG_9996.jpg
KU2515,家庭生活,2024,2024-08-03,day,个人相册,0.5882,2,人物、孩子、eyeglasses,02_家庭生活/2024/2024-08-03_563BCF12_IMG_9982.jpg,563BCF12_IMG_9982.jpg
KU2504,家庭生活,2024,2024-08-03,day,个人相册,0.594,2,人物、孩子、大人,02_家庭生活/2024/2024-08-03_57D7FB86_IMG_9984.jpg,_heic_jpg/57D7FB86_IMG_9984.jpg
KU1564,家庭生活,2024,2024-08-03,day,个人相册,0.7196,3,人物、孩子、大人,02_家庭生活/2024/2024-08-03_5EA89F9C_IMG_9994.jpg,_heic_jpg/5EA89F9C_IMG_9994.jpg
KU2392,家庭生活,2024,2024-08-03,day,个人相册,0.6236,6,人物、大人、孩子,02_家庭生活/2024/2024-08-03_6B430C50_IMG_9969.jpg,_heic_jpg/6B430C50_IMG_9969.jpg
KU1336,家庭生活,2024,2024-08-03,day,个人相册,0.7365,2,人物、大人、孩子,02_家庭生活/2024/2024-08-03_79060C0B_IMG_0014.jpg,_heic_jpg/79060C0B_IMG_0014.jpg
KU2569,家庭生活,2024,2024-08-03,day,个人相册,0.5579,2,人物、孩子、大人,02_家庭生活/2024/2024-08-03_82C4476A_IMG_0007.jpg,_heic_jpg/82C4476A_IMG_0007.jpg
KU2468,家庭生活,2024,2024-08-03,day,个人相册,0.6043,1,户外、天空、蓝天,02_家庭生活/2024/2024-08-03_8EFA11F3_IMG_9949.jpg,8EFA11F3_IMG_9949.jpg
KU2413,家庭生活,2024,2024-08-03,day,个人相册,0.6194,2,人物、大人、孩子,02_家庭生活/2024/2024-08-03_90E4C5E4_IMG_0008.jpg,_heic_jpg/90E4C5E4_IMG_0008.jpg
KU1467,家庭生活,2024,2024-08-03,day,个人相册,0.7274,2,人物、孩子、大人,02_家庭生活/2024/2024-08-03_A8501A52_IMG_9951.jpg,A8501A52_IMG_9951.jpg
KU2294,家庭生活,2024,2024-08-03,day,个人相册,0.6416,2,人物、孩子、婴儿,02_家庭生活/2024/2024-08-03_C05C1D41_IMG_0013.jpg,_heic_jpg/C05C1D41_IMG_0013.jpg
KU2521,家庭生活,2024,2024-08-03,day,个人相册,0.5852,1,户外、天空、蓝天,02_家庭生活/2024/2024-08-03_E2CE385E_IMG_9948.jpg,E2CE385E_IMG_9948.jpg
KU1280,家庭生活,2024,2024-08-03,day,个人相册,0.7403,1,人物、孩子、衣物,02_家庭生活/2024/2024-08-03_F8B426C2_IMG_9956.jpg,F8B426C2_IMG_9956.jpg
KU2395,家庭生活,2024,2024-08-04,day,个人相册,0.6229,1,人物、户外、陆地,02_家庭生活/2024/2024-08-04_4FE16F7C_IMG_0060.jpg,_heic_jpg/4FE16F7C_IMG_0060.jpg
KU2489,家庭生活,2024,2024-08-04,day,个人相册,0.5987,1,人物、大人、户外,02_家庭生活/2024/2024-08-04_59EBD49D_IMG_0056.jpg,_heic_jpg/59EBD49D_IMG_0056.jpg
KU2264,家庭生活,2024,2024-08-04,day,个人相册,0.6472,3,草地、陆地、户外,02_家庭生活/2024/2024-08-04_5E175CFF_IMG_0052.jpg,5E175CFF_IMG_0052.jpg
KU2340,家庭生活,2024,2024-08-04,day,个人相册,0.6341,4,陆地、户外、草地,02_家庭生活/2024/2024-08-04_68E248AE_IMG_0069.jpg,_heic_jpg/68E248AE_IMG_0069.jpg
KU2411,家庭生活,2024,2024-08-04,day,个人相册,0.6194,2,人物、大人、艺术,02_家庭生活/2024/2024-08-04_74171D02_IMG_0066.jpg,_heic_jpg/74171D02_IMG_0066.jpg
KU2441,家庭生活,2024,2024-08-04,day,个人相册,0.6123,3,草地、陆地、户外,02_家庭生活/2024/2024-08-04_A06A375E_IMG_0051.jpg,A06A375E_IMG_0051.jpg
KU1651,家庭生活,2024,2024-08-10,day,个人相册,0.7114,3,人物、孩子、建筑,02_家庭生活/2024/2024-08-10_E2A25504_IMG_0094.jpg,E2A25504_IMG_0094.jpg
KU2422,家庭生活,2024,2024-10-06,day,个人相册,0.6181,1,人物、孩子、bedding,02_家庭生活/2024/2024-10-06_3B3169F7_IMG_0621.jpg,3B3169F7_IMG_0621.jpg
KU0860,家庭生活,2025,2025-01-05,day,个人相册,0.7697,1,衣物、外套、草地,02_家庭生活/2025/2025-01-05_00789822_IMG_1781.jpg,_heic_jpg/00789822_IMG_1781.jpg
KU0566,家庭生活,2025,2025-01-05,day,个人相册,0.806,4,衣物、外套、人物,02_家庭生活/2025/2025-01-05_0131F119_IMG_1722.jpg,0131F119_IMG_1722.jpg
KU1440,家庭生活,2025,2025-01-05,day,个人相册,0.7295,1,建筑、交通工具、台阶,02_家庭生活/2025/2025-01-05_04C366A9_IMG_1790.jpg,04C366A9_IMG_1790.jpg
KU1105,家庭生活,2025,2025-01-05,day,个人相册,0.7523,1,人物、孩子、户外,02_家庭生活/2025/2025-01-05_082ABA48_IMG_1774.jpg,_heic_jpg/082ABA48_IMG_1774.jpg
KU2473,家庭生活,2025,2025-01-05,day,个人相册,0.6034,1,建筑、交通工具、台阶,02_家庭生活/2025/2025-01-05_0D9FA663_IMG_1789.jpg,0D9FA663_IMG_1789.jpg
KU2122,家庭生活,2025,2025-01-05,day,个人相册,0.6697,2,人物、孩子、建筑,02_家庭生活/2025/2025-01-05_111APPLE_IMG_1812.jpg,_heic_jpg/111APPLE_IMG_1812.jpg
KU1716,家庭生活,2025,2025-01-05,day,个人相册,0.7063,1,建筑、交通工具、台阶,02_家庭生活/2025/2025-01-05_14827D22_IMG_1788.jpg,14827D22_IMG_1788.jpg
KU0668,家庭生活,2025,2025-01-05,day,个人相册,0.7897,2,人物、孩子、户外,02_家庭生活/2025/2025-01-05_19B33E69_IMG_1765.jpg,_heic_jpg/19B33E69_IMG_1765.jpg
KU1976,家庭生活,2025,2025-01-05,day,个人相册,0.684,4,衣物、外套、人物,02_家庭生活/2025/2025-01-05_1CCE0B01_IMG_1721.jpg,1CCE0B01_IMG_1721.jpg
KU0692,家庭生活,2025,2025-01-05,day,个人相册,0.7868,1,户外、陆地、草地,02_家庭生活/2025/2025-01-05_200081E5_IMG_1749.jpg,_heic_jpg/200081E5_IMG_1749.jpg
KU1686,家庭生活,2025,2025-01-05,day,个人相册,0.7088,2,建筑、交通工具、台阶,02_家庭生活/2025/2025-01-05_2B486221_IMG_1811.jpg,2B486221_IMG_1811.jpg
KU1608,家庭生活,2025,2025-01-05,day,个人相册,0.7158,1,户外、陆地、草地,02_家庭生活/2025/2025-01-05_2E829D71_IMG_1775.jpg,_heic_jpg/2E829D71_IMG_1775.jpg
KU1885,家庭生活,2025,2025-01-05,day,个人相册,0.6918,1,建筑、bench、家具,02_家庭生活/2025/2025-01-05_34C28AFE_IMG_1751.jpg,_heic_jpg/34C28AFE_IMG_1751.jpg
KU1444,家庭生活,2025,2025-01-05,day,个人相册,0.7292,1,人物、孩子、户外,02_家庭生活/2025/2025-01-05_37E183A9_IMG_1777.jpg,_heic_jpg/37E183A9_IMG_1777.jpg
KU1925,家庭生活,2025,2025-01-05,day,个人相册,0.6882,2,衣物、外套、建筑,02_家庭生活/2025/2025-01-05_3C386773_IMG_1784.jpg,3C386773_IMG_1784.jpg
KU1600,家庭生活,2025,2025-01-05,day,个人相册,0.7162,1,陆地、户外、草地,02_家庭生活/2025/2025-01-05_3DE52945_IMG_1761.jpg,_heic_jpg/3DE52945_IMG_1761.jpg
KU1991,家庭生活,2025,2025-01-05,day,个人相册,0.6822,1,人物、孩子、草地,02_家庭生活/2025/2025-01-05_47310BAC_IMG_1757.jpg,_heic_jpg/47310BAC_IMG_1757.jpg
KU2363,家庭生活,2025,2025-01-05,day,个人相册,0.6311,1,户外、陆地、草地,02_家庭生活/2025/2025-01-05_4ADF50F7_IMG_1755.jpg,_heic_jpg/4ADF50F7_IMG_1755.jpg
KU2293,家庭生活,2025,2025-01-05,day,个人相册,0.6417,1,衣物、人物、孩子,02_家庭生活/2025/2025-01-05_4D9585B2_IMG_1760.jpg,_heic_jpg/4D9585B2_IMG_1760.jpg
KU1248,家庭生活,2025,2025-01-05,day,个人相册,0.7423,5,衣物、外套、人物,02_家庭生活/2025/2025-01-05_51A755D3_IMG_1723.jpg,51A755D3_IMG_1723.jpg
KU0675,家庭生活,2025,2025-01-05,day,个人相册,0.7883,1,户外、陆地、草地,02_家庭生活/2025/2025-01-05_5A4C73A8_IMG_1776.jpg,_heic_jpg/5A4C73A8_IMG_1776.jpg
KU1739,家庭生活,2025,2025-01-05,day,个人相册,0.7051,1,陆地、户外、草地,02_家庭生活/2025/2025-01-05_5EC1AF3E_IMG_1754.jpg,_heic_jpg/5EC1AF3E_IMG_1754.jpg
KU1320,家庭生活,2025,2025-01-05,day,个人相册,0.7373,1,人物、孩子、衣物,02_家庭生活/2025/2025-01-05_60951707_IMG_1825.jpg,60951707_IMG_1825.jpg
KU2016,家庭生活,2025,2025-01-05,day,个人相册,0.6804,1,衣物、外套、人物,02_家庭生活/2025/2025-01-05_64B2FD14_IMG_1769.jpg,_heic_jpg/64B2FD14_IMG_1769.jpg
KU0652,家庭生活,2025,2025-01-05,day,个人相册,0.7925,1,衣物、外套、人物,02_家庭生活/2025/2025-01-05_6A52C9CA_IMG_1780.jpg,_heic_jpg/6A52C9CA_IMG_1780.jpg
KU1936,家庭生活,2025,2025-01-05,day,个人相册,0.687,3,人物、大人、衣物,02_家庭生活/2025/2025-01-05_6B0846B2_IMG_1814.jpg,6B0846B2_IMG_1814.jpg
KU2245,家庭生活,2025,2025-01-05,day,个人相册,0.6505,1,人物、孩子、衣物,02_家庭生活/2025/2025-01-05_6EE41A29_IMG_1826.jpg,6EE41A29_IMG_1826.jpg
KU1500,家庭生活,2025,2025-01-05,day,个人相册,0.7244,2,衣物、外套、人物,02_家庭生活/2025/2025-01-05_6FA71DFB_IMG_1822.jpg,_heic_jpg/6FA71DFB_IMG_1822.jpg
KU1123,家庭生活,2025,2025-01-05,day,个人相册,0.751,1,户外、陆地、草地,02_家庭生活/2025/2025-01-05_767A4B35_IMG_1748.jpg,_heic_jpg/767A4B35_IMG_1748.jpg
KU0525,家庭生活,2025,2025-01-05,day,个人相册,0.817,1,人物、孩子、衣物,02_家庭生活/2025/2025-01-05_7B799DE5_IMG_1823.jpg,7B799DE5_IMG_1823.jpg
KU1069,家庭生活,2025,2025-01-05,day,个人相册,0.7546,5,人物、衣物、外套,02_家庭生活/2025/2025-01-05_7B8BA846_IMG_1724.jpg,7B8BA846_IMG_1724.jpg
KU0935,家庭生活,2025,2025-01-05,day,个人相册,0.7639,2,户外、陆地、草地,02_家庭生活/2025/2025-01-05_943D7600_IMG_1772.jpg,_heic_jpg/943D7600_IMG_1772.jpg
KU1771,家庭生活,2025,2025-01-05,day,个人相册,0.7016,1,建筑、交通工具、台阶,02_家庭生活/2025/2025-01-05_98EDB917_IMG_1787.jpg,98EDB917_IMG_1787.jpg
KU2360,家庭生活,2025,2025-01-05,day,个人相册,0.6315,2,户外、草地、陆地,02_家庭生活/2025/2025-01-05_9EA52BC7_IMG_1759.jpg,_heic_jpg/9EA52BC7_IMG_1759.jpg
KU2417,家庭生活,2025,2025-01-05,day,个人相册,0.619,2,建筑、人物、交通工具,02_家庭生活/2025/2025-01-05_A7FE0C17_IMG_1810.jpg,A7FE0C17_IMG_1810.jpg
KU0787,家庭生活,2025,2025-01-05,day,个人相册,0.7762,1,衣物、外套、人物,02_家庭生活/2025/2025-01-05_A98222BC_IMG_1750.jpg,_heic_jpg/A98222BC_IMG_1750.jpg
KU2090,家庭生活,2025,2025-01-05,day,个人相册,0.6739,2,建筑、交通工具、台阶,02_家庭生活/2025/2025-01-05_B12F2ED2_IMG_1812.jpg,B12F2ED2_IMG_1812.jpg
KU1929,家庭生活,2025,2025-01-05,day,个人相册,0.6878,3,衣物、外套、人物,02_家庭生活/2025/2025-01-05_B993F659_IMG_1816.jpg,B993F659_IMG_1816.jpg
KU1148,家庭生活,2025,2025-01-05,day,个人相册,0.7489,2,人物、户外、陆地,02_家庭生活/2025/2025-01-05_C0C84F7B_IMG_1764.jpg,_heic_jpg/C0C84F7B_IMG_1764.jpg
KU1142,家庭生活,2025,2025-01-05,day,个人相册,0.7495,1,户外、陆地、草地,02_家庭生活/2025/2025-01-05_C7812AD8_IMG_1768.jpg,_heic_jpg/C7812AD8_IMG_1768.jpg
KU1264,家庭生活,2025,2025-01-05,day,个人相册,0.7412,1,衣物、外套、人物,02_家庭生活/2025/2025-01-05_CF66E586_IMG_1782.jpg,_heic_jpg/CF66E586_IMG_1782.jpg
KU1870,家庭生活,2025,2025-01-05,day,个人相册,0.693,2,衣物、外套、人物,02_家庭生活/2025/2025-01-05_D0B8A339_IMG_1819.jpg,_heic_jpg/D0B8A339_IMG_1819.jpg
KU1487,家庭生活,2025,2025-01-05,day,个人相册,0.7256,1,陆地、户外、草地,02_家庭生活/2025/2025-01-05_D47BE87A_IMG_1766.jpg,_heic_jpg/D47BE87A_IMG_1766.jpg
KU0849,家庭生活,2025,2025-01-05,day,个人相册,0.7703,4,衣物、外套、人物,02_家庭生活/2025/2025-01-05_D9AF89F0_IMG_1725.jpg,D9AF89F0_IMG_1725.jpg
KU2410,家庭生活,2025,2025-01-05,day,个人相册,0.6195,1,户外、草地、陆地,02_家庭生活/2025/2025-01-05_EEA28A86_IMG_1756.jpg,_heic_jpg/EEA28A86_IMG_1756.jpg
KU2051,家庭生活,2025,2025-01-05,day,个人相册,0.6774,1,草地、陆地、户外,02_家庭生活/2025/2025-01-05_F49BFE39_IMG_1758.jpg,_heic_jpg/F49BFE39_IMG_1758.jpg
KU1491,家庭生活,2025,2025-01-05,day,个人相册,0.7251,1,人物、孩子、衣物,02_家庭生活/2025/2025-01-05_FEA43F04_IMG_1824.jpg,FEA43F04_IMG_1824.jpg
KU0665,家庭生活,2025,2025-01-22,day,个人相册,0.7902,1,人物、孩子、建筑,02_家庭生活/2025/2025-01-22_0DF8C3AC_IMG_1987.jpg,0DF8C3AC_IMG_1987.jpg
KU2497,家庭生活,2025,2025-01-22,day,个人相册,0.5954,1,人物、孩子、玩具,02_家庭生活/2025/2025-01-22_1DBAD022_IMG_1989.jpg,1DBAD022_IMG_1989.jpg
KU0559,家庭生活,2025,2025-01-22,day,个人相册,0.807,1,人物、孩子、材质,02_家庭生活/2025/2025-01-22_8581DD5F_IMG_1985.jpg,8581DD5F_IMG_1985.jpg
KU1310,家庭生活,2025,2025-01-22,day,个人相册,0.7379,1,人物、孩子、材质,02_家庭生活/2025/2025-01-22_EB07C7DA_IMG_1986.jpg,EB07C7DA_IMG_1986.jpg
KU1276,家庭生活,2025,2025-01-25,day,个人相册,0.7405,2,人物、孩子、大人,02_家庭生活/2025/2025-01-25_01C99901_IMG_2050.jpg,_heic_jpg/01C99901_IMG_2050.jpg
KU1466,家庭生活,2025,2025-01-25,day,个人相册,0.7275,2,户外、陆地、草地,02_家庭生活/2025/2025-01-25_112APPLE_IMG_2066.jpg,_heic_jpg/112APPLE_IMG_2066.jpg
KU1378,家庭生活,2025,2025-01-25,day,个人相册,0.7334,2,人物、大人、孩子,02_家庭生活/2025/2025-01-25_13E6FCBD_IMG_2051.jpg,_heic_jpg/13E6FCBD_IMG_2051.jpg
KU1700,家庭生活,2025,2025-01-25,day,个人相册,0.7078,1,户外、人物、陆地,02_家庭生活/2025/2025-01-25_1737B5F8_IMG_2097.jpg,1737B5F8_IMG_2097.jpg
KU1153,家庭生活,2025,2025-01-25,day,个人相册,0.7484,2,植物、palm_tree、树,02_家庭生活/2025/2025-01-25_206964D4_IMG_2110.jpg,206964D4_IMG_2110.jpg
KU0883,家庭生活,2025,2025-01-25,day,个人相册,0.7676,3,户外、陆地、草地,02_家庭生活/2025/2025-01-25_211A5540_IMG_2082.jpg,211A5540_IMG_2082.jpg
KU0952,家庭生活,2025,2025-01-25,day,个人相册,0.7628,1,人物、孩子、餐具,02_家庭生活/2025/2025-01-25_2971036A_IMG_2121.jpg,2971036A_IMG_2121.jpg
KU1127,家庭生活,2025,2025-01-25,day,个人相册,0.7507,1,人物、孩子、户外,02_家庭生活/2025/2025-01-25_2CF47D69_IMG_2088.jpg,_heic_jpg/2CF47D69_IMG_2088.jpg
KU2250,家庭生活,2025,2025-01-25,day,个人相册,0.6499,2,人物、大人、孩子,02_家庭生活/2025/2025-01-25_37CFA5CF_IMG_2057.jpg,_heic_jpg/37CFA5CF_IMG_2057.jpg
KU1493,家庭生活,2025,2025-01-25,day,个人相册,0.7249,2,人物、大人、孩子,02_家庭生活/2025/2025-01-25_5065265F_IMG_2049.jpg,_heic_jpg/5065265F_IMG_2049.jpg
KU0995,家庭生活,2025,2025-01-25,day,个人相册,0.7601,2,人物、大人、eyeglasses,02_家庭生活/2025/2025-01-25_57A35ACC_IMG_2091.jpg,_heic_jpg/57A35ACC_IMG_2091.jpg
KU0669,家庭生活,2025,2025-01-25,day,个人相册,0.7895,1,人物、孩子、户外,02_家庭生活/2025/2025-01-25_5956F27F_IMG_2083.jpg,_heic_jpg/5956F27F_IMG_2083.jpg
KU1457,家庭生活,2025,2025-01-25,day,个人相册,0.7281,2,人物、户外、陆地,02_家庭生活/2025/2025-01-25_619ABC9B_IMG_2092.jpg,_heic_jpg/619ABC9B_IMG_2092.jpg
KU1692,家庭生活,2025,2025-01-25,day,个人相册,0.7083,1,人物、孩子、衣物,02_家庭生活/2025/2025-01-25_6710BBB8_IMG_2084.jpg,_heic_jpg/6710BBB8_IMG_2084.jpg
KU1482,家庭生活,2025,2025-01-25,day,个人相册,0.7261,1,户外、陆地、草地,02_家庭生活/2025/2025-01-25_75859DDD_IMG_2089.jpg,_heic_jpg/75859DDD_IMG_2089.jpg
KU1409,家庭生活,2025,2025-01-25,day,个人相册,0.7315,1,人物、孩子、餐具,02_家庭生活/2025/2025-01-25_7B48BC9D_IMG_2120.jpg,7B48BC9D_IMG_2120.jpg
KU1761,家庭生活,2025,2025-01-25,day,个人相册,0.7027,1,机械、stroller、车辆,02_家庭生活/2025/2025-01-25_86E6E669_IMG_2115.jpg,86E6E669_IMG_2115.jpg
KU2037,家庭生活,2025,2025-01-25,day,个人相册,0.6782,1,机械、stroller、车辆,02_家庭生活/2025/2025-01-25_88762C0B_IMG_2116.jpg,88762C0B_IMG_2116.jpg
KU1228,家庭生活,2025,2025-01-25,day,个人相册,0.744,1,人物、孩子、餐具,02_家庭生活/2025/2025-01-25_8DA7F8A4_IMG_2119.jpg,8DA7F8A4_IMG_2119.jpg
KU2427,家庭生活,2025,2025-01-25,day,个人相册,0.6171,1,户外、陆地、草地,02_家庭生活/2025/2025-01-25_8F0897E7_IMG_2074.jpg,_heic_jpg/8F0897E7_IMG_2074.jpg
KU1650,家庭生活,2025,2025-01-25,day,个人相册,0.7114,2,人物、孩子、大人,02_家庭生活/2025/2025-01-25_928BB5E6_IMG_2052.jpg,_heic_jpg/928BB5E6_IMG_2052.jpg
KU1453,家庭生活,2025,2025-01-25,day,个人相册,0.7285,1,人物、孩子、户外,02_家庭生活/2025/2025-01-25_96E4E1EA_IMG_2085.jpg,_heic_jpg/96E4E1EA_IMG_2085.jpg
KU0828,家庭生活,2025,2025-01-25,day,个人相册,0.7723,2,人物、大人、陆地,02_家庭生活/2025/2025-01-25_A57CCC01_IMG_2093.jpg,_heic_jpg/A57CCC01_IMG_2093.jpg
KU1506,家庭生活,2025,2025-01-25,day,个人相册,0.7238,2,户外、天空、蓝天,02_家庭生活/2025/2025-01-25_B303DC0F_IMG_2066.jpg,B303DC0F_IMG_2066.jpg
KU1366,家庭生活,2025,2025-01-25,day,个人相册,0.7345,2,户外、天空、蓝天,02_家庭生活/2025/2025-01-25_B310A91F_IMG_2075.jpg,B310A91F_IMG_2075.jpg
KU1533,家庭生活,2025,2025-01-25,day,个人相册,0.7219,1,人物、孩子、衣物,02_家庭生活/2025/2025-01-25_BCE81F74_IMG_2055.jpg,_heic_jpg/BCE81F74_IMG_2055.jpg
KU0851,家庭生活,2025,2025-01-25,day,个人相册,0.7702,1,人物、孩子、衣物,02_家庭生活/2025/2025-01-25_D00BB578_IMG_2107.jpg,D00BB578_IMG_2107.jpg
KU1277,家庭生活,2025,2025-01-25,day,个人相册,0.7405,3,人物、植物、palm_tree,02_家庭生活/2025/2025-01-25_D500AA7E_IMG_2108.jpg,D500AA7E_IMG_2108.jpg
KU2452,家庭生活,2025,2025-01-25,day,个人相册,0.6098,2,人物、大人、衣物,02_家庭生活/2025/2025-01-25_D8ACC831_IMG_2059.jpg,_heic_jpg/D8ACC831_IMG_2059.jpg
KU1861,家庭生活,2025,2025-01-25,day,个人相册,0.6936,1,人物、孩子、户外,02_家庭生活/2025/2025-01-25_E22EAE16_IMG_2073.jpg,_heic_jpg/E22EAE16_IMG_2073.jpg
KU1863,家庭生活,2025,2025-01-25,day,个人相册,0.6934,1,户外、陆地、草地,02_家庭生活/2025/2025-01-25_E44322DB_IMG_2071.jpg,E44322DB_IMG_2071.jpg
KU2197,家庭生活,2025,2025-01-25,day,个人相册,0.6587,2,户外、蓝天、天空,02_家庭生活/2025/2025-01-25_F1F7228D_IMG_2068.jpg,_heic_jpg/F1F7228D_IMG_2068.jpg
KU1200,家庭生活,2025,2025-01-25,day,个人相册,0.7457,2,人物、陆地、户外,02_家庭生活/2025/2025-01-25_F922C5B9_IMG_2094.jpg,_heic_jpg/F922C5B9_IMG_2094.jpg
KU1670,家庭生活,2025,2025-01-25,day,个人相册,0.7099,2,人物、大人、孩子,02_家庭生活/2025/2025-01-25_FA35A114_IMG_2054.jpg,_heic_jpg/FA35A114_IMG_2054.jpg
KU2326,家庭生活,2025,2025-01-25,day,个人相册,0.6357,2,人物、孩子、婴儿,02_家庭生活/2025/2025-01-25_FAC76E64_IMG_2053.jpg,_heic_jpg/FAC76E64_IMG_2053.jpg
KU0733,家庭生活,2025,2025-01-25,day,个人相册,0.7814,1,机械、车辆、bicycle,02_家庭生活/2025/2025-01-25_FD767003_IMG_2079.jpg,FD767003_IMG_2079.jpg
KU1309,家庭生活,2025,2025-01-28,day,个人相册,0.738,1,户外、蓝天、天空,02_家庭生活/2025/2025-01-28_121EBD4C_IMG_2142.jpg,_heic_jpg/121EBD4C_IMG_2142.jpg
KU2059,家庭生活,2025,2025-01-28,day,个人相册,0.6768,1,户外、蓝天、天空,02_家庭生活/2025/2025-01-28_9241B1E6_IMG_2141.jpg,_heic_jpg/9241B1E6_IMG_2141.jpg
KU1817,家庭生活,2025,2025-01-28,day,个人相册,0.6979,1,人物、孩子、蓝天,02_家庭生活/2025/2025-01-28_D99647F9_IMG_2138.jpg,_heic_jpg/D99647F9_IMG_2138.jpg
KU2278,家庭生活,2025,2025-01-28,day,个人相册,0.6441,1,户外、蓝天、天空,02_家庭生活/2025/2025-01-28_F74B36FF_IMG_2139.jpg,_heic_jpg/F74B36FF_IMG_2139.jpg
KU2248,家庭生活,2025,2025-01-29,day,个人相册,0.6501,2,户外、天空、蓝天,02_家庭生活/2025/2025-01-29_1BDC725F_IMG_2152.jpg,_heic_jpg/1BDC725F_IMG_2152.jpg
KU2442,家庭生活,2025,2025-01-29,day,个人相册,0.6117,2,户外、天空、蓝天,02_家庭生活/2025/2025-01-29_1E2DAF83_IMG_2167.jpg,_heic_jpg/1E2DAF83_IMG_2167.jpg
KU2034,家庭生活,2025,2025-01-29,day,个人相册,0.6784,2,户外、天空、蓝天,02_家庭生活/2025/2025-01-29_32CA6988_IMG_2159.jpg,32CA6988_IMG_2159.jpg
KU1805,家庭生活,2025,2025-01-29,day,个人相册,0.6984,2,户外、天空、蓝天,02_家庭生活/2025/2025-01-29_61859D9C_IMG_2160.jpg,61859D9C_IMG_2160.jpg
KU1904,家庭生活,2025,2025-01-29,day,个人相册,0.6898,2,户外、天空、蓝天,02_家庭生活/2025/2025-01-29_733BCC6F_IMG_2150.jpg,733BCC6F_IMG_2150.jpg
KU0962,家庭生活,2025,2025-01-29,day,个人相册,0.7621,2,户外、天空、多云,02_家庭生活/2025/2025-01-29_7B9BA1A2_IMG_2145.jpg,7B9BA1A2_IMG_2145.jpg
KU2257,家庭生活,2025,2025-01-29,day,个人相册,0.6486,2,户外、天空、蓝天,02_家庭生活/2025/2025-01-29_85896956_IMG_2162.jpg,_heic_jpg/85896956_IMG_2162.jpg
KU1208,家庭生活,2025,2025-01-29,day,个人相册,0.7452,2,户外、天空、多云,02_家庭生活/2025/2025-01-29_8A7B2DDF_IMG_2146.jpg,8A7B2DDF_IMG_2146.jpg
KU2298,家庭生活,2025,2025-01-29,day,个人相册,0.641,1,户外、天空、人物,02_家庭生活/2025/2025-01-29_8AAEE522_IMG_2153.jpg,_heic_jpg/8AAEE522_IMG_2153.jpg
KU2007,家庭生活,2025,2025-01-29,day,个人相册,0.6811,2,户外、天空、蓝天,02_家庭生活/2025/2025-01-29_8AC423B8_IMG_2163.jpg,_heic_jpg/8AC423B8_IMG_2163.jpg
KU2131,家庭生活,2025,2025-01-29,day,个人相册,0.6688,1,户外、天空、蓝天,02_家庭生活/2025/2025-01-29_8B25EA4D_IMG_2157.jpg,_heic_jpg/8B25EA4D_IMG_2157.jpg
KU1030,家庭生活,2025,2025-01-29,day,个人相册,0.7575,2,户外、天空、多云,02_家庭生活/2025/2025-01-29_943347CF_IMG_2144.jpg,943347CF_IMG_2144.jpg
KU2260,家庭生活,2025,2025-01-29,day,个人相册,0.6481,2,户外、天空、蓝天,02_家庭生活/2025/2025-01-29_9ED27C09_IMG_2151.jpg,_heic_jpg/9ED27C09_IMG_2151.jpg
KU2233,家庭生活,2025,2025-01-29,day,个人相册,0.6521,1,户外、天空、蓝天,02_家庭生活/2025/2025-01-29_C7E5AEB0_IMG_2156.jpg,_heic_jpg/C7E5AEB0_IMG_2156.jpg
KU1922,家庭生活,2025,2025-01-29,day,个人相册,0.6886,1,户外、天空、蓝天,02_家庭生活/2025/2025-01-29_D33D0148_IMG_2155.jpg,_heic_jpg/D33D0148_IMG_2155.jpg
KU2430,家庭生活,2025,2025-01-29,day,个人相册,0.6154,2,户外、天空、蓝天,02_家庭生活/2025/2025-01-29_D448F39D_IMG_2161.jpg,_heic_jpg/D448F39D_IMG_2161.jpg
KU2096,家庭生活,2025,2025-01-29,day,个人相册,0.6731,2,户外、天空、多云,02_家庭生活/2025/2025-01-29_ED00D545_IMG_2147.jpg,_heic_jpg/ED00D545_IMG_2147.jpg
KU2159,家庭生活,2025,2025-01-29,day,个人相册,0.6653,2,户外、天空、多云,02_家庭生活/2025/2025-01-29_F0E43F6F_IMG_2148.jpg,_heic_jpg/F0E43F6F_IMG_2148.jpg
KU1370,家庭生活,2025,2025-01-30,day,个人相册,0.734,2,户外、天空、蓝天,02_家庭生活/2025/2025-01-30_084ED8C5_IMG_2197.jpg,084ED8C5_IMG_2197.jpg
KU1712,家庭生活,2025,2025-01-30,day,个人相册,0.7067,3,户外、天空、蓝天,02_家庭生活/2025/2025-01-30_09FF314A_IMG_2204.jpg,09FF314A_IMG_2204.jpg
KU1949,家庭生活,2025,2025-01-30,day,个人相册,0.6861,1,人物、孩子、户外,02_家庭生活/2025/2025-01-30_0BF77124_IMG_2239.jpg,0BF77124_IMG_2239.jpg
KU2562,家庭生活,2025,2025-01-30,day,个人相册,0.5619,2,户外、天空、蓝天,02_家庭生活/2025/2025-01-30_1C329CAA_IMG_2219.jpg,1C329CAA_IMG_2219.jpg
KU1662,家庭生活,2025,2025-01-30,day,个人相册,0.7105,2,人物、孩子、大人,02_家庭生活/2025/2025-01-30_2CC5970C_IMG_2205.jpg,2CC5970C_IMG_2205.jpg
KU1568,家庭生活,2025,2025-01-30,day,个人相册,0.7192,3,户外、天空、蓝天,02_家庭生活/2025/2025-01-30_48FB877C_IMG_2199.jpg,48FB877C_IMG_2199.jpg
KU1619,家庭生活,2025,2025-01-30,day,个人相册,0.7147,2,户外、天空、人物,02_家庭生活/2025/2025-01-30_59FCDEF3_IMG_2192.jpg,59FCDEF3_IMG_2192.jpg
KU1763,家庭生活,2025,2025-01-30,day,个人相册,0.7024,3,人物、孩子、大人,02_家庭生活/2025/2025-01-30_7DC38ADC_IMG_2225.jpg,_heic_jpg/7DC38ADC_IMG_2225.jpg
KU1764,家庭生活,2025,2025-01-30,day,个人相册,0.7021,2,人物、孩子、户外,02_家庭生活/2025/2025-01-30_82FF369E_IMG_2229.jpg,_heic_jpg/82FF369E_IMG_2229.jpg
KU2209,家庭生活,2025,2025-01-30,day,个人相册,0.6556,2,户外、天空、多云,02_家庭生活/2025/2025-01-30_8B366C4B_IMG_2191.jpg,8B366C4B_IMG_2191.jpg
KU1330,家庭生活,2025,2025-01-30,day,个人相册,0.7367,3,户外、天空、蓝天,02_家庭生活/2025/2025-01-30_8D1FC3E8_IMG_2202.jpg,8D1FC3E8_IMG_2202.jpg
KU2008,家庭生活,2025,2025-01-30,day,个人相册,0.681,3,户外、天空、蓝天,02_家庭生活/2025/2025-01-30_8F4A2C08_IMG_2227.jpg,_heic_jpg/8F4A2C08_IMG_2227.jpg
KU1137,家庭生活,2025,2025-01-30,day,个人相册,0.7499,1,户外、天空、蓝天,02_家庭生活/2025/2025-01-30_B3C5E33A_IMG_2186.jpg,_heic_jpg/B3C5E33A_IMG_2186.jpg
KU1348,家庭生活,2025,2025-01-30,day,个人相册,0.7355,2,户外、天空、多云,02_家庭生活/2025/2025-01-30_B538F07B_IMG_2198.jpg,B538F07B_IMG_2198.jpg
KU1668,家庭生活,2025,2025-01-30,day,个人相册,0.7101,3,户外、天空、蓝天,02_家庭生活/2025/2025-01-30_B7973880_IMG_2201.jpg,B7973880_IMG_2201.jpg
KU2185,家庭生活,2025,2025-01-30,day,个人相册,0.6612,2,户外、天空、多云,02_家庭生活/2025/2025-01-30_BA868452_IMG_2193.jpg,BA868452_IMG_2193.jpg
KU1687,家庭生活,2025,2025-01-30,day,个人相册,0.7086,3,户外、天空、蓝天,02_家庭生活/2025/2025-01-30_C1FE6A39_IMG_2203.jpg,C1FE6A39_IMG_2203.jpg
KU2533,家庭生活,2025,2025-01-30,day,个人相册,0.5807,2,户外、天空、多云,02_家庭生活/2025/2025-01-30_C5BE8918_IMG_2194.jpg,C5BE8918_IMG_2194.jpg
KU2450,家庭生活,2025,2025-01-30,day,个人相册,0.6102,1,户外、天空、蓝天,02_家庭生活/2025/2025-01-30_CABEFC30_IMG_2187.jpg,_heic_jpg/CABEFC30_IMG_2187.jpg
KU2031,家庭生活,2025,2025-01-30,day,个人相册,0.6788,1,户外、天空、蓝天,02_家庭生活/2025/2025-01-30_D63570CE_IMG_2218.jpg,D63570CE_IMG_2218.jpg
KU2289,家庭生活,2025,2025-01-30,day,个人相册,0.6419,1,人物、孩子、衣物,02_家庭生活/2025/2025-01-30_EBF22371_IMG_2240.jpg,EBF22371_IMG_2240.jpg
KU0825,家庭生活,2025,2025-01-31,day,个人相册,0.7724,1,人物、孩子、材质,02_家庭生活/2025/2025-01-31_434A92E7_IMG_2245.jpg,434A92E7_IMG_2245.jpg
KU0842,家庭生活,2025,2025-01-31,day,个人相册,0.7709,1,人物、孩子、材质,02_家庭生活/2025/2025-01-31_47E96CDC_IMG_2243.jpg,47E96CDC_IMG_2243.jpg
KU1029,家庭生活,2025,2025-01-31,day,个人相册,0.7576,1,人物、孩子、材质,02_家庭生活/2025/2025-01-31_8B06C218_IMG_2244.jpg,8B06C218_IMG_2244.jpg
KU1326,家庭生活,2025,2025-01-31,day,个人相册,0.7369,2,人物、大人、孩子,02_家庭生活/2025/2025-01-31_B7E65618_IMG_2246.jpg,B7E65618_IMG_2246.jpg
KU2318,家庭生活,2025,2025-01-31,day,个人相册,0.6381,1,人物、孩子、大人,02_家庭生活/2025/2025-01-31_BBF5F706_IMG_2255.jpg,_heic_jpg/BBF5F706_IMG_2255.jpg
KU2479,家庭生活,2025,2025-02-01,day,个人相册,0.6007,4,人物、大人、孩子,02_家庭生活/2025/2025-02-01_0B537E43_IMG_2291.jpg,0B537E43_IMG_2291.jpg
KU1254,家庭生活,2025,2025-02-01,day,个人相册,0.7416,1,陆地、户外、草地,02_家庭生活/2025/2025-02-01_134A1C88_IMG_2310.jpg,134A1C88_IMG_2310.jpg
KU2201,家庭生活,2025,2025-02-01,day,个人相册,0.6575,3,人物、大人、衣物,02_家庭生活/2025/2025-02-01_1BCD0CDB_IMG_2300.jpg,1BCD0CDB_IMG_2300.jpg
KU1092,家庭生活,2025,2025-02-01,day,个人相册,0.7533,4,人物、大人、孩子,02_家庭生活/2025/2025-02-01_1CFFE2DD_IMG_2341.jpg,1CFFE2DD_IMG_2341.jpg
KU1483,家庭生活,2025,2025-02-01,day,个人相册,0.7259,2,人物、大人、机械,02_家庭生活/2025/2025-02-01_1F96CCCE_IMG_2279.jpg,_heic_jpg/1F96CCCE_IMG_2279.jpg
KU1915,家庭生活,2025,2025-02-01,day,个人相册,0.689,1,陆地、户外、草地,02_家庭生活/2025/2025-02-01_2233C3D0_IMG_2313.jpg,2233C3D0_IMG_2313.jpg
KU1246,家庭生活,2025,2025-02-01,day,个人相册,0.7423,1,户外、陆地、草地,02_家庭生活/2025/2025-02-01_2433B9E9_IMG_2325.jpg,2433B9E9_IMG_2325.jpg
KU0798,家庭生活,2025,2025-02-01,day,个人相册,0.7748,1,植物、灌木、陆地,02_家庭生活/2025/2025-02-01_2C03F69D_IMG_2328.jpg,_heic_jpg/2C03F69D_IMG_2328.jpg
KU2425,家庭生活,2025,2025-02-01,day,个人相册,0.6178,2,陆地、户外、草地,02_家庭生活/2025/2025-02-01_2C046165_IMG_2319.jpg,2C046165_IMG_2319.jpg
KU1213,家庭生活,2025,2025-02-01,day,个人相册,0.7448,3,人物、大人、衣物,02_家庭生活/2025/2025-02-01_2FE82D14_IMG_2302.jpg,2FE82D14_IMG_2302.jpg
KU1837,家庭生活,2025,2025-02-01,day,个人相册,0.6962,1,陆地、户外、草地,02_家庭生活/2025/2025-02-01_324B4767_IMG_2315.jpg,324B4767_IMG_2315.jpg
KU1809,家庭生活,2025,2025-02-01,day,个人相册,0.6981,2,人物、孩子、机械,02_家庭生活/2025/2025-02-01_4D4E1001_IMG_2280.jpg,4D4E1001_IMG_2280.jpg
KU2461,家庭生活,2025,2025-02-01,day,个人相册,0.6062,1,陆地、户外、草地,02_家庭生活/2025/2025-02-01_4FC60EA6_IMG_2321.jpg,4FC60EA6_IMG_2321.jpg
KU1406,家庭生活,2025,2025-02-01,day,个人相册,0.7318,3,建筑、人物、大人,02_家庭生活/2025/2025-02-01_5BE3C77E_IMG_2293.jpg,5BE3C77E_IMG_2293.jpg
KU1143,家庭生活,2025,2025-02-01,day,个人相册,0.7495,1,户外、陆地、草地,02_家庭生活/2025/2025-02-01_5C02BCE3_IMG_2308.jpg,5C02BCE3_IMG_2308.jpg
KU1080,家庭生活,2025,2025-02-01,day,个人相册,0.7539,1,户外、陆地、草地,02_家庭生活/2025/2025-02-01_6F4B07CC_IMG_2324.jpg,6F4B07CC_IMG_2324.jpg
KU0796,家庭生活,2025,2025-02-01,day,个人相册,0.775,3,建筑、人物、大人,02_家庭生活/2025/2025-02-01_757A82C0_IMG_2292.jpg,757A82C0_IMG_2292.jpg
KU2524,家庭生活,2025,2025-02-01,day,个人相册,0.5843,1,陆地、户外、草地,02_家庭生活/2025/2025-02-01_7FA33232_IMG_2322.jpg,7FA33232_IMG_2322.jpg
KU1020,家庭生活,2025,2025-02-01,day,个人相册,0.7581,1,陆地、户外、草地,02_家庭生活/2025/2025-02-01_8EA2C18F_IMG_2317.jpg,8EA2C18F_IMG_2317.jpg
KU1485,家庭生活,2025,2025-02-01,day,个人相册,0.7256,4,人物、孩子、大人,02_家庭生活/2025/2025-02-01_90C89CE4_IMG_2289.jpg,90C89CE4_IMG_2289.jpg
KU1058,家庭生活,2025,2025-02-01,day,个人相册,0.7554,3,人物、大人、衣物,02_家庭生活/2025/2025-02-01_9B0C0966_IMG_2290.jpg,9B0C0966_IMG_2290.jpg
KU1083,家庭生活,2025,2025-02-01,day,个人相册,0.7538,3,人物、衣物、外套,02_家庭生活/2025/2025-02-01_A3B748E7_IMG_2303.jpg,A3B748E7_IMG_2303.jpg
KU1362,家庭生活,2025,2025-02-01,day,个人相册,0.7348,4,人物、大人、衣物,02_家庭生活/2025/2025-02-01_A4500E5E_IMG_2298.jpg,A4500E5E_IMG_2298.jpg
KU1927,家庭生活,2025,2025-02-01,day,个人相册,0.688,1,陆地、户外、草地,02_家庭生活/2025/2025-02-01_AD5A5997_IMG_2309.jpg,AD5A5997_IMG_2309.jpg
KU1051,家庭生活,2025,2025-02-01,day,个人相册,0.7558,1,户外、陆地、草地,02_家庭生活/2025/2025-02-01_B39BDE45_IMG_2311.jpg,B39BDE45_IMG_2311.jpg
KU0716,家庭生活,2025,2025-02-01,day,个人相册,0.7846,3,人物、大人、建筑,02_家庭生活/2025/2025-02-01_B9A36062_IMG_2294.jpg,B9A36062_IMG_2294.jpg
KU1725,家庭生活,2025,2025-02-01,day,个人相册,0.706,3,人物、大人、建筑,02_家庭生活/2025/2025-02-01_BAC0A7E3_IMG_2288.jpg,BAC0A7E3_IMG_2288.jpg
KU1211,家庭生活,2025,2025-02-01,day,个人相册,0.745,1,陆地、户外、草地,02_家庭生活/2025/2025-02-01_C136F15F_IMG_2326.jpg,_heic_jpg/C136F15F_IMG_2326.jpg
KU2189,家庭生活,2025,2025-02-01,day,个人相册,0.6603,1,户外、陆地、草地,02_家庭生活/2025/2025-02-01_C52E66B3_IMG_2320.jpg,C52E66B3_IMG_2320.jpg
KU2005,家庭生活,2025,2025-02-01,day,个人相册,0.6811,2,陆地、户外、草地,02_家庭生活/2025/2025-02-01_CD5D1595_IMG_2318.jpg,CD5D1595_IMG_2318.jpg
KU1587,家庭生活,2025,2025-02-01,day,个人相册,0.7173,1,陆地、户外、草地,02_家庭生活/2025/2025-02-01_D0CE4E30_IMG_2314.jpg,D0CE4E30_IMG_2314.jpg
KU0617,家庭生活,2025,2025-02-01,day,个人相册,0.7969,4,人物、孩子、大人,02_家庭生活/2025/2025-02-01_D0DAD84C_IMG_2285.jpg,D0DAD84C_IMG_2285.jpg
KU0684,家庭生活,2025,2025-02-01,day,个人相册,0.7874,3,人物、大人、衣物,02_家庭生活/2025/2025-02-01_D10F8EDA_IMG_2304.jpg,D10F8EDA_IMG_2304.jpg
KU1556,家庭生活,2025,2025-02-01,day,个人相册,0.7201,1,户外、陆地、草地,02_家庭生活/2025/2025-02-01_DC24EEA9_IMG_2312.jpg,DC24EEA9_IMG_2312.jpg
KU0769,家庭生活,2025,2025-02-01,day,个人相册,0.7784,1,陆地、户外、草地,02_家庭生活/2025/2025-02-01_E3DBE8BF_IMG_2327.jpg,_heic_jpg/E3DBE8BF_IMG_2327.jpg
KU1752,家庭生活,2025,2025-02-01,day,个人相册,0.7032,3,人物、衣物、大人,02_家庭生活/2025/2025-02-01_FC9A7A75_IMG_2301.jpg,FC9A7A75_IMG_2301.jpg
KU1344,家庭生活,2025,2025-02-02,day,个人相册,0.7356,2,人物、孩子、衣物,02_家庭生活/2025/2025-02-02_119B57F8_IMG_2390.jpg,_heic_jpg/119B57F8_IMG_2390.jpg
KU0936,家庭生活,2025,2025-02-02,day,个人相册,0.7639,4,人物、孩子、大人,02_家庭生活/2025/2025-02-02_1862FAD1_IMG_2395.jpg,_heic_jpg/1862FAD1_IMG_2395.jpg
KU1087,家庭生活,2025,2025-02-02,day,个人相册,0.7535,2,人物、孩子、大人,02_家庭生活/2025/2025-02-02_1FAEAC35_IMG_2351.jpg,1FAEAC35_IMG_2351.jpg
KU1891,家庭生活,2025,2025-02-02,day,个人相册,0.6912,2,人物、孩子、大人,02_家庭生活/2025/2025-02-02_205B0635_IMG_2353.jpg,_heic_jpg/205B0635_IMG_2353.jpg
KU1263,家庭生活,2025,2025-02-02,day,个人相册,0.7412,2,人物、孩子、衣物,02_家庭生活/2025/2025-02-02_3232B5AE_IMG_2398.jpg,_heic_jpg/3232B5AE_IMG_2398.jpg
KU0914,家庭生活,2025,2025-02-02,day,个人相册,0.7655,1,人物、孩子、艺术,02_家庭生活/2025/2025-02-02_4E24D184_IMG_2396.jpg,_heic_jpg/4E24D184_IMG_2396.jpg
KU1187,家庭生活,2025,2025-02-02,day,个人相册,0.7463,1,人物、孩子、建筑,02_家庭生活/2025/2025-02-02_5786E770_IMG_2386.jpg,_heic_jpg/5786E770_IMG_2386.jpg
KU1239,家庭生活,2025,2025-02-02,day,个人相册,0.7429,2,人物、孩子、建筑,02_家庭生活/2025/2025-02-02_88F883CD_IMG_2356.jpg,_heic_jpg/88F883CD_IMG_2356.jpg
KU0989,家庭生活,2025,2025-02-02,day,个人相册,0.7604,2,人物、孩子、建筑,02_家庭生活/2025/2025-02-02_A51ED33E_IMG_2354.jpg,_heic_jpg/A51ED33E_IMG_2354.jpg
KU1710,家庭生活,2025,2025-02-02,day,个人相册,0.7067,2,人物、孩子、建筑,02_家庭生活/2025/2025-02-02_D8105B8C_IMG_2387.jpg,_heic_jpg/D8105B8C_IMG_2387.jpg
KU1462,家庭生活,2025,2025-02-03,day,个人相册,0.7276,1,人物、孩子、衣物,02_家庭生活/2025/2025-02-03_820852F7_IMG_2404.jpg,820852F7_IMG_2404.jpg
KU1065,家庭生活,2025,2025-02-03,day,个人相册,0.7549,2,人物、孩子、衣物,02_家庭生活/2025/2025-02-03_F5BC5F02_IMG_2403.jpg,F5BC5F02_IMG_2403.jpg
KU1549,家庭生活,2025,2025-02-04,day,个人相册,0.7206,2,陆地、户外、草地,02_家庭生活/2025/2025-02-04_112APPLE_IMG_2414.jpg,_heic_jpg/112APPLE_IMG_2414.jpg
KU1381,家庭生活,2025,2025-02-04,day,个人相册,0.7332,2,陆地、户外、草地,02_家庭生活/2025/2025-02-04_3EB6A0E8_IMG_2413.jpg,3EB6A0E8_IMG_2413.jpg
KU1797,家庭生活,2025,2025-02-04,day,个人相册,0.6988,2,人物、大人、衣物,02_家庭生活/2025/2025-02-04_4B7A9002_IMG_2410.jpg,_heic_jpg/4B7A9002_IMG_2410.jpg
KU1895,家庭生活,2025,2025-02-04,day,个人相册,0.6907,2,人物、大人、婴儿,02_家庭生活/2025/2025-02-04_644362D4_IMG_2411.jpg,_heic_jpg/644362D4_IMG_2411.jpg
KU2256,家庭生活,2025,2025-02-04,day,个人相册,0.6487,4,人物、大人、户外,02_家庭生活/2025/2025-02-04_74B20451_IMG_2430.jpg,74B20451_IMG_2430.jpg
KU1154,家庭生活,2025,2025-02-04,day,个人相册,0.7484,1,建筑、人物、孩子,02_家庭生活/2025/2025-02-04_7A53D7C1_IMG_2426.jpg,7A53D7C1_IMG_2426.jpg
KU1382,家庭生活,2025,2025-02-04,day,个人相册,0.7332,1,建筑、衣物、外套,02_家庭生活/2025/2025-02-04_8E2CD1BF_IMG_2425.jpg,8E2CD1BF_IMG_2425.jpg
KU2460,家庭生活,2025,2025-02-04,day,个人相册,0.6064,1,建筑、木制品、围栏,02_家庭生活/2025/2025-02-04_9BAF0999_IMG_2424.jpg,9BAF0999_IMG_2424.jpg
KU2014,家庭生活,2025,2025-02-04,day,个人相册,0.6807,2,人物、孩子、大人,02_家庭生活/2025/2025-02-04_BAAE144A_IMG_2409.jpg,_heic_jpg/BAAE144A_IMG_2409.jpg
KU1762,家庭生活,2025,2025-02-04,day,个人相册,0.7025,2,户外、陆地、草地,02_家庭生活/2025/2025-02-04_F00834DB_IMG_2415.jpg,F00834DB_IMG_2415.jpg
KU0953,家庭生活,2025,2025-02-06,day,个人相册,0.7628,5,人物、孩子、建筑,02_家庭生活/2025/2025-02-06_569C2FF0_IMG_2434.jpg,569C2FF0_IMG_2434.jpg
KU1514,家庭生活,2025,2025-02-09,day,个人相册,0.7235,1,户外、天空、蓝天,02_家庭生活/2025/2025-02-09_6382FCD2_IMG_2442.jpg,6382FCD2_IMG_2442.jpg
KU1901,家庭生活,2025,2025-04-04,day,个人相册,0.6899,3,户外、陆地、草地,02_家庭生活/2025/2025-04-04_10E59D1A_IMG_2634.jpg,10E59D1A_IMG_2634.jpg
KU0946,家庭生活,2025,2025-04-04,day,个人相册,0.763,2,人物、大人、植物,02_家庭生活/2025/2025-04-04_4C83E091_IMG_2642.jpg,4C83E091_IMG_2642.jpg
KU2355,家庭生活,2025,2025-04-04,day,个人相册,0.6325,2,人物、大人、建筑,02_家庭生活/2025/2025-04-04_4EAAF632_IMG_2654.jpg,4EAAF632_IMG_2654.jpg
KU2503,家庭生活,2025,2025-04-04,day,个人相册,0.5942,4,户外、人物、大人,02_家庭生活/2025/2025-04-04_775B9621_IMG_2631.jpg,775B9621_IMG_2631.jpg
KU1040,家庭生活,2025,2025-04-04,day,个人相册,0.7566,1,cord、人物、孩子,02_家庭生活/2025/2025-04-04_A7AEA761_IMG_2646.jpg,A7AEA761_IMG_2646.jpg
KU2018,家庭生活,2025,2025-04-05,day,个人相册,0.6803,2,人物、孩子、大人,02_家庭生活/2025/2025-04-05_618ACAC4_IMG_2660.jpg,618ACAC4_IMG_2660.jpg
KU2235,家庭生活,2025,2025-04-05,day,个人相册,0.652,2,植物、灌木、建筑,02_家庭生活/2025/2025-04-05_873ADF1A_IMG_2670.jpg,873ADF1A_IMG_2670.jpg
KU1601,家庭生活,2025,2025-04-05,day,个人相册,0.7161,2,人物、大人、植物,02_家庭生活/2025/2025-04-05_BDA9DEC4_IMG_2667.jpg,BDA9DEC4_IMG_2667.jpg
KU1694,家庭生活,2025,2025-04-05,day,个人相册,0.7082,2,人物、大人、植物,02_家庭生活/2025/2025-04-05_BF33842F_IMG_2671.jpg,BF33842F_IMG_2671.jpg
KU1062,家庭生活,2025,2025-04-06,day,个人相册,0.7551,3,人物、孩子、大人,02_家庭生活/2025/2025-04-06_0B64D229_IMG_2678.jpg,0B64D229_IMG_2678.jpg
KU2118,家庭生活,2025,2025-04-06,day,个人相册,0.6698,4,人物、大人、孩子,02_家庭生活/2025/2025-04-06_167F08FC_IMG_2674.jpg,167F08FC_IMG_2674.jpg
KU1899,家庭生活,2025,2025-04-06,day,个人相册,0.69,2,人物、大人、孩子,02_家庭生活/2025/2025-04-06_1F1D7989_IMG_2677.jpg,1F1D7989_IMG_2677.jpg
KU1243,家庭生活,2025,2025-04-06,day,个人相册,0.7425,4,人物、大人、孩子,02_家庭生活/2025/2025-04-06_4DCF6340_IMG_2676.jpg,4DCF6340_IMG_2676.jpg
KU1195,家庭生活,2025,2025-04-06,day,个人相册,0.7458,5,人物、大人、孩子,02_家庭生活/2025/2025-04-06_7E83A43F_IMG_2675.jpg,7E83A43F_IMG_2675.jpg
KU0971,家庭生活,2025,2025-04-06,day,个人相册,0.7613,3,人物、孩子、大人,02_家庭生活/2025/2025-04-06_CFD44025_IMG_2679.jpg,CFD44025_IMG_2679.jpg
KU0777,家庭生活,2025,2025-04-06,day,个人相册,0.7776,3,建筑、围栏、人物,02_家庭生活/2025/2025-04-06_F92054B4_IMG_2684.jpg,F92054B4_IMG_2684.jpg
KU1852,家庭生活,2025,2025-04-07,day,个人相册,0.6944,1,陆地、户外、草地,02_家庭生活/2025/2025-04-07_32EA3978_IMG_2694.jpg,32EA3978_IMG_2694.jpg
KU2399,家庭生活,2025,2025-04-07,day,个人相册,0.622,3,人物、大人、户外,02_家庭生活/2025/2025-04-07_4C25262E_IMG_2703.jpg,4C25262E_IMG_2703.jpg
KU1227,家庭生活,2025,2025-04-07,day,个人相册,0.7442,2,人物、大人、孩子,02_家庭生活/2025/2025-04-07_CCD59375_IMG_2688.jpg,CCD59375_IMG_2688.jpg
KU1209,家庭生活,2025,2025-04-07,day,个人相册,0.7451,3,人物、大人、孩子,02_家庭生活/2025/2025-04-07_ED95496A_IMG_2689.jpg,ED95496A_IMG_2689.jpg
KU1151,家庭生活,2025,2025-04-07,day,个人相册,0.7485,3,人物、大人、植物,02_家庭生活/2025/2025-04-07_F69F8B68_IMG_2701.jpg,F69F8B68_IMG_2701.jpg
KU2239,家庭生活,2025,2025-05-31,day,个人相册,0.6511,2,人物、大人、材质,02_家庭生活/2025/2025-05-31_2468F831_IMG_3174.jpg,2468F831_IMG_3174.jpg
KU2536,家庭生活,2025,2025-05-31,day,个人相册,0.5797,2,人物、大人、材质,02_家庭生活/2025/2025-05-31_2D2903FC_IMG_3170.jpg,2D2903FC_IMG_3170.jpg
KU1006,家庭生活,2025,2025-05-31,day,个人相册,0.7593,2,建筑、utensil、餐具,02_家庭生活/2025/2025-05-31_5B47E767_IMG_3166.jpg,5B47E767_IMG_3166.jpg
KU1316,家庭生活,2025,2025-06-01,day,个人相册,0.7377,2,户外、陆地、草地,02_家庭生活/2025/2025-06-01_0EA4C91B_IMG_3230.jpg,0EA4C91B_IMG_3230.jpg
KU2305,家庭生活,2025,2025-06-01,day,个人相册,0.6399,2,建筑、人物、孩子,02_家庭生活/2025/2025-06-01_13D15E04_IMG_3188.jpg,13D15E04_IMG_3188.jpg
KU1665,家庭生活,2025,2025-06-01,day,个人相册,0.7103,5,人物、大人、建筑,02_家庭生活/2025/2025-06-01_2239DB12_IMG_3247.jpg,2239DB12_IMG_3247.jpg
KU2092,家庭生活,2025,2025-06-01,day,个人相册,0.6737,2,户外、陆地、草地,02_家庭生活/2025/2025-06-01_278B6650_IMG_3229.jpg,278B6650_IMG_3229.jpg
KU1814,家庭生活,2025,2025-06-01,day,个人相册,0.6979,2,户外、陆地、草地,02_家庭生活/2025/2025-06-01_461F7AB4_IMG_3231.jpg,461F7AB4_IMG_3231.jpg
KU2049,家庭生活,2025,2025-06-01,day,个人相册,0.6775,2,人物、大人、机械,02_家庭生活/2025/2025-06-01_46246DDD_IMG_3239.jpg,46246DDD_IMG_3239.jpg
KU1519,家庭生活,2025,2025-06-01,day,个人相册,0.7226,2,人物、建筑、孩子,02_家庭生活/2025/2025-06-01_488A14E0_IMG_3187.jpg,488A14E0_IMG_3187.jpg
KU1448,家庭生活,2025,2025-06-01,day,个人相册,0.7288,1,户外、天空、多云,02_家庭生活/2025/2025-06-01_53273C98_IMG_3200.jpg,53273C98_IMG_3200.jpg
KU1232,家庭生活,2025,2025-06-01,day,个人相册,0.7435,5,人物、大人、孩子,02_家庭生活/2025/2025-06-01_548C4E81_IMG_3245.jpg,548C4E81_IMG_3245.jpg
KU0712,家庭生活,2025,2025-06-01,day,个人相册,0.7851,2,人物、孩子、建筑,02_家庭生活/2025/2025-06-01_631F8F8B_IMG_3194.jpg,631F8F8B_IMG_3194.jpg
KU0579,家庭生活,2025,2025-06-01,day,个人相册,0.8042,1,户外、天空、多云,02_家庭生活/2025/2025-06-01_6B9D089E_IMG_3199.jpg,6B9D089E_IMG_3199.jpg
KU2138,家庭生活,2025,2025-06-01,day,个人相册,0.6681,2,户外、陆地、草地,02_家庭生活/2025/2025-06-01_7D1973E7_IMG_3224.jpg,7D1973E7_IMG_3224.jpg
KU1615,家庭生活,2025,2025-06-01,day,个人相册,0.7151,2,户外、陆地、草地,02_家庭生活/2025/2025-06-01_838E8945_IMG_3209.jpg,838E8945_IMG_3209.jpg
KU1419,家庭生活,2025,2025-06-01,day,个人相册,0.7307,2,建筑、人物、孩子,02_家庭生活/2025/2025-06-01_97CDA258_IMG_3190.jpg,97CDA258_IMG_3190.jpg
KU1214,家庭生活,2025,2025-06-01,day,个人相册,0.7448,2,户外、陆地、草地,02_家庭生活/2025/2025-06-01_987E0A51_IMG_3233.jpg,987E0A51_IMG_3233.jpg
KU2551,家庭生活,2025,2025-06-01,day,个人相册,0.5674,2,人物、孩子、建筑,02_家庭生活/2025/2025-06-01_A127058F_IMG_3191.JPG,A127058F_IMG_3191.JPG
KU1172,家庭生活,2025,2025-06-01,day,个人相册,0.7471,2,人物、大人、建筑,02_家庭生活/2025/2025-06-01_B1A5A82F_IMG_3189.jpg,B1A5A82F_IMG_3189.jpg
KU1296,家庭生活,2025,2025-06-01,day,个人相册,0.739,2,户外、陆地、草地,02_家庭生活/2025/2025-06-01_C177C9EE_IMG_3226.jpg,C177C9EE_IMG_3226.jpg
KU0715,家庭生活,2025,2025-06-01,day,个人相册,0.7846,2,人物、孩子、建筑,02_家庭生活/2025/2025-06-01_D2CE0F11_IMG_3193.jpg,D2CE0F11_IMG_3193.jpg
KU0613,家庭生活,2025,2025-06-01,day,个人相册,0.7978,6,人物、大人、孩子,02_家庭生活/2025/2025-06-01_D2E1AC28_IMG_3248.jpg,D2E1AC28_IMG_3248.jpg
KU0940,家庭生活,2025,2025-06-01,day,个人相册,0.7635,2,户外、陆地、草地,02_家庭生活/2025/2025-06-01_D81C5EFF_IMG_3236.jpg,D81C5EFF_IMG_3236.jpg
KU2276,家庭生活,2025,2025-06-01,day,个人相册,0.6443,2,户外、陆地、草地,02_家庭生活/2025/2025-06-01_E7D938C8_IMG_3228.jpg,E7D938C8_IMG_3228.jpg
KU0850,家庭生活,2025,2025-06-01,day,个人相册,0.7703,2,户外、陆地、草地,02_家庭生活/2025/2025-06-01_EE0D718A_IMG_3235.jpg,EE0D718A_IMG_3235.jpg
KU1442,家庭生活,2025,2025-06-01,day,个人相册,0.7294,2,户外、陆地、草地,02_家庭生活/2025/2025-06-01_F676FB3D_IMG_3223.jpg,F676FB3D_IMG_3223.jpg
KU0620,家庭生活,2025,2025-06-02,day,个人相册,0.7962,3,人物、大人、孩子,02_家庭生活/2025/2025-06-02_0C15DFFB_IMG_3250.jpg,0C15DFFB_IMG_3250.jpg
KU0637,家庭生活,2025,2025-06-02,day,个人相册,0.7944,2,人物、大人、孩子,02_家庭生活/2025/2025-06-02_113APPLE_IMG_3251.jpg,_heic_jpg/113APPLE_IMG_3251.jpg
KU0631,家庭生活,2025,2025-06-02,day,个人相册,0.7951,2,人物、孩子、户外,02_家庭生活/2025/2025-06-02_6D2AC39B_IMG_3251.jpg,6D2AC39B_IMG_3251.jpg
KU1920,家庭生活,2025,2025-06-02,day,个人相册,0.6887,2,人物、孩子、大人,02_家庭生活/2025/2025-06-02_7C157955_IMG_3254.jpg,7C157955_IMG_3254.jpg
KU0829,家庭生活,2025,2025-06-02,day,个人相册,0.7722,2,人物、孩子、大人,02_家庭生活/2025/2025-06-02_855C0CDD_IMG_3252.jpg,855C0CDD_IMG_3252.jpg
KU2331,家庭生活,2025,2025-06-02,day,个人相册,0.6354,2,人物、大人、孩子,02_家庭生活/2025/2025-06-02_89461A43_IMG_3253.jpg,89461A43_IMG_3253.jpg
KU2295,家庭生活,2025,2025-07-09,day,个人相册,0.6416,5,人物、孩子、大人,02_家庭生活/2025/2025-07-09_9B3FF486_IMG_3473.jpg,9B3FF486_IMG_3473.jpg
KU1157,家庭生活,2025,2025-07-09,day,个人相册,0.7481,3,人物、孩子、大人,02_家庭生活/2025/2025-07-09_F03E1A97_IMG_3474.jpg,F03E1A97_IMG_3474.jpg
KU2069,家庭生活,2025,2025-07-12,day,个人相册,0.6759,1,建筑、家具、cabinet,02_家庭生活/2025/2025-07-12_5E274851_IMG_3510.jpg,5E274851_IMG_3510.jpg
KU2041,家庭生活,2025,2025-07-12,day,个人相册,0.6779,1,人物、孩子、container,02_家庭生活/2025/2025-07-12_89F389BB_IMG_3511.jpg,89F389BB_IMG_3511.jpg
KU0572,家庭生活,2025,2025-07-25,day,个人相册,0.8053,1,建筑、木制品、人物,02_家庭生活/2025/2025-07-25_mmexport1753434297009.jpg,mmexport1753434297009.jpg
KU0488,家庭生活,2025,2025-07-25,day,个人相册,0.8415,2,人物、孩子、建筑,02_家庭生活/2025/2025-07-25_mmexport1753434409341.jpg,mmexport1753434409341.jpg
KU1719,家庭生活,2025,2025-07-26,day,个人相册,0.7061,1,cord、rope、人物,02_家庭生活/2025/2025-07-26_IMG_20250726_195304.jpg,IMG_20250726_195304.jpg
KU1359,家庭生活,2025,2025-07-26,day,个人相册,0.735,1,人物、婴儿、孩子,02_家庭生活/2025/2025-07-26_wx_camera_1753489888222.jpg,wx_camera_1753489888222.jpg
KU0657,家庭生活,2025,2025-07-26,day,个人相册,0.792,1,人物、孩子、衣物,02_家庭生活/2025/2025-07-26_wx_camera_1753531781929.jpg,wx_camera_1753531781929.jpg
KU1535,家庭生活,2025,2025-07-27,day,个人相册,0.7217,1,人物、孩子、植物,02_家庭生活/2025/2025-07-27_IMG_20250727_112558.jpg,IMG_20250727_112558.jpg
KU1878,家庭生活,2025,2025-07-27,day,个人相册,0.6923,1,衣物、jeans、人物,02_家庭生活/2025/2025-07-27_IMG_20250727_112612.jpg,IMG_20250727_112612.jpg
KU0772,家庭生活,2025,2025-07-28,day,个人相册,0.7782,2,人物、孩子、植物,02_家庭生活/2025/2025-07-28_mmexport1753693120643.jpg,mmexport1753693120643.jpg
KU1005,家庭生活,2025,2025-07-28,day,个人相册,0.7594,2,人物、孩子、建筑,02_家庭生活/2025/2025-07-28_mmexport1753693129828.jpg,mmexport1753693129828.jpg
KU0513,家庭生活,2025,2025-07-28,day,个人相册,0.8244,1,人物、孩子、建筑,02_家庭生活/2025/2025-07-28_mmexport1753693142746.jpg,mmexport1753693142746.jpg
KU0970,家庭生活,2025,2025-07-29,day,个人相册,0.7614,5,人物、孩子、建筑,02_家庭生活/2025/2025-07-29_mmexport1753780047468.jpg,mmexport1753780047468.jpg
KU0512,家庭生活,2025,2025-08-01,day,个人相册,0.8248,1,孩子、人物、建筑,02_家庭生活/2025/2025-08-01_mmexport1754040999997.jpg,mmexport1754040999997.jpg
KU2210,家庭生活,2025,2025-08-01,day,个人相册,0.6553,2,建筑、人物、孩子,02_家庭生活/2025/2025-08-01_mmexport1754045599087.jpg,mmexport1754045599087.jpg
KU0688,家庭生活,2025,2025-08-02,day,个人相册,0.7871,2,人物、大人、孩子,02_家庭生活/2025/2025-08-02_A0F9004C_IMG_3709.jpg,A0F9004C_IMG_3709.jpg
KU0521,家庭生活,2025,2025-08-03,day,个人相册,0.8196,2,人物、孩子、建筑,02_家庭生活/2025/2025-08-03_49A237A8_IMG_3718.jpg,49A237A8_IMG_3718.jpg
KU1475,家庭生活,2025,2025-08-03,day,个人相册,0.7266,2,utensil、餐具、碗,02_家庭生活/2025/2025-08-03_E704C5DB_IMG_3717.jpg,E704C5DB_IMG_3717.jpg
KU0686,家庭生活,2025,2025-08-06,day,个人相册,0.7872,1,人物、孩子、建筑,02_家庭生活/2025/2025-08-06_mmexport1754470918234.jpg,mmexport1754470918234.jpg
KU0548,家庭生活,2025,2025-08-06,day,个人相册,0.8098,1,人物、孩子、建筑,02_家庭生活/2025/2025-08-06_mmexport1754471014642.jpg,mmexport1754471014642.jpg
KU2439,家庭生活,2025,2025-08-07,day,个人相册,0.6131,1,人物、孩子、建筑,02_家庭生活/2025/2025-08-07_mmexport1754538779885.jpg,mmexport1754538779885.jpg
KU1285,家庭生活,2025,2025-08-07,day,个人相册,0.7399,5,人物、孩子、建筑,02_家庭生活/2025/2025-08-07_mmexport1754557989715.jpg,mmexport1754557989715.jpg
KU0491,家庭生活,2025,2025-08-07,day,个人相册,0.8375,1,人物、孩子、建筑,02_家庭生活/2025/2025-08-07_mmexport1754558008666.jpg,mmexport1754558008666.jpg
KU0514,家庭生活,2025,2025-08-08,day,个人相册,0.824,1,人物、孩子、建筑,02_家庭生活/2025/2025-08-08_mmexport1754644387806.jpg,mmexport1754644387806.jpg
KU0965,家庭生活,2025,2025-08-09,day,个人相册,0.7617,3,人物、孩子、大人,02_家庭生活/2025/2025-08-09_IMG_20250809_094621.jpg,IMG_20250809_094621.jpg
KU0887,家庭生活,2025,2025-08-09,day,个人相册,0.7671,3,人物、孩子、大人,02_家庭生活/2025/2025-08-09_IMG_20250809_094623.jpg,IMG_20250809_094623.jpg
KU0943,家庭生活,2025,2025-08-10,day,个人相册,0.7632,2,人物、大人、植物,02_家庭生活/2025/2025-08-10_IMG_20250810_091358.jpg,IMG_20250810_091358.jpg
KU0589,家庭生活,2025,2025-08-10,day,个人相册,0.8019,2,人物、孩子、植物,02_家庭生活/2025/2025-08-10_IMG_20250810_091410.jpg,IMG_20250810_091410.jpg
KU2157,家庭生活,2025,2025-08-10,day,个人相册,0.6655,2,人物、孩子、大人,02_家庭生活/2025/2025-08-10_IMG_20250810_091412.jpg,IMG_20250810_091412.jpg
KU1883,家庭生活,2025,2025-08-10,day,个人相册,0.692,3,人物、大人、户外,02_家庭生活/2025/2025-08-10_IMG_20250810_092638.jpg,IMG_20250810_092638.jpg
KU2480,家庭生活,2025,2025-08-10,day,个人相册,0.6004,5,植物、树叶、人物,02_家庭生活/2025/2025-08-10_IMG_20250810_095122.jpg,IMG_20250810_095122.jpg
KU1849,家庭生活,2025,2025-08-10,day,个人相册,0.6946,2,植物、树叶、人物,02_家庭生活/2025/2025-08-10_IMG_20250810_095149.jpg,IMG_20250810_095149.jpg
KU1496,家庭生活,2025,2025-08-10,day,个人相册,0.7247,2,人物、孩子、建筑,02_家庭生活/2025/2025-08-10_IMG_20250810_095201.jpg,IMG_20250810_095201.jpg
KU0948,家庭生活,2025,2025-08-10,day,个人相册,0.7629,2,户外、天空、多云,02_家庭生活/2025/2025-08-10_IMG_20250810_100007.jpg,IMG_20250810_100007.jpg
KU1325,家庭生活,2025,2025-08-10,day,个人相册,0.737,2,户外、天空、多云,02_家庭生活/2025/2025-08-10_IMG_20250810_100016.jpg,IMG_20250810_100016.jpg
KU1634,家庭生活,2025,2025-08-10,day,个人相册,0.7133,2,户外、天空、多云,02_家庭生活/2025/2025-08-10_IMG_20250810_100026.jpg,IMG_20250810_100026.jpg
KU1994,家庭生活,2025,2025-08-10,day,个人相册,0.6819,2,户外、天空、多云,02_家庭生活/2025/2025-08-10_IMG_20250810_100030.jpg,IMG_20250810_100030.jpg
KU2151,家庭生活,2025,2025-08-10,day,个人相册,0.6663,2,户外、天空、多云,02_家庭生活/2025/2025-08-10_IMG_20250810_100033.jpg,IMG_20250810_100033.jpg
KU1831,家庭生活,2025,2025-08-10,day,个人相册,0.6967,3,户外、天空、多云,02_家庭生活/2025/2025-08-10_IMG_20250810_100034.jpg,IMG_20250810_100034.jpg
KU1705,家庭生活,2025,2025-08-10,day,个人相册,0.7075,2,户外、天空、多云,02_家庭生活/2025/2025-08-10_IMG_20250810_100037.jpg,IMG_20250810_100037.jpg
KU1338,家庭生活,2025,2025-08-10,day,个人相册,0.7364,2,户外、天空、多云,02_家庭生活/2025/2025-08-10_IMG_20250810_100039.jpg,IMG_20250810_100039.jpg
KU2103,家庭生活,2025,2025-08-10,day,个人相册,0.6715,2,户外、天空、多云,02_家庭生活/2025/2025-08-10_IMG_20250810_100041.jpg,IMG_20250810_100041.jpg
KU1999,家庭生活,2025,2025-08-10,day,个人相册,0.6817,2,户外、天空、多云,02_家庭生活/2025/2025-08-10_IMG_20250810_100042.jpg,IMG_20250810_100042.jpg
KU1031,家庭生活,2025,2025-08-10,day,个人相册,0.7575,2,户外、天空、多云,02_家庭生活/2025/2025-08-10_IMG_20250810_102859.jpg,IMG_20250810_102859.jpg
KU1734,家庭生活,2025,2025-08-10,day,个人相册,0.7055,2,户外、天空、多云,02_家庭生活/2025/2025-08-10_IMG_20250810_102903.jpg,IMG_20250810_102903.jpg
KU1470,家庭生活,2025,2025-08-10,day,个人相册,0.727,2,户外、天空、多云,02_家庭生活/2025/2025-08-10_IMG_20250810_102904.jpg,IMG_20250810_102904.jpg
KU1879,家庭生活,2025,2025-08-10,day,个人相册,0.6923,2,户外、天空、多云,02_家庭生活/2025/2025-08-10_IMG_20250810_102908.jpg,IMG_20250810_102908.jpg
KU1113,家庭生活,2025,2025-08-10,day,个人相册,0.7516,2,户外、天空、多云,02_家庭生活/2025/2025-08-10_IMG_20250810_102912.jpg,IMG_20250810_102912.jpg
KU0603,家庭生活,2025,2025-08-10,day,个人相册,0.7992,2,户外、天空、多云,02_家庭生活/2025/2025-08-10_IMG_20250810_102914.jpg,IMG_20250810_102914.jpg
KU0518,家庭生活,2025,2025-08-10,day,个人相册,0.8209,2,户外、天空、多云,02_家庭生活/2025/2025-08-10_IMG_20250810_102916.jpg,IMG_20250810_102916.jpg
KU0902,家庭生活,2025,2025-08-10,day,个人相册,0.7662,2,户外、天空、多云,02_家庭生活/2025/2025-08-10_IMG_20250810_102917.jpg,IMG_20250810_102917.jpg
KU1017,家庭生活,2025,2025-08-10,day,个人相册,0.7582,2,户外、天空、多云,02_家庭生活/2025/2025-08-10_IMG_20250810_102918.jpg,IMG_20250810_102918.jpg
KU1965,家庭生活,2025,2025-08-10,day,个人相册,0.6848,2,户外、天空、多云,02_家庭生活/2025/2025-08-10_IMG_20250810_102919.jpg,IMG_20250810_102919.jpg
KU0985,家庭生活,2025,2025-08-10,day,个人相册,0.7606,3,户外、天空、人物,02_家庭生活/2025/2025-08-10_IMG_20250810_102941.jpg,IMG_20250810_102941.jpg
KU0509,家庭生活,2025,2025-08-10,day,个人相册,0.8265,3,户外、天空、人物,02_家庭生活/2025/2025-08-10_IMG_20250810_102943.jpg,IMG_20250810_102943.jpg
KU0597,家庭生活,2025,2025-08-10,day,个人相册,0.8,3,户外、天空、多云,02_家庭生活/2025/2025-08-10_IMG_20250810_102946.jpg,IMG_20250810_102946.jpg
KU0508,家庭生活,2025,2025-08-10,day,个人相册,0.8271,3,人物、户外、天空,02_家庭生活/2025/2025-08-10_IMG_20250810_102949.jpg,IMG_20250810_102949.jpg
KU0567,家庭生活,2025,2025-08-10,day,个人相册,0.806,3,户外、天空、人物,02_家庭生活/2025/2025-08-10_IMG_20250810_102951.jpg,IMG_20250810_102951.jpg
KU0683,家庭生活,2025,2025-08-10,day,个人相册,0.7876,2,户外、天空、多云,02_家庭生活/2025/2025-08-10_IMG_20250810_103100.jpg,IMG_20250810_103100.jpg
KU0864,家庭生活,2025,2025-08-10,day,个人相册,0.7695,2,户外、天空、多云,02_家庭生活/2025/2025-08-10_IMG_20250810_103112.jpg,IMG_20250810_103112.jpg
KU2445,家庭生活,2025,2025-08-10,day,个人相册,0.6114,2,户外、天空、人物,02_家庭生活/2025/2025-08-10_IMG_20250810_103113.jpg,IMG_20250810_103113.jpg
KU1964,家庭生活,2025,2025-08-10,day,个人相册,0.6851,2,户外、天空、多云,02_家庭生活/2025/2025-08-10_IMG_20250810_103137.jpg,IMG_20250810_103137.jpg
KU1212,家庭生活,2025,2025-08-10,day,个人相册,0.7448,5,户外、人物、大人,02_家庭生活/2025/2025-08-10_IMG_20250810_103238.jpg,IMG_20250810_103238.jpg
KU0475,家庭生活,2025,2025-08-10,day,个人相册,0.8515,1,人物、孩子、植物,02_家庭生活/2025/2025-08-10_IMG_20250810_103742.jpg,IMG_20250810_103742.jpg
KU0588,家庭生活,2025,2025-08-10,day,个人相册,0.8021,1,人物、孩子、建筑,02_家庭生活/2025/2025-08-10_IMG_20250810_103747.jpg,IMG_20250810_103747.jpg
KU0575,家庭生活,2025,2025-08-10,day,个人相册,0.8048,1,人物、孩子、植物,02_家庭生活/2025/2025-08-10_IMG_20250810_103749.jpg,IMG_20250810_103749.jpg
KU1857,家庭生活,2025,2025-08-10,day,个人相册,0.6941,1,人物、孩子、建筑,02_家庭生活/2025/2025-08-10_IMG_20250810_103752.jpg,IMG_20250810_103752.jpg
KU1425,家庭生活,2025,2025-08-10,day,个人相册,0.7303,1,人物、孩子、植物,02_家庭生活/2025/2025-08-10_IMG_20250810_103755.jpg,IMG_20250810_103755.jpg
KU0485,家庭生活,2025,2025-08-10,day,个人相册,0.8428,1,人物、孩子、植物,02_家庭生活/2025/2025-08-10_IMG_20250810_103757.jpg,IMG_20250810_103757.jpg
KU1028,家庭生活,2025,2025-08-10,day,个人相册,0.7576,2,户外、建筑、天空,02_家庭生活/2025/2025-08-10_IMG_20250810_104104.jpg,IMG_20250810_104104.jpg
KU0722,家庭生活,2025,2025-08-10,day,个人相册,0.7831,2,户外、天空、建筑,02_家庭生活/2025/2025-08-10_IMG_20250810_104131.jpg,IMG_20250810_104131.jpg
KU0967,家庭生活,2025,2025-08-10,day,个人相册,0.7615,2,户外、建筑、天空,02_家庭生活/2025/2025-08-10_IMG_20250810_104139.jpg,IMG_20250810_104139.jpg
KU0503,家庭生活,2025,2025-08-11,day,个人相册,0.8297,1,孩子、人物、建筑,02_家庭生活/2025/2025-08-11_mmexport1754903282236.jpg,mmexport1754903282236.jpg
KU2284,家庭生活,2025,2025-08-13,day,个人相册,0.6429,2,人物、孩子、植物,02_家庭生活/2025/2025-08-13_mmexport1755075121821.jpg,mmexport1755075121821.jpg
KU1133,家庭生活,2025,2025-08-13,day,个人相册,0.7501,1,人物、孩子、植物,02_家庭生活/2025/2025-08-13_mmexport1755075125939.jpg,mmexport1755075125939.jpg
KU1283,家庭生活,2025,2025-08-13,day,个人相册,0.74,2,人物、孩子、陆地,02_家庭生活/2025/2025-08-13_mmexport1755075129973.jpg,mmexport1755075129973.jpg
KU0502,家庭生活,2025,2025-08-13,day,个人相册,0.8298,1,人物、孩子、建筑,02_家庭生活/2025/2025-08-13_mmexport1755075133849.jpg,mmexport1755075133849.jpg
KU2156,家庭生活,2025,2025-08-13,day,个人相册,0.6656,2,人物、孩子、植物,02_家庭生活/2025/2025-08-13_mmexport1755075155664.jpg,mmexport1755075155664.jpg
KU2066,家庭生活,2025,2025-08-13,day,个人相册,0.6764,2,人物、孩子、大人,02_家庭生活/2025/2025-08-13_mmexport1755076118887.jpg,mmexport1755076118887.jpg
KU2265,家庭生活,2025,2025-08-13,day,个人相册,0.6472,3,人物、孩子、衣物,02_家庭生活/2025/2025-08-13_mmexport1755076133058.jpg,mmexport1755076133058.jpg
KU1531,家庭生活,2025,2025-08-13,day,个人相册,0.7221,1,人物、孩子、植物,02_家庭生活/2025/2025-08-13_mmexport1755076137142.jpg,mmexport1755076137142.jpg
KU0837,家庭生活,2025,2025-08-14,day,个人相册,0.7715,1,人物、孩子、建筑,02_家庭生活/2025/2025-08-14_mmexport1755162447451.jpg,mmexport1755162447451.jpg
KU0517,家庭生活,2025,2025-08-14,day,个人相册,0.8219,1,人物、孩子、建筑,02_家庭生活/2025/2025-08-14_mmexport1755162465576.jpg,mmexport1755162465576.jpg
KU0500,家庭生活,2025,2025-08-15,day,个人相册,0.8318,1,建筑、木制品、人物,02_家庭生活/2025/2025-08-15_mmexport1755248485694.jpg,mmexport1755248485694.jpg
KU0481,家庭生活,2025,2025-08-15,day,个人相册,0.8472,2,人物、孩子、建筑,02_家庭生活/2025/2025-08-15_mmexport1755248488924.jpg,mmexport1755248488924.jpg
KU1106,家庭生活,2025,2025-08-15,day,个人相册,0.752,2,人物、孩子、植物,02_家庭生活/2025/2025-08-15_mmexport1755248492823.jpg,mmexport1755248492823.jpg
KU2389,家庭生活,2025,2025-08-15,day,个人相册,0.6243,1,建筑、人物、孩子,02_家庭生活/2025/2025-08-15_mmexport1755248496682.jpg,mmexport1755248496682.jpg
KU2107,家庭生活,2025,2025-08-16,day,个人相册,0.6711,2,户外、天空、蓝天,02_家庭生活/2025/2025-08-16_IMG20250816103440.jpg,IMG20250816103440.jpg
KU1438,家庭生活,2025,2025-08-16,day,个人相册,0.7297,1,人物、孩子、材质,02_家庭生活/2025/2025-08-16_IMG20250816163510.jpg,IMG20250816163510.jpg
KU0496,家庭生活,2025,2025-08-18,day,个人相册,0.8346,1,人物、孩子、建筑,02_家庭生活/2025/2025-08-18_mmexport1755508396157.jpg,mmexport1755508396157.jpg
KU1007,家庭生活,2025,2025-08-18,day,个人相册,0.7592,2,人物、孩子、艺术,02_家庭生活/2025/2025-08-18_mmexport1755508415697.jpg,mmexport1755508415697.jpg
KU1070,家庭生活,2025,2025-08-19,day,个人相册,0.7546,4,人物、孩子、衣物,02_家庭生活/2025/2025-08-19_mmexport1755594965719.jpg,mmexport1755594965719.jpg
KU0477,家庭生活,2025,2025-08-19,day,个人相册,0.8511,1,人物、孩子、建筑,02_家庭生活/2025/2025-08-19_mmexport1755594986542.jpg,mmexport1755594986542.jpg
KU1403,家庭生活,2025,2025-08-20,day,个人相册,0.732,8,人物、孩子、植物,02_家庭生活/2025/2025-08-20_mmexport1755684801359.jpg,mmexport1755684801359.jpg
KU0719,家庭生活,2025,2025-08-20,day,个人相册,0.784,1,人物、孩子、建筑,02_家庭生活/2025/2025-08-20_mmexport1755684815660.jpg,mmexport1755684815660.jpg
KU0474,家庭生活,2025,2025-08-21,day,个人相册,0.8563,1,人物、孩子、植物,02_家庭生活/2025/2025-08-21_mmexport1755767368532.jpg,mmexport1755767368532.jpg
KU0890,家庭生活,2025,2025-08-21,day,个人相册,0.767,2,人物、孩子、植物,02_家庭生活/2025/2025-08-21_mmexport1755767377293.jpg,mmexport1755767377293.jpg
KU1129,家庭生活,2025,2025-08-21,day,个人相册,0.7506,1,人物、孩子、建筑,02_家庭生活/2025/2025-08-21_mmexport1755767394022.jpg,mmexport1755767394022.jpg
KU0703,家庭生活,2025,2025-08-22,day,个人相册,0.786,2,人物、孩子、建筑,02_家庭生活/2025/2025-08-22_mmexport1755870566629.jpg,mmexport1755870566629.jpg
KU0895,家庭生活,2025,2025-08-22,day,个人相册,0.7667,2,人物、孩子、建筑,02_家庭生活/2025/2025-08-22_mmexport1755870571913.jpg,mmexport1755870571913.jpg
KU0539,家庭生活,2025,2025-08-25,day,个人相册,0.8127,1,植物、树叶、人物,02_家庭生活/2025/2025-08-25_mmexport1756086539849.jpg,mmexport1756086539849.jpg
KU0913,家庭生活,2025,2025-08-30,day,个人相册,0.7655,1,人物、孩子、陆地,02_家庭生活/2025/2025-08-30_IMG20250830082623.jpg,IMG20250830082623.jpg
KU1721,家庭生活,2025,2025-08-30,day,个人相册,0.7061,1,人物、孩子、植物,02_家庭生活/2025/2025-08-30_IMG20250830085027.jpg,IMG20250830085027.jpg
KU1464,家庭生活,2025,2025-08-30,day,个人相册,0.7276,1,人物、孩子、植物,02_家庭生活/2025/2025-08-30_IMG20250830085029.jpg,IMG20250830085029.jpg
KU2253,家庭生活,2025,2025-08-30,day,个人相册,0.6491,1,植物、树叶、人物,02_家庭生活/2025/2025-08-30_IMG20250830085031.jpg,IMG20250830085031.jpg
KU0905,家庭生活,2025,2025-08-30,day,个人相册,0.766,1,人物、孩子、植物,02_家庭生活/2025/2025-08-30_IMG20250830085034.jpg,IMG20250830085034.jpg
KU0560,家庭生活,2025,2025-08-30,day,个人相册,0.8069,1,人物、孩子、机械,02_家庭生活/2025/2025-08-30_IMG20250830113411.jpg,IMG20250830113411.jpg
KU1489,家庭生活,2025,2025-08-30,day,个人相册,0.7252,2,人物、孩子、umbrella,02_家庭生活/2025/2025-08-30_IMG20250830113413.jpg,IMG20250830113413.jpg
KU0656,家庭生活,2025,2025-08-30,day,个人相册,0.792,1,人物、孩子、建筑,02_家庭生活/2025/2025-08-30_IMG20250830170802.jpg,IMG20250830170802.jpg
KU2431,家庭生活,2025,2025-08-30,day,个人相册,0.6153,1,人物、孩子、植物,02_家庭生活/2025/2025-08-30_wx_camera_1756529431255.jpg,wx_camera_1756529431255.jpg
KU2566,家庭生活,2025,2025-08-31,day,个人相册,0.5591,2,陆地、户外、草地,02_家庭生活/2025/2025-08-31_IMG20250831185151.jpg,IMG20250831185151.jpg
KU1962,家庭生活,2025,2025-08-31,day,个人相册,0.6852,2,陆地、户外、草地,02_家庭生活/2025/2025-08-31_IMG20250831185202.jpg,IMG20250831185202.jpg
KU1951,家庭生活,2025,2025-08-31,day,个人相册,0.6861,2,户外、天空、多云,02_家庭生活/2025/2025-08-31_mmexport1756599792453.jpg,mmexport1756599792453.jpg
KU1426,家庭生活,2025,2025-08-31,day,个人相册,0.7302,1,建筑、人物、孩子,02_家庭生活/2025/2025-08-31_mmexport1756606331076.jpg,mmexport1756606331076.jpg
KU1082,家庭生活,2025,2025-09-01,day,个人相册,0.7539,1,人物、孩子、材质,02_家庭生活/2025/2025-09-01_mmexport1756715376272.jpg,mmexport1756715376272.jpg
KU2071,家庭生活,2025,2025-09-06,day,个人相册,0.6754,2,建筑、材质、curtain,02_家庭生活/2025/2025-09-06_IMG20250906124205.jpg,IMG20250906124205.jpg
KU2486,家庭生活,2025,2025-09-07,day,个人相册,0.5992,2,人物、孩子、户外,02_家庭生活/2025/2025-09-07_mmexport1757222943570.jpg,mmexport1757222943570.jpg
KU0875,家庭生活,2025,2025-09-07,day,个人相册,0.7686,6,户外、天空、人物,02_家庭生活/2025/2025-09-07_mmexport1757222998168.jpg,mmexport1757222998168.jpg
KU2512,家庭生活,2025,2025-09-07,day,个人相册,0.59,2,机械、车辆、bicycle,02_家庭生活/2025/2025-09-07_mmexport1757223041094.jpg,mmexport1757223041094.jpg
KU1743,家庭生活,2025,2025-09-07,day,个人相册,0.7048,3,户外、天空、多云,02_家庭生活/2025/2025-09-07_mmexport1757223295634.jpg,mmexport1757223295634.jpg
KU2155,家庭生活,2025,2025-09-26,day,个人相册,0.6657,1,人物、孩子、建筑,02_家庭生活/2025/2025-09-26_mmexport1758879065206.jpg,mmexport1758879065206.jpg
KU1093,家庭生活,2025,2025-09-26,day,个人相册,0.7533,3,人物、孩子、材质,02_家庭生活/2025/2025-09-26_mmexport1758879068502.jpg,mmexport1758879068502.jpg
KU2540,家庭生活,2025,2025-09-26,day,个人相册,0.5762,1,人物、孩子、建筑,02_家庭生活/2025/2025-09-26_mmexport1758879072635.jpg,mmexport1758879072635.jpg
KU1089,家庭生活,2025,2025-10-01,day,个人相册,0.7535,1,人物、孩子、材质,02_家庭生活/2025/2025-10-01_mmexport1759281914272.jpg,mmexport1759281914272.jpg
KU1918,家庭生活,2025,2025-10-01,day,个人相册,0.6889,1,人物、孩子、建筑,02_家庭生活/2025/2025-10-01_mmexport1759327330230.jpg,mmexport1759327330230.jpg
KU1463,家庭生活,2025,2025-10-02,day,个人相册,0.7276,2,户外、天空、多云,02_家庭生活/2025/2025-10-02_mmexport1759377659993.jpg,mmexport1759377659993.jpg
KU0649,家庭生活,2025,2025-10-02,day,个人相册,0.7928,2,人物、大人、植物,02_家庭生活/2025/2025-10-02_mmexport1759403869160.jpg,mmexport1759403869160.jpg
KU1522,家庭生活,2025,2025-10-02,day,个人相册,0.7225,1,人物、大人、户外,02_家庭生活/2025/2025-10-02_mmexport1759415827108.jpg,mmexport1759415827108.jpg
KU0718,家庭生活,2025,2025-10-02,day,个人相册,0.7842,1,户外、天空、多云,02_家庭生活/2025/2025-10-02_mmexport1759415883162.jpg,mmexport1759415883162.jpg
KU0927,家庭生活,2025,2025-10-03,day,个人相册,0.7645,1,户外、天空、多云,02_家庭生活/2025/2025-10-03_mmexport1759462468654.jpg,mmexport1759462468654.jpg
KU1944,家庭生活,2025,2025-10-03,day,个人相册,0.6865,1,户外、天空、多云,02_家庭生活/2025/2025-10-03_mmexport1759487192885.jpg,mmexport1759487192885.jpg
KU1996,家庭生活,2025,2025-10-04,day,个人相册,0.6819,1,建筑、围栏、户外,02_家庭生活/2025/2025-10-04_mmexport1759570651462.jpg,mmexport1759570651462.jpg
KU2444,家庭生活,2025,2025-10-04,day,个人相册,0.6114,2,户外、人物、孩子,02_家庭生活/2025/2025-10-04_mmexport1759589508609.jpg,mmexport1759589508609.jpg
KU1947,家庭生活,2025,2025-10-04,day,个人相册,0.6862,2,户外、陆地、小山,02_家庭生活/2025/2025-10-04_mmexport1759589513398.jpg,mmexport1759589513398.jpg
KU1971,家庭生活,2025,2025-10-04,day,个人相册,0.6845,2,建筑、交通工具、台阶,02_家庭生活/2025/2025-10-04_mmexport1759589516598.jpg,mmexport1759589516598.jpg
KU2404,家庭生活,2025,2025-10-04,day,个人相册,0.6209,2,建筑、交通工具、台阶,02_家庭生活/2025/2025-10-04_mmexport1759589521567.jpg,mmexport1759589521567.jpg
KU1168,家庭生活,2025,2025-10-04,day,个人相册,0.7472,2,人物、孩子、建筑,02_家庭生活/2025/2025-10-04_mmexport1759589556439.jpg,mmexport1759589556439.jpg
KU2178,家庭生活,2025,2025-10-04,day,个人相册,0.6628,2,人物、大人、户外,02_家庭生活/2025/2025-10-04_mmexport1759589626675.jpg,mmexport1759589626675.jpg
KU0633,家庭生活,2025,2025-10-04,day,个人相册,0.7949,1,人物、孩子、建筑,02_家庭生活/2025/2025-10-04_mmexport1759590574735.jpg,mmexport1759590574735.jpg
KU1954,家庭生活,2025,2025-10-04,day,个人相册,0.6859,1,建筑、人物、孩子,02_家庭生活/2025/2025-10-04_mmexport1759590578522.jpg,mmexport1759590578522.jpg
KU2097,家庭生活,2025,2025-10-04,day,个人相册,0.673,3,人物、孩子、建筑,02_家庭生活/2025/2025-10-04_mmexport1759590592719.jpg,mmexport1759590592719.jpg
KU2376,家庭生活,2025,2025-10-04,day,个人相册,0.6286,1,户外、天空、多云,02_家庭生活/2025/2025-10-04_mmexport1759590598109.jpg,mmexport1759590598109.jpg
KU0706,家庭生活,2025,2025-10-04,day,个人相册,0.7855,6,人物、大人、建筑,02_家庭生活/2025/2025-10-04_mmexport1759673601744.jpg,mmexport1759673601744.jpg
KU2319,家庭生活,2025,2025-10-05,day,个人相册,0.6378,1,建筑、交通工具、portal,02_家庭生活/2025/2025-10-05_mmexport1759633493603.jpg,mmexport1759633493603.jpg
KU2500,家庭生活,2025,2025-10-05,day,个人相册,0.5947,4,人物、大人、孩子,02_家庭生活/2025/2025-10-05_mmexport1759644126402.jpg,mmexport1759644126402.jpg
KU1014,家庭生活,2025,2025-10-05,day,个人相册,0.7586,1,人物、孩子、建筑,02_家庭生活/2025/2025-10-05_mmexport1759645291234.jpg,mmexport1759645291234.jpg
KU1869,家庭生活,2025,2025-10-05,day,个人相册,0.6931,1,建筑、石头、人物,02_家庭生活/2025/2025-10-05_mmexport1759657909169.jpg,mmexport1759657909169.jpg
KU1078,家庭生活,2025,2025-10-05,day,个人相册,0.754,2,人物、大人、婴儿,02_家庭生活/2025/2025-10-05_mmexport1759658247937.jpg,mmexport1759658247937.jpg
KU1328,家庭生活,2025,2025-10-05,day,个人相册,0.7369,2,人物、大人、建筑,02_家庭生活/2025/2025-10-05_mmexport1759673618708.jpg,mmexport1759673618708.jpg
KU0717,家庭生活,2025,2025-10-05,day,个人相册,0.7843,5,人物、大人、建筑,02_家庭生活/2025/2025-10-05_mmexport1759673629757.jpg,mmexport1759673629757.jpg
KU1737,家庭生活,2025,2025-10-05,day,个人相册,0.7052,3,石头、建筑、人物,02_家庭生活/2025/2025-10-05_mmexport1759673641669.jpg,mmexport1759673641669.jpg
KU1760,家庭生活,2025,2025-10-05,day,个人相册,0.7027,2,人物、陆地、户外,02_家庭生活/2025/2025-10-05_mmexport1759673653108.jpg,mmexport1759673653108.jpg
KU1251,家庭生活,2025,2025-10-05,day,个人相册,0.7422,2,陆地、户外、草地,02_家庭生活/2025/2025-10-05_mmexport1759673656716.jpg,mmexport1759673656716.jpg
KU1233,家庭生活,2025,2025-10-05,day,个人相册,0.7433,3,人物、孩子、衣物,02_家庭生活/2025/2025-10-05_mmexport1759673668611.jpg,mmexport1759673668611.jpg
KU1428,家庭生活,2025,2025-10-05,day,个人相册,0.7301,1,建筑、石头、人物,02_家庭生活/2025/2025-10-05_mmexport1759673675579.jpg,mmexport1759673675579.jpg
KU1663,家庭生活,2025,2025-10-05,day,个人相册,0.7105,1,人物、孩子、建筑,02_家庭生活/2025/2025-10-05_mmexport1759673683330.jpg,mmexport1759673683330.jpg
KU1657,家庭生活,2025,2025-10-05,day,个人相册,0.7111,1,建筑、石头、人物,02_家庭生活/2025/2025-10-05_mmexport1759673687711.jpg,mmexport1759673687711.jpg
KU1724,家庭生活,2025,2025-10-05,day,个人相册,0.706,1,建筑、石头、人物,02_家庭生活/2025/2025-10-05_mmexport1759673691936.jpg,mmexport1759673691936.jpg
KU1174,家庭生活,2025,2025-10-05,day,个人相册,0.747,1,建筑、石头、人物,02_家庭生活/2025/2025-10-05_mmexport1759673696004.jpg,mmexport1759673696004.jpg
KU2314,家庭生活,2025,2025-10-05,day,个人相册,0.6388,1,建筑、交通工具、portal,02_家庭生活/2025/2025-10-05_mmexport1759675728893.jpg,mmexport1759675728893.jpg
KU1405,家庭生活,2025,2025-10-05,day,个人相册,0.7319,2,材质、brick、人物,02_家庭生活/2025/2025-10-05_mmexport1759675759894.jpg,mmexport1759675759894.jpg
KU1957,家庭生活,2025,2025-10-05,day,个人相册,0.6858,2,植物、树叶、材质,02_家庭生活/2025/2025-10-05_mmexport1759675766720.jpg,mmexport1759675766720.jpg
KU1100,家庭生活,2025,2025-10-05,day,个人相册,0.7529,2,人物、植物、树叶,02_家庭生活/2025/2025-10-05_mmexport1759676950959.jpg,mmexport1759676950959.jpg
KU2279,家庭生活,2025,2025-10-06,day,个人相册,0.644,4,户外、人物、陆地,02_家庭生活/2025/2025-10-06_mmexport1759718862553.jpg,mmexport1759718862553.jpg
KU2238,家庭生活,2025,2025-10-06,day,个人相册,0.6513,2,建筑、人物、围栏,02_家庭生活/2025/2025-10-06_mmexport1759719820058.jpg,mmexport1759719820058.jpg
KU1747,家庭生活,2025,2025-10-06,day,个人相册,0.7045,2,人物、大人、建筑,02_家庭生活/2025/2025-10-06_mmexport1759719826482.jpg,mmexport1759719826482.jpg
KU1164,家庭生活,2025,2025-10-06,day,个人相册,0.7474,2,建筑、木制品、人物,02_家庭生活/2025/2025-10-06_mmexport1759720866973.jpg,mmexport1759720866973.jpg
KU0788,家庭生活,2025,2025-10-06,day,个人相册,0.776,2,建筑、木制品、人物,02_家庭生活/2025/2025-10-06_mmexport1759720871238.jpg,mmexport1759720871238.jpg
KU0606,家庭生活,2025,2025-10-06,day,个人相册,0.7986,1,建筑、木制品、人物,02_家庭生活/2025/2025-10-06_mmexport1759721277257.jpg,mmexport1759721277257.jpg
KU0570,家庭生活,2025,2025-10-06,day,个人相册,0.8057,1,建筑、木制品、人物,02_家庭生活/2025/2025-10-06_mmexport1759721281571.jpg,mmexport1759721281571.jpg
KU2255,家庭生活,2025,2025-10-06,day,个人相册,0.6489,2,建筑、木制品、人物,02_家庭生活/2025/2025-10-06_mmexport1759721292401.jpg,mmexport1759721292401.jpg
KU1961,家庭生活,2025,2025-10-06,day,个人相册,0.6854,3,建筑、木制品、人物,02_家庭生活/2025/2025-10-06_mmexport1759721296644.jpg,mmexport1759721296644.jpg
KU0855,家庭生活,2025,2025-10-06,day,个人相册,0.77,3,建筑、木制品、人物,02_家庭生活/2025/2025-10-06_mmexport1759721931497.jpg,mmexport1759721931497.jpg
KU1461,家庭生活,2025,2025-10-08,day,个人相册,0.7278,1,建筑、家具、桌子,02_家庭生活/2025/2025-10-08_IMG20251008192846.jpg,IMG20251008192846.jpg
KU2546,家庭生活,2025,2025-10-12,day,个人相册,0.5719,4,人物、户外、陆地,02_家庭生活/2025/2025-10-12_IMG20251012093754.jpg,IMG20251012093754.jpg
KU2557,家庭生活,2025,2025-10-12,day,个人相册,0.5639,1,孩子、人物、植物,02_家庭生活/2025/2025-10-12_IMG20251012094537.jpg,IMG20251012094537.jpg
KU2183,家庭生活,2025,2025-10-12,day,个人相册,0.6616,1,孩子、人物、植物,02_家庭生活/2025/2025-10-12_IMG20251012094545.jpg,IMG20251012094545.jpg
KU1427,家庭生活,2025,2025-10-12,day,个人相册,0.7301,1,孩子、人物、植物,02_家庭生活/2025/2025-10-12_IMG20251012094553.jpg,IMG20251012094553.jpg
KU2192,家庭生活,2025,2025-10-12,day,个人相册,0.6596,2,人物、户外、陆地,02_家庭生活/2025/2025-10-12_IMG20251012104033.jpg,IMG20251012104033.jpg
KU1913,家庭生活,2025,2025-10-12,day,个人相册,0.6891,2,人物、孩子、机械,02_家庭生活/2025/2025-10-12_IMG20251012110703.jpg,IMG20251012110703.jpg
KU1364,家庭生活,2025,2025-10-12,day,个人相册,0.7346,5,人物、孩子、建筑,02_家庭生活/2025/2025-10-12_IMG20251012110704.jpg,IMG20251012110704.jpg
KU0604,家庭生活,2025,2025-10-13,day,个人相册,0.799,2,人物、孩子、衣物,02_家庭生活/2025/2025-10-13_mmexport1760338312864.jpg,mmexport1760338312864.jpg
KU2225,家庭生活,2025,2025-10-14,day,个人相册,0.6532,10,人物、孩子、人群,02_家庭生活/2025/2025-10-14_mmexport1760441039115.jpg,mmexport1760441039115.jpg
KU2549,家庭生活,2025,2025-10-16,day,个人相册,0.5684,1,人物、孩子、建筑,02_家庭生活/2025/2025-10-16_mmexport1760597612294.jpg,mmexport1760597612294.jpg
KU1021,家庭生活,2025,2025-10-16,day,个人相册,0.7581,2,人物、孩子、建筑,02_家庭生活/2025/2025-10-16_mmexport1760597614235.jpg,mmexport1760597614235.jpg
KU1862,家庭生活,2025,2025-10-17,day,个人相册,0.6935,3,艺术、illustrations、建筑,02_家庭生活/2025/2025-10-17_IMG20251017192724.jpg,IMG20251017192724.jpg
KU1563,家庭生活,2025,2025-10-19,day,个人相册,0.7196,2,人物、孩子、建筑,02_家庭生活/2025/2025-10-19_IMG20251019094636.jpg,IMG20251019094636.jpg
KU1272,家庭生活,2025,2025-10-19,day,个人相册,0.7407,1,人物、孩子、建筑,02_家庭生活/2025/2025-10-19_IMG20251019094642.jpg,IMG20251019094642.jpg
KU1290,家庭生活,2025,2025-10-19,day,个人相册,0.7395,1,人物、孩子、衣物,02_家庭生活/2025/2025-10-19_IMG20251019095011.jpg,IMG20251019095011.jpg
KU0886,家庭生活,2025,2025-10-19,day,个人相册,0.7671,1,人物、孩子、建筑,02_家庭生活/2025/2025-10-19_mmexport1760868385132.jpg,mmexport1760868385132.jpg
KU1926,家庭生活,2025,2025-10-21,day,个人相册,0.6881,6,人物、孩子、陆地,02_家庭生活/2025/2025-10-21_mmexport1761039310465.jpg,mmexport1761039310465.jpg
KU0558,家庭生活,2025,2025-10-25,day,个人相册,0.8071,1,人物、孩子、建筑,02_家庭生活/2025/2025-10-25_IMG20251025123937.jpg,IMG20251025123937.jpg
KU0545,家庭生活,2025,2025-10-25,day,个人相册,0.8106,1,人物、孩子、建筑,02_家庭生活/2025/2025-10-25_IMG20251025124027.jpg,IMG20251025124027.jpg
KU0554,家庭生活,2025,2025-10-25,day,个人相册,0.8088,1,人物、孩子、建筑,02_家庭生活/2025/2025-10-25_IMG20251025124030.jpg,IMG20251025124030.jpg
KU1713,家庭生活,2025,2025-10-25,day,个人相册,0.7067,4,人物、大人、container,02_家庭生活/2025/2025-10-25_IMG20251025191641.jpg,IMG20251025191641.jpg
KU0738,家庭生活,2025,2025-10-25,day,个人相册,0.781,5,人物、大人、孩子,02_家庭生活/2025/2025-10-25_IMG20251025191642.jpg,IMG20251025191642.jpg
KU1289,家庭生活,2025,2025-10-25,day,个人相册,0.7396,3,人物、大人、孩子,02_家庭生活/2025/2025-10-25_IMG20251025191643.jpg,IMG20251025191643.jpg
KU1578,家庭生活,2025,2025-10-25,day,个人相册,0.7181,2,人物、大人、孩子,02_家庭生活/2025/2025-10-25_IMG20251025191652.jpg,IMG20251025191652.jpg
KU1311,家庭生活,2025,2025-10-25,day,个人相册,0.7379,1,人物、孩子、大人,02_家庭生活/2025/2025-10-25_IMG20251025191754.jpg,IMG20251025191754.jpg
KU1121,家庭生活,2025,2025-10-25,day,个人相册,0.7512,1,人物、衣物、孩子,02_家庭生活/2025/2025-10-25_IMG20251025191755.jpg,IMG20251025191755.jpg
KU1138,家庭生活,2025,2025-10-25,day,个人相册,0.7499,1,人物、孩子、衣物,02_家庭生活/2025/2025-10-25_IMG20251025191757.jpg,IMG20251025191757.jpg
KU0862,家庭生活,2025,2025-10-25,day,个人相册,0.7695,1,人物、孩子、衣物,02_家庭生活/2025/2025-10-25_IMG20251025191758.jpg,IMG20251025191758.jpg
KU1084,家庭生活,2025,2025-10-25,day,个人相册,0.7538,2,人物、孩子、大人,02_家庭生活/2025/2025-10-25_IMG20251025191800.jpg,IMG20251025191800.jpg
KU0534,家庭生活,2025,2025-10-25,day,个人相册,0.8151,1,人物、孩子、材质,02_家庭生活/2025/2025-10-25_IMG20251025205551.jpg,IMG20251025205551.jpg
KU0495,家庭生活,2025,2025-10-25,day,个人相册,0.8348,2,人物、孩子、材质,02_家庭生活/2025/2025-10-25_IMG20251025205552.jpg,IMG20251025205552.jpg
KU2315,家庭生活,2025,2025-10-25,day,个人相册,0.6386,1,人物、孩子、婴儿,02_家庭生活/2025/2025-10-25_IMG20251025210230.jpg,IMG20251025210230.jpg
KU1979,家庭生活,2025,2025-10-25,day,个人相册,0.6837,1,人物、孩子、大人,02_家庭生活/2025/2025-10-25_IMG20251025210231.jpg,IMG20251025210231.jpg
KU0809,家庭生活,2025,2025-10-25,day,个人相册,0.7739,3,建筑、交通工具、escalator,02_家庭生活/2025/2025-10-25_IMG20251025210234.jpg,IMG20251025210234.jpg
KU2456,家庭生活,2025,2025-10-25,day,个人相册,0.6081,1,人物、孩子、婴儿,02_家庭生活/2025/2025-10-25_wx_camera_1761379050494.jpg,wx_camera_1761379050494.jpg
KU0535,家庭生活,2025,2025-10-25,day,个人相册,0.8146,1,人物、孩子、衣物,02_家庭生活/2025/2025-10-25_wx_camera_1761389896965.jpg,wx_camera_1761389896965.jpg
KU1538,家庭生活,2025,2025-10-27,day,个人相册,0.7216,3,人物、孩子、室内空间,02_家庭生活/2025/2025-10-27_mmexport1761550720189.jpg,mmexport1761550720189.jpg
KU1102,家庭生活,2025,2025-10-28,day,个人相册,0.7527,1,人物、孩子、材质,02_家庭生活/2025/2025-10-28_mmexport1761659982853.jpg,mmexport1761659982853.jpg
KU2548,家庭生活,2025,2025-10-31,day,个人相册,0.5698,1,container、luggage、backpack,02_家庭生活/2025/2025-10-31_wx_camera_1761908173833.jpg,wx_camera_1761908173833.jpg
KU1715,家庭生活,2025,2025-11-01,day,个人相册,0.7065,2,建筑、家具、桌子,02_家庭生活/2025/2025-11-01_wx_camera_1761973632387.jpg,wx_camera_1761973632387.jpg
KU1709,家庭生活,2025,2025-11-02,day,个人相册,0.7073,1,人物、孩子、婴儿,02_家庭生活/2025/2025-11-02_wx_camera_1762065065991.jpg,wx_camera_1762065065991.jpg
KU0622,家庭生活,2025,2025-11-05,day,个人相册,0.7959,4,人物、大人、孩子,02_家庭生活/2025/2025-11-05_IMG20251105200452.jpg,IMG20251105200452.jpg
KU0972,家庭生活,2025,2025-11-05,day,个人相册,0.7613,6,人物、大人、孩子,02_家庭生活/2025/2025-11-05_IMG20251105200453.jpg,IMG20251105200453.jpg
KU1038,家庭生活,2025,2025-11-08,day,个人相册,0.7566,1,户外、草地、陆地,02_家庭生活/2025/2025-11-08_IMG20251108104237.jpg,IMG20251108104237.jpg
KU0877,家庭生活,2025,2025-11-08,day,个人相册,0.7683,2,户外、草地、陆地,02_家庭生活/2025/2025-11-08_IMG20251108104404.jpg,IMG20251108104404.jpg
KU0920,家庭生活,2025,2025-11-08,day,个人相册,0.7651,2,户外、陆地、草地,02_家庭生活/2025/2025-11-08_IMG20251108104405.jpg,IMG20251108104405.jpg
KU1061,家庭生活,2025,2025-11-08,day,个人相册,0.7552,2,户外、草地、陆地,02_家庭生活/2025/2025-11-08_IMG20251108104408.jpg,IMG20251108104408.jpg
KU1898,家庭生活,2025,2025-11-08,day,个人相册,0.69,2,户外、陆地、草地,02_家庭生活/2025/2025-11-08_IMG20251108104414.jpg,IMG20251108104414.jpg
KU2297,家庭生活,2025,2025-11-08,day,个人相册,0.6412,2,户外、草地、陆地,02_家庭生活/2025/2025-11-08_IMG20251108104415.jpg,IMG20251108104415.jpg
KU2555,家庭生活,2025,2025-11-08,day,个人相册,0.5656,2,户外、陆地、草地,02_家庭生活/2025/2025-11-08_IMG20251108104418.jpg,IMG20251108104418.jpg
KU2553,家庭生活,2025,2025-11-08,day,个人相册,0.5662,4,户外、人物、大人,02_家庭生活/2025/2025-11-08_IMG20251108104537.jpg,IMG20251108104537.jpg
KU2224,家庭生活,2025,2025-11-08,day,个人相册,0.6539,4,户外、草地、陆地,02_家庭生活/2025/2025-11-08_IMG20251108104539.jpg,IMG20251108104539.jpg
KU0974,家庭生活,2025,2025-11-08,day,个人相册,0.7612,3,户外、草地、陆地,02_家庭生活/2025/2025-11-08_IMG20251108104543.jpg,IMG20251108104543.jpg
KU0911,家庭生活,2025,2025-11-08,day,个人相册,0.7657,3,户外、草地、陆地,02_家庭生活/2025/2025-11-08_IMG20251108104545.jpg,IMG20251108104545.jpg
KU0778,家庭生活,2025,2025-11-08,day,个人相册,0.7774,3,户外、陆地、草地,02_家庭生活/2025/2025-11-08_IMG20251108104546.jpg,IMG20251108104546.jpg
KU2507,家庭生活,2025,2025-11-08,day,个人相册,0.593,2,户外、天空、多云,02_家庭生活/2025/2025-11-08_mmexport1762587861856.jpg,mmexport1762587861856.jpg
KU1271,家庭生活,2025,2025-11-08,day,个人相册,0.7408,1,户外、蓝天、天空,02_家庭生活/2025/2025-11-08_mmexport1762587866485.jpg,mmexport1762587866485.jpg
KU2470,家庭生活,2025,2025-11-08,day,个人相册,0.6042,2,户外、天空、多云,02_家庭生活/2025/2025-11-08_mmexport1762587871645.jpg,mmexport1762587871645.jpg
KU0956,家庭生活,2025,2025-11-08,day,个人相册,0.7625,1,户外、天空、蓝天,02_家庭生活/2025/2025-11-08_mmexport1762587895372.jpg,mmexport1762587895372.jpg
KU1998,家庭生活,2025,2025-11-08,day,个人相册,0.6818,2,户外、天空、多云,02_家庭生活/2025/2025-11-08_mmexport1762587906790.jpg,mmexport1762587906790.jpg
KU1163,家庭生活,2025,2025-11-08,day,个人相册,0.7474,1,户外、天空、建筑,02_家庭生活/2025/2025-11-08_mmexport1762587912621.jpg,mmexport1762587912621.jpg
KU1986,家庭生活,2025,2025-11-08,day,个人相册,0.6827,3,户外、天空、蓝天,02_家庭生活/2025/2025-11-08_mmexport1762587915742.jpg,mmexport1762587915742.jpg
KU1678,家庭生活,2025,2025-11-15,day,个人相册,0.7094,1,人物、孩子、衣物,02_家庭生活/2025/2025-11-15_mmexport1763169036378.jpg,mmexport1763169036378.jpg
KU1131,家庭生活,2025,2025-11-15,day,个人相册,0.7504,1,人物、孩子、建筑,02_家庭生活/2025/2025-11-15_mmexport1763183486382.jpg,mmexport1763183486382.jpg
KU1622,家庭生活,2025,2025-11-15,day,个人相册,0.7144,2,人物、大人、衣物,02_家庭生活/2025/2025-11-15_mmexport1763183504263.jpg,mmexport1763183504263.jpg
KU2004,家庭生活,2025,2025-11-15,day,个人相册,0.6813,1,人物、孩子、衣物,02_家庭生活/2025/2025-11-15_mmexport1763192881287.jpg,mmexport1763192881287.jpg
KU2544,家庭生活,2025,2025-11-15,day,个人相册,0.5731,2,艺术、statue、户外,02_家庭生活/2025/2025-11-15_mmexport1763192891429.jpg,mmexport1763192891429.jpg
KU2345,家庭生活,2025,2025-11-15,day,个人相册,0.6335,1,户外、天空、多云,02_家庭生活/2025/2025-11-15_mmexport1763193964230.jpg,mmexport1763193964230.jpg
KU2416,家庭生活,2025,2025-11-15,day,个人相册,0.6191,1,人物、孩子、户外,02_家庭生活/2025/2025-11-15_mmexport1763197262706.jpg,mmexport1763197262706.jpg
KU1363,家庭生活,2025,2025-11-16,day,个人相册,0.7347,1,人物、孩子、utensil,02_家庭生活/2025/2025-11-16_mmexport1763253103347.jpg,mmexport1763253103347.jpg
KU1471,家庭生活,2025,2025-11-16,day,个人相册,0.727,2,utensil、餐具、建筑,02_家庭生活/2025/2025-11-16_mmexport1763253105865.jpg,mmexport1763253105865.jpg
KU2169,家庭生活,2025,2025-11-16,day,个人相册,0.6642,2,人物、孩子、建筑,02_家庭生活/2025/2025-11-16_mmexport1763260769900.jpg,mmexport1763260769900.jpg
KU1943,家庭生活,2025,2025-11-16,day,个人相册,0.6865,2,人物、孩子、建筑,02_家庭生活/2025/2025-11-16_mmexport1763260779621.jpg,mmexport1763260779621.jpg
KU1423,家庭生活,2025,2025-11-16,day,个人相册,0.7305,1,人物、孩子、餐具,02_家庭生活/2025/2025-11-16_mmexport1763264045393.jpg,mmexport1763264045393.jpg
KU2187,家庭生活,2025,2025-11-16,day,个人相册,0.6605,1,植物、树叶、建筑,02_家庭生活/2025/2025-11-16_mmexport1763274783540.jpg,mmexport1763274783540.jpg
KU2332,家庭生活,2025,2025-11-23,day,个人相册,0.6353,5,人物、大人、孩子,02_家庭生活/2025/2025-11-23_IMG20251123111843.jpg,IMG20251123111843.jpg
KU2232,家庭生活,2025,2025-11-23,day,个人相册,0.6522,3,人物、孩子、户外,02_家庭生活/2025/2025-11-23_IMG20251123111845.jpg,IMG20251123111845.jpg
KU1987,家庭生活,2025,2025-11-23,day,个人相册,0.6827,4,户外、天空、人物,02_家庭生活/2025/2025-11-23_IMG20251123111856.jpg,IMG20251123111856.jpg
KU1115,家庭生活,2025,2025-11-23,day,个人相册,0.7516,2,户外、蓝天、天空,02_家庭生活/2025/2025-11-23_mmexport1763869787884.jpg,mmexport1763869787884.jpg
KU1610,家庭生活,2025,2025-11-23,day,个人相册,0.7156,2,户外、天空、蓝天,02_家庭生活/2025/2025-11-23_mmexport1763869957827.jpg,mmexport1763869957827.jpg
KU2537,家庭生活,2025,2025-11-23,day,个人相册,0.5788,2,户外、天空、蓝天,02_家庭生活/2025/2025-11-23_mmexport1763869963041.jpg,mmexport1763869963041.jpg
KU1889,家庭生活,2025,2025-12-02,day,个人相册,0.6913,3,人物、孩子、衣物,02_家庭生活/2025/2025-12-02_mmexport1764672119523.jpg,mmexport1764672119523.jpg
KU2141,家庭生活,2025,2025-12-03,day,个人相册,0.6675,1,人物、孩子、建筑,02_家庭生活/2025/2025-12-03_IMG20251203203726.jpg,IMG20251203203726.jpg
KU1481,家庭生活,2025,2025-12-05,day,个人相册,0.7263,2,人物、孩子、container,02_家庭生活/2025/2025-12-05_mmexport1764929199264.jpg,mmexport1764929199264.jpg
KU2246,家庭生活,2025,2025-12-06,day,个人相册,0.6503,2,人物、孩子、衣物,02_家庭生活/2025/2025-12-06_IMG20251206101343.jpg,IMG20251206101343.jpg
KU1018,家庭生活,2025,2025-12-06,day,个人相册,0.7582,1,人物、孩子、陆地,02_家庭生活/2025/2025-12-06_IMG20251206101346.jpg,IMG20251206101346.jpg
KU0710,家庭生活,2025,2025-12-06,day,个人相册,0.7851,2,人物、孩子、陆地,02_家庭生活/2025/2025-12-06_IMG20251206101348.jpg,IMG20251206101348.jpg
KU0801,家庭生活,2025,2025-12-06,day,个人相册,0.7745,1,陆地、户外、草地,02_家庭生活/2025/2025-12-06_IMG20251206123845.jpg,IMG20251206123845.jpg
KU1637,家庭生活,2025,2025-12-06,day,个人相册,0.7131,1,陆地、户外、草地,02_家庭生活/2025/2025-12-06_IMG20251206123846.jpg,IMG20251206123846.jpg
KU0707,家庭生活,2025,2025-12-06,day,个人相册,0.7854,1,陆地、户外、草地,02_家庭生活/2025/2025-12-06_IMG20251206123847.jpg,IMG20251206123847.jpg
KU0499,家庭生活,2025,2025-12-06,day,个人相册,0.8322,1,陆地、户外、草地,02_家庭生活/2025/2025-12-06_IMG20251206123848.jpg,IMG20251206123848.jpg
KU0490,家庭生活,2025,2025-12-06,day,个人相册,0.8396,1,陆地、户外、草地,02_家庭生活/2025/2025-12-06_IMG20251206123849.jpg,IMG20251206123849.jpg
KU0949,家庭生活,2025,2025-12-06,day,个人相册,0.7628,1,户外、陆地、草地,02_家庭生活/2025/2025-12-06_IMG20251206123938.jpg,IMG20251206123938.jpg
KU1207,家庭生活,2025,2025-12-06,day,个人相册,0.7453,1,户外、陆地、草地,02_家庭生活/2025/2025-12-06_IMG20251206123940.jpg,IMG20251206123940.jpg
KU0726,家庭生活,2025,2025-12-06,day,个人相册,0.7826,1,人物、孩子、植物,02_家庭生活/2025/2025-12-06_IMG20251206123942.jpg,IMG20251206123942.jpg
KU0699,家庭生活,2025,2025-12-06,day,个人相册,0.7862,1,人物、孩子、植物,02_家庭生活/2025/2025-12-06_IMG20251206123943.jpg,IMG20251206123943.jpg
KU0582,家庭生活,2025,2025-12-06,day,个人相册,0.804,1,人物、孩子、植物,02_家庭生活/2025/2025-12-06_IMG20251206123944.jpg,IMG20251206123944.jpg
KU2374,家庭生活,2025,2025-12-07,day,个人相册,0.6291,1,蓝天、户外、天空,02_家庭生活/2025/2025-12-07_mmexport1765081139320.jpg,mmexport1765081139320.jpg
KU2033,家庭生活,2025,2025-12-07,day,个人相册,0.6784,1,蓝天、户外、天空,02_家庭生活/2025/2025-12-07_mmexport1765081140614.jpg,mmexport1765081140614.jpg
KU2386,家庭生活,2025,2025-12-07,day,个人相册,0.6262,1,人物、婴儿、材质,02_家庭生活/2025/2025-12-07_mmexport1765081144103.jpg,mmexport1765081144103.jpg
KU2164,家庭生活,2025,2025-12-07,day,个人相册,0.6647,1,户外、陆地、石头,02_家庭生活/2025/2025-12-07_mmexport1765081189499.jpg,mmexport1765081189499.jpg
KU1252,家庭生活,2025,2025-12-07,day,个人相册,0.7421,1,建筑、石头、人物,02_家庭生活/2025/2025-12-07_mmexport1765081191012.jpg,mmexport1765081191012.jpg
KU0757,家庭生活,2025,2025-12-07,day,个人相册,0.7797,1,人物、孩子、建筑,02_家庭生活/2025/2025-12-07_mmexport1765081192694.jpg,mmexport1765081192694.jpg
KU1443,家庭生活,2025,2025-12-07,day,个人相册,0.7294,1,人物、孩子、建筑,02_家庭生活/2025/2025-12-07_mmexport1765081198647.jpg,mmexport1765081198647.jpg
KU2513,家庭生活,2025,2025-12-07,day,个人相册,0.5898,1,建筑、石头、草地,02_家庭生活/2025/2025-12-07_mmexport1765081200156.jpg,mmexport1765081200156.jpg
KU1223,家庭生活,2025,2025-12-07,day,个人相册,0.7443,2,人物、大人、婴儿,02_家庭生活/2025/2025-12-07_mmexport1765081201511.jpg,mmexport1765081201511.jpg
KU2391,家庭生活,2025,2025-12-07,day,个人相册,0.6241,2,人物、大人、孩子,02_家庭生活/2025/2025-12-07_mmexport1765081204441.jpg,mmexport1765081204441.jpg
KU1774,家庭生活,2025,2025-12-07,day,个人相册,0.7014,2,人物、大人、孩子,02_家庭生活/2025/2025-12-07_mmexport1765081205922.jpg,mmexport1765081205922.jpg
KU0740,家庭生活,2025,2025-12-07,day,个人相册,0.7808,2,人物、大人、孩子,02_家庭生活/2025/2025-12-07_mmexport1765081207518.jpg,mmexport1765081207518.jpg
KU2186,家庭生活,2025,2025-12-07,day,个人相册,0.6606,5,建筑、石头、人物,02_家庭生活/2025/2025-12-07_mmexport1765081210463.jpg,mmexport1765081210463.jpg
KU1365,家庭生活,2025,2025-12-07,day,个人相册,0.7346,1,建筑、围栏、户外,02_家庭生活/2025/2025-12-07_mmexport1765081213864.jpg,mmexport1765081213864.jpg
KU1329,家庭生活,2025,2025-12-07,day,个人相册,0.7368,1,人物、孩子、建筑,02_家庭生活/2025/2025-12-07_mmexport1765081215471.jpg,mmexport1765081215471.jpg
KU0753,家庭生活,2025,2025-12-07,day,个人相册,0.7798,1,户外、陆地、草地,02_家庭生活/2025/2025-12-07_mmexport1765081216964.jpg,mmexport1765081216964.jpg
KU0899,家庭生活,2025,2025-12-07,day,个人相册,0.7665,1,户外、天空、多云,02_家庭生活/2025/2025-12-07_mmexport1765081218624.jpg,mmexport1765081218624.jpg
KU1756,家庭生活,2025,2025-12-07,day,个人相册,0.703,1,户外、天空、多云,02_家庭生活/2025/2025-12-07_mmexport1765081220151.jpg,mmexport1765081220151.jpg
KU2135,家庭生活,2025,2025-12-07,day,个人相册,0.6683,3,户外、天空、多云,02_家庭生活/2025/2025-12-07_mmexport1765081221609.jpg,mmexport1765081221609.jpg
KU1848,家庭生活,2025,2025-12-07,day,个人相册,0.6948,1,户外、建筑、天空,02_家庭生活/2025/2025-12-07_mmexport1765081223092.jpg,mmexport1765081223092.jpg
KU1389,家庭生活,2025,2025-12-07,day,个人相册,0.733,2,户外、天空、多云,02_家庭生活/2025/2025-12-07_mmexport1765081226285.jpg,mmexport1765081226285.jpg
KU2093,家庭生活,2025,2025-12-07,day,个人相册,0.6734,2,户外、天空、蓝天,02_家庭生活/2025/2025-12-07_mmexport1765081227994.jpg,mmexport1765081227994.jpg
KU2412,家庭生活,2025,2025-12-07,day,个人相册,0.6194,1,人物、婴儿、材质,02_家庭生活/2025/2025-12-07_mmexport1765081235067.jpg,mmexport1765081235067.jpg
KU1408,家庭生活,2025,2025-12-09,day,个人相册,0.7316,3,人物、孩子、大人,02_家庭生活/2025/2025-12-09_mmexport1765289182619.jpg,mmexport1765289182619.jpg
KU1675,家庭生活,2025,2025-12-09,day,个人相册,0.7096,3,人物、孩子、大人,02_家庭生活/2025/2025-12-09_mmexport1765289184984.jpg,mmexport1765289184984.jpg
KU0876,家庭生活,2025,2025-12-09,day,个人相册,0.7684,3,人物、衣物、孩子,02_家庭生活/2025/2025-12-09_mmexport1765289187230.jpg,mmexport1765289187230.jpg
KU1160,家庭生活,2025,2025-12-09,day,个人相册,0.7477,5,人物、大人、孩子,02_家庭生活/2025/2025-12-09_mmexport1765289298460.jpg,mmexport1765289298460.jpg
KU2543,家庭生活,2025,2025-12-09,day,个人相册,0.5743,5,户外、天空、建筑,02_家庭生活/2025/2025-12-09_mmexport1765290173042.jpg,mmexport1765290173042.jpg
KU0831,家庭生活,2025,2025-12-14,day,个人相册,0.7721,2,人物、孩子、户外,02_家庭生活/2025/2025-12-14_IMG20251214101742.jpg,IMG20251214101742.jpg
KU0810,家庭生活,2025,2025-12-14,day,个人相册,0.7739,3,人物、孩子、植物,02_家庭生活/2025/2025-12-14_IMG20251214101743.jpg,IMG20251214101743.jpg
KU1511,家庭生活,2025,2025-12-14,day,个人相册,0.7237,3,人物、孩子、植物,02_家庭生活/2025/2025-12-14_IMG20251214101744.jpg,IMG20251214101744.jpg
KU0755,家庭生活,2025,2025-12-14,day,个人相册,0.7797,3,人物、孩子、植物,02_家庭生活/2025/2025-12-14_IMG20251214101745.jpg,IMG20251214101745.jpg
KU2083,家庭生活,2025,2025-12-14,day,个人相册,0.6744,3,人物、孩子、植物,02_家庭生活/2025/2025-12-14_IMG20251214101747.jpg,IMG20251214101747.jpg
KU0506,家庭生活,2025,2025-12-14,day,个人相册,0.8286,2,草地、陆地、户外,02_家庭生活/2025/2025-12-14_IMG20251214101750.jpg,IMG20251214101750.jpg
KU1780,家庭生活,2025,2025-12-14,day,个人相册,0.7007,2,人物、孩子、材质,02_家庭生活/2025/2025-12-14_IMG20251214112001.jpg,IMG20251214112001.jpg
KU2050,家庭生活,2025,2025-12-14,day,个人相册,0.6774,1,人物、孩子、建筑,02_家庭生活/2025/2025-12-14_IMG20251214114828.jpg,IMG20251214114828.jpg
KU1081,家庭生活,2025,2025-12-14,day,个人相册,0.7539,1,人物、孩子、材质,02_家庭生活/2025/2025-12-14_IMG20251214114831.jpg,IMG20251214114831.jpg
KU1292,家庭生活,2025,2025-12-14,day,个人相册,0.7393,1,人物、孩子、建筑,02_家庭生活/2025/2025-12-14_IMG20251214114911.jpg,IMG20251214114911.jpg
KU1696,家庭生活,2025,2025-12-14,day,个人相册,0.7081,1,人物、孩子、建筑,02_家庭生活/2025/2025-12-14_IMG20251214114913.jpg,IMG20251214114913.jpg
KU1732,家庭生活,2025,2025-12-14,day,个人相册,0.7056,2,人物、孩子、stuffed_animals,02_家庭生活/2025/2025-12-14_IMG20251214115820.jpg,IMG20251214115820.jpg
KU1417,家庭生活,2025,2025-12-14,day,个人相册,0.7309,3,人物、孩子、建筑,02_家庭生活/2025/2025-12-14_IMG20251214115824.jpg,IMG20251214115824.jpg
KU1134,家庭生活,2025,2025-12-14,day,个人相册,0.75,3,人物、孩子、衣物,02_家庭生活/2025/2025-12-14_IMG20251214115825.jpg,IMG20251214115825.jpg
KU1856,家庭生活,2025,2025-12-14,day,个人相册,0.6941,2,建筑、木制品、人物,02_家庭生活/2025/2025-12-14_IMG20251214124415.jpg,IMG20251214124415.jpg
KU0973,家庭生活,2025,2025-12-20,day,个人相册,0.7613,4,户外、天空、人物,02_家庭生活/2025/2025-12-20_mmexport1766198578476.jpg,mmexport1766198578476.jpg
KU1982,家庭生活,2025,2025-12-20,day,个人相册,0.683,4,植物、decorative_plant、人物,02_家庭生活/2025/2025-12-20_mmexport1766198584595.jpg,mmexport1766198584595.jpg
KU1966,家庭生活,2025,2025-12-21,day,个人相册,0.6847,1,人物、孩子、衣物,02_家庭生活/2025/2025-12-21_IMG20251221125938.jpg,IMG20251221125938.jpg
KU1729,家庭生活,2025,2025-12-21,day,个人相册,0.7056,1,人物、孩子、衣物,02_家庭生活/2025/2025-12-21_IMG20251221125940.jpg,IMG20251221125940.jpg
KU2517,家庭生活,2025,2025-12-21,day,个人相册,0.5872,3,人物、建筑、大人,02_家庭生活/2025/2025-12-21_IMG20251221182420.jpg,IMG20251221182420.jpg
KU0929,家庭生活,2025,2025-12-22,day,个人相册,0.7644,4,人物、孩子、衣物,02_家庭生活/2025/2025-12-22_Image_1766395533475_481.jpg,Image_1766395533475_481.jpg
KU0662,家庭生活,2025,2025-12-22,day,个人相册,0.7908,2,人物、孩子、餐具,02_家庭生活/2025/2025-12-22_Image_1766397742070_194.jpg,Image_1766397742070_194.jpg
KU1413,家庭生活,2025,2025-12-26,day,个人相册,0.7311,5,人物、大人、孩子,02_家庭生活/2025/2025-12-26_mmexport1766714220267.jpg,mmexport1766714220267.jpg
KU2370,家庭生活,2025,2025-12-26,day,个人相册,0.6298,7,人物、大人、陆地,02_家庭生活/2025/2025-12-26_mmexport1766717136091.jpg,mmexport1766717136091.jpg
KU1618,家庭生活,2025,2025-12-27,day,个人相册,0.7148,1,人物、孩子、户外,02_家庭生活/2025/2025-12-27_IMG20251227095921.jpg,IMG20251227095921.jpg
KU1834,家庭生活,2025,2025-12-27,day,个人相册,0.6965,1,户外、陆地、草地,02_家庭生活/2025/2025-12-27_IMG20251227095922.jpg,IMG20251227095922.jpg
KU1916,家庭生活,2025,2025-12-27,day,个人相册,0.689,1,人物、孩子、植物,02_家庭生活/2025/2025-12-27_IMG20251227170326.jpg,IMG20251227170326.jpg
KU2303,家庭生活,2025,2025-12-27,day,个人相册,0.6402,1,建筑、交通工具、台阶,02_家庭生活/2025/2025-12-27_IMG20251227172852.jpg,IMG20251227172852.jpg
KU0541,家庭生活,2025,2025-12-27,day,个人相册,0.8123,1,人物、孩子、衣物,02_家庭生活/2025/2025-12-27_wx_camera_1766799149685.jpg,wx_camera_1766799149685.jpg
KU0736,家庭生活,2025,2025-12-28,day,个人相册,0.7813,2,人物、孩子、户外,02_家庭生活/2025/2025-12-28_IMG20251228115701.jpg,IMG20251228115701.jpg
KU2419,家庭生活,2025,2025-12-28,day,个人相册,0.6187,2,户外、天空、多云,02_家庭生活/2025/2025-12-28_IMG20251228115718.jpg,IMG20251228115718.jpg
KU1995,家庭生活,2025,2025-12-28,day,个人相册,0.6819,2,户外、天空、多云,02_家庭生活/2025/2025-12-28_IMG20251228115722.jpg,IMG20251228115722.jpg
KU2554,家庭生活,2025,2025-12-28,day,个人相册,0.5659,2,户外、天空、多云,02_家庭生活/2025/2025-12-28_IMG20251228115725.jpg,IMG20251228115725.jpg
KU0536,家庭生活,2025,2025-12-28,day,个人相册,0.8144,2,户外、天空、多云,02_家庭生活/2025/2025-12-28_IMG20251228121439.jpg,IMG20251228121439.jpg
KU1387,家庭生活,2025,2025-12-28,day,个人相册,0.733,2,户外、人物、孩子,02_家庭生活/2025/2025-12-28_IMG20251228121440.jpg,IMG20251228121440.jpg
KU0601,家庭生活,2025,2025-12-28,day,个人相册,0.7992,2,人物、孩子、户外,02_家庭生活/2025/2025-12-28_IMG20251228121442.jpg,IMG20251228121442.jpg
KU0586,家庭生活,2025,2025-12-28,day,个人相册,0.8027,2,户外、人物、孩子,02_家庭生活/2025/2025-12-28_IMG20251228121446.jpg,IMG20251228121446.jpg
KU0745,家庭生活,2025,2025-12-28,day,个人相册,0.7806,2,户外、人物、孩子,02_家庭生活/2025/2025-12-28_IMG20251228121447.jpg,IMG20251228121447.jpg
KU1629,家庭生活,2025,2025-12-28,day,个人相册,0.7137,2,户外、天空、多云,02_家庭生活/2025/2025-12-28_IMG20251228121448.jpg,IMG20251228121448.jpg
KU1221,家庭生活,2025,2025-12-28,day,个人相册,0.7443,2,户外、天空、多云,02_家庭生活/2025/2025-12-28_IMG20251228121449.jpg,IMG20251228121449.jpg
KU1169,家庭生活,2025,2025-12-28,day,个人相册,0.7472,2,户外、天空、多云,02_家庭生活/2025/2025-12-28_IMG20251228121450.jpg,IMG20251228121450.jpg
KU1027,家庭生活,2025,2025-12-28,day,个人相册,0.7576,2,户外、天空、多云,02_家庭生活/2025/2025-12-28_IMG20251228121450_01.jpg,IMG20251228121450_01.jpg
KU1499,家庭生活,2025,2025-12-28,day,个人相册,0.7246,2,户外、天空、多云,02_家庭生活/2025/2025-12-28_IMG20251228121452.jpg,IMG20251228121452.jpg
KU1144,家庭生活,2025,2025-12-28,day,个人相册,0.7495,3,户外、天空、多云,02_家庭生活/2025/2025-12-28_IMG20251228121518.jpg,IMG20251228121518.jpg
KU2405,家庭生活,2025,2025-12-28,day,个人相册,0.6205,3,人物、孩子、户外,02_家庭生活/2025/2025-12-28_IMG20251228121652.jpg,IMG20251228121652.jpg
KU1997,家庭生活,2025,2025-12-28,day,个人相册,0.6818,2,人物、孩子、艺术,02_家庭生活/2025/2025-12-28_IMG20251228141124.jpg,IMG20251228141124.jpg
KU0754,家庭生活,2025,2025-12-28,day,个人相册,0.7798,2,人物、孩子、材质,02_家庭生活/2025/2025-12-28_IMG20251228141129.jpg,IMG20251228141129.jpg
KU0912,家庭生活,2025,2025-12-28,day,个人相册,0.7656,2,人物、孩子、大人,02_家庭生活/2025/2025-12-28_IMG20251228141135.jpg,IMG20251228141135.jpg
KU2174,家庭生活,2025,2025-12-28,day,个人相册,0.6636,3,人物、户外、天空,02_家庭生活/2025/2025-12-28_IMG20251228141607.jpg,IMG20251228141607.jpg
KU0802,家庭生活,2025,2025-12-28,day,个人相册,0.7744,2,人物、孩子、机械,02_家庭生活/2025/2025-12-28_IMG20251228142149.jpg,IMG20251228142149.jpg
KU0781,家庭生活,2025,2025-12-28,day,个人相册,0.7771,2,人物、孩子、建筑,02_家庭生活/2025/2025-12-28_IMG20251228142150.jpg,IMG20251228142150.jpg
KU1090,家庭生活,2025,2025-12-28,day,个人相册,0.7534,2,人物、孩子、建筑,02_家庭生活/2025/2025-12-28_IMG20251228142152.jpg,IMG20251228142152.jpg
KU1501,家庭生活,2025,2025-12-28,day,个人相册,0.7244,2,人物、孩子、大人,02_家庭生活/2025/2025-12-28_IMG20251228142629.jpg,IMG20251228142629.jpg
KU2150,家庭生活,2025,2025-12-28,day,个人相册,0.6667,2,建筑、utensil、餐具,02_家庭生活/2025/2025-12-28_IMG20251228175042.jpg,IMG20251228175042.jpg
KU2072,家庭生活,2025,2025-12-28,day,个人相册,0.6753,2,户外、天空、人物,02_家庭生活/2025/2025-12-28_mmexport1766920576867.jpg,mmexport1766920576867.jpg
KU1590,家庭生活,2025,2025-12-28,day,个人相册,0.7169,2,户外、天空、多云,02_家庭生活/2025/2025-12-28_mmexport1766920589177.jpg,mmexport1766920589177.jpg
KU2471,家庭生活,2025,2025-12-28,day,个人相册,0.604,3,户外、天空、多云,02_家庭生活/2025/2025-12-28_mmexport1766920623733.jpg,mmexport1766920623733.jpg
KU2078,家庭生活,2025,2025-12-28,day,个人相册,0.675,4,户外、天空、多云,02_家庭生活/2025/2025-12-28_mmexport1766920628599.jpg,mmexport1766920628599.jpg
KU2449,家庭生活,2025,2025-12-28,day,个人相册,0.6103,4,户外、天空、多云,02_家庭生活/2025/2025-12-28_mmexport1766920636010.jpg,mmexport1766920636010.jpg
KU2300,家庭生活,2025,2025-12-28,day,个人相册,0.6408,4,户外、天空、人物,02_家庭生活/2025/2025-12-28_mmexport1766920639882.jpg,mmexport1766920639882.jpg
KU2501,家庭生活,2025,2025-12-29,day,个人相册,0.5946,1,人物、孩子、材质,02_家庭生活/2025/2025-12-29_IMG20251229194817.jpg,IMG20251229194817.jpg
KU1215,家庭生活,2025,2025-12-31,day,个人相册,0.7448,2,人物、孩子、建筑,02_家庭生活/2025/2025-12-31_IMG20251231203601.jpg,IMG20251231203601.jpg
KU1910,家庭生活,2025,2025-12-31,day,个人相册,0.6891,2,人物、孩子、建筑,02_家庭生活/2025/2025-12-31_IMG20251231203604.jpg,IMG20251231203604.jpg
KU1274,家庭生活,2026,2026-01-01,day,个人相册,0.7406,2,人物、孩子、建筑,02_家庭生活/2026/2026-01-01_IMG20260101090136.jpg,IMG20260101090136.jpg
KU0891,家庭生活,2026,2026-01-01,day,个人相册,0.7669,2,utensil、餐具、碗,02_家庭生活/2026/2026-01-01_IMG20260101131353.jpg,IMG20260101131353.jpg
KU1591,家庭生活,2026,2026-01-01,day,个人相册,0.7168,3,人物、大人、孩子,02_家庭生活/2026/2026-01-01_IMG20260101141305.jpg,IMG20260101141305.jpg
KU1393,家庭生活,2026,2026-01-01,day,个人相册,0.7326,3,人物、大人、孩子,02_家庭生活/2026/2026-01-01_IMG20260101141308.jpg,IMG20260101141308.jpg
KU0822,家庭生活,2026,2026-01-01,day,个人相册,0.7727,3,人物、大人、人群,02_家庭生活/2026/2026-01-01_IMG20260101141309.jpg,IMG20260101141309.jpg
KU1858,家庭生活,2026,2026-01-01,day,个人相册,0.6939,3,人物、大人、孩子,02_家庭生活/2026/2026-01-01_IMG20260101141311.jpg,IMG20260101141311.jpg
KU1825,家庭生活,2026,2026-01-01,day,个人相册,0.6972,3,人物、孩子、大人,02_家庭生活/2026/2026-01-01_IMG20260101141314.jpg,IMG20260101141314.jpg
KU1352,家庭生活,2026,2026-01-01,day,个人相册,0.7354,3,人物、孩子、大人,02_家庭生活/2026/2026-01-01_IMG20260101141320.jpg,IMG20260101141320.jpg
KU0714,家庭生活,2026,2026-01-01,day,个人相册,0.7849,2,人物、孩子、衣物,02_家庭生活/2026/2026-01-01_IMG20260101144230.jpg,IMG20260101144230.jpg
KU1894,家庭生活,2026,2026-01-01,day,个人相册,0.6909,1,人物、孩子、衣物,02_家庭生活/2026/2026-01-01_IMG20260101144744.jpg,IMG20260101144744.jpg
KU0578,家庭生活,2026,2026-01-01,day,个人相册,0.8044,1,人物、孩子、衣物,02_家庭生活/2026/2026-01-01_IMG20260101185855.jpg,IMG20260101185855.jpg
KU0977,家庭生活,2026,2026-01-01,day,个人相册,0.7611,2,人物、孩子、大人,02_家庭生活/2026/2026-01-01_IMG20260101185856.jpg,IMG20260101185856.jpg
KU0648,家庭生活,2026,2026-01-01,day,个人相册,0.7929,3,人物、孩子、大人,02_家庭生活/2026/2026-01-01_IMG20260101185857.jpg,IMG20260101185857.jpg
KU0701,家庭生活,2026,2026-01-01,day,个人相册,0.7861,8,人物、大人、孩子,02_家庭生活/2026/2026-01-01_IMG20260101185917.jpg,IMG20260101185917.jpg
KU0709,家庭生活,2026,2026-01-01,day,个人相册,0.7853,7,人物、大人、户外,02_家庭生活/2026/2026-01-01_IMG20260101185918.jpg,IMG20260101185918.jpg
KU1912,家庭生活,2026,2026-01-01,day,个人相册,0.6891,7,人物、大人、孩子,02_家庭生活/2026/2026-01-01_IMG20260101185920.jpg,IMG20260101185920.jpg
KU1545,家庭生活,2026,2026-01-01,day,个人相册,0.7209,4,人物、大人、户外,02_家庭生活/2026/2026-01-01_dji_mimo_20260101_151610_0_1767448355170_burst (1).jpg,dji_mimo_20260101_151610_0_1767448355170_burst (1).jpg
KU1313,家庭生活,2026,2026-01-01,day,个人相册,0.7378,5,人物、大人、户外,02_家庭生活/2026/2026-01-01_dji_mimo_20260101_151610_0_1767448355170_burst (2).jpg,dji_mimo_20260101_151610_0_1767448355170_burst (2).jpg
KU1521,家庭生活,2026,2026-01-01,day,个人相册,0.7226,5,人物、大人、户外,02_家庭生活/2026/2026-01-01_dji_mimo_20260101_151610_0_1767448355170_burst.jpg,dji_mimo_20260101_151610_0_1767448355170_burst.jpg
KU0968,家庭生活,2026,2026-01-01,day,个人相册,0.7615,4,人物、大人、户外,02_家庭生活/2026/2026-01-01_dji_mimo_20260101_151610_0_1767448355171_burst (1).jpg,dji_mimo_20260101_151610_0_1767448355171_burst (1).jpg
KU1064,家庭生活,2026,2026-01-01,day,个人相册,0.7549,5,人物、大人、户外,02_家庭生活/2026/2026-01-01_dji_mimo_20260101_151610_0_1767448355171_burst.jpg,dji_mimo_20260101_151610_0_1767448355171_burst.jpg
KU1931,家庭生活,2026,2026-01-01,day,个人相册,0.6873,6,户外、人物、天空,02_家庭生活/2026/2026-01-01_dji_mimo_20260101_151750_0_1767448355062_burst (2).jpg,dji_mimo_20260101_151750_0_1767448355062_burst (2).jpg
KU1555,家庭生活,2026,2026-01-01,day,个人相册,0.7202,4,人物、大人、户外,02_家庭生活/2026/2026-01-01_dji_mimo_20260101_151750_0_1767448355062_burst.jpg,dji_mimo_20260101_151750_0_1767448355062_burst.jpg
KU1517,家庭生活,2026,2026-01-01,day,个人相册,0.7227,6,人物、大人、户外,02_家庭生活/2026/2026-01-01_dji_mimo_20260101_151750_0_1767448355063_burst (1).jpg,dji_mimo_20260101_151750_0_1767448355063_burst (1).jpg
KU2270,家庭生活,2026,2026-01-01,day,个人相册,0.6456,6,人物、户外、大人,02_家庭生活/2026/2026-01-01_dji_mimo_20260101_151750_0_1767448355063_burst.jpg,dji_mimo_20260101_151750_0_1767448355063_burst.jpg
KU2390,家庭生活,2026,2026-01-01,day,个人相册,0.6242,8,人物、大人、人群,02_家庭生活/2026/2026-01-01_mmexport1767266263696.jpg,mmexport1767266263696.jpg
KU2378,家庭生活,2026,2026-01-01,day,个人相册,0.6283,10,人物、大人、人群,02_家庭生活/2026/2026-01-01_mmexport1767266265660.jpg,mmexport1767266265660.jpg
KU2429,家庭生活,2026,2026-01-02,day,个人相册,0.6159,2,建筑、围栏、人物,02_家庭生活/2026/2026-01-02_IMG20260102105420.jpg,IMG20260102105420.jpg
KU1306,家庭生活,2026,2026-01-02,day,个人相册,0.7383,2,人物、孩子、建筑,02_家庭生活/2026/2026-01-02_IMG20260102105421.jpg,IMG20260102105421.jpg
KU1150,家庭生活,2026,2026-01-02,day,个人相册,0.7486,2,建筑、人物、孩子,02_家庭生活/2026/2026-01-02_IMG20260102105422.jpg,IMG20260102105422.jpg
KU1788,家庭生活,2026,2026-01-02,day,个人相册,0.7,3,人物、孩子、建筑,02_家庭生活/2026/2026-01-02_IMG20260102105425.jpg,IMG20260102105425.jpg
KU1924,家庭生活,2026,2026-01-02,day,个人相册,0.6884,2,人物、孩子、建筑,02_家庭生活/2026/2026-01-02_IMG20260102105427.jpg,IMG20260102105427.jpg
KU2046,家庭生活,2026,2026-01-02,day,个人相册,0.6775,2,人物、孩子、建筑,02_家庭生活/2026/2026-01-02_IMG20260102105430.jpg,IMG20260102105430.jpg
KU1216,家庭生活,2026,2026-01-02,day,个人相册,0.7448,2,人物、孩子、建筑,02_家庭生活/2026/2026-01-02_IMG20260102105431.jpg,IMG20260102105431.jpg
KU1960,家庭生活,2026,2026-01-02,day,个人相册,0.6854,2,人物、孩子、建筑,02_家庭生活/2026/2026-01-02_IMG20260102105432.jpg,IMG20260102105432.jpg
KU2574,家庭生活,2026,2026-01-02,day,个人相册,0.5526,2,户外、天空、多云,02_家庭生活/2026/2026-01-02_mmexport1767315758350.jpg,mmexport1767315758350.jpg
KU1905,家庭生活,2026,2026-01-03,day,个人相册,0.6896,6,户外、天空、蓝天,02_家庭生活/2026/2026-01-03_IMG20260103133432.jpg,IMG20260103133432.jpg
KU1354,家庭生活,2026,2026-01-03,day,个人相册,0.7353,4,人物、户外、天空,02_家庭生活/2026/2026-01-03_IMG20260103133434.jpg,IMG20260103133434.jpg
KU2217,家庭生活,2026,2026-01-03,day,个人相册,0.6548,5,户外、天空、蓝天,02_家庭生活/2026/2026-01-03_IMG20260103133733.jpg,IMG20260103133733.jpg
KU2211,家庭生活,2026,2026-01-03,day,个人相册,0.6552,5,户外、天空、人物,02_家庭生活/2026/2026-01-03_IMG20260103133733_02.jpg,IMG20260103133733_02.jpg
KU2149,家庭生活,2026,2026-01-03,day,个人相册,0.6669,4,户外、天空、人物,02_家庭生活/2026/2026-01-03_IMG20260103133734.jpg,IMG20260103133734.jpg
KU2560,家庭生活,2026,2026-01-03,day,个人相册,0.5627,6,户外、天空、人物,02_家庭生活/2026/2026-01-03_IMG20260103133734_01.jpg,IMG20260103133734_01.jpg
KU2556,家庭生活,2026,2026-01-03,day,个人相册,0.564,4,户外、天空、蓝天,02_家庭生活/2026/2026-01-03_IMG20260103133736.jpg,IMG20260103133736.jpg
KU2251,家庭生活,2026,2026-01-03,day,个人相册,0.6495,10,人物、户外、天空,02_家庭生活/2026/2026-01-03_IMG20260103133739_01.jpg,IMG20260103133739_01.jpg
KU1983,家庭生活,2026,2026-01-03,day,个人相册,0.683,5,户外、天空、蓝天,02_家庭生活/2026/2026-01-03_IMG20260103133835.jpg,IMG20260103133835.jpg
KU2438,家庭生活,2026,2026-01-03,day,个人相册,0.6132,5,人物、户外、天空,02_家庭生活/2026/2026-01-03_IMG20260103133839.jpg,IMG20260103133839.jpg
KU1323,家庭生活,2026,2026-01-03,day,个人相册,0.7372,6,人物、户外、天空,02_家庭生活/2026/2026-01-03_IMG20260103133845.jpg,IMG20260103133845.jpg
KU1167,家庭生活,2026,2026-01-03,day,个人相册,0.7472,8,人物、户外、天空,02_家庭生活/2026/2026-01-03_IMG20260103133846.jpg,IMG20260103133846.jpg
KU2220,家庭生活,2026,2026-01-03,day,个人相册,0.6543,3,人物、孩子、大人,02_家庭生活/2026/2026-01-03_IMG20260103141406.jpg,IMG20260103141406.jpg
KU2463,家庭生活,2026,2026-01-03,day,个人相册,0.6057,2,人物、孩子、建筑,02_家庭生活/2026/2026-01-03_IMG20260103184648.jpg,IMG20260103184648.jpg
KU1125,家庭生活,2026,2026-01-03,day,个人相册,0.7508,8,人物、大人、人群,02_家庭生活/2026/2026-01-03_mmexport1767404615803.jpg,mmexport1767404615803.jpg
KU1823,家庭生活,2026,2026-01-04,day,个人相册,0.6975,1,人物、孩子、umbrella,02_家庭生活/2026/2026-01-04_mmexport1767507182929.jpg,mmexport1767507182929.jpg
KU2147,家庭生活,2026,2026-01-06,day,个人相册,0.6672,1,人物、孩子、container,02_家庭生活/2026/2026-01-06_IMG20260106210858.jpg,IMG20260106210858.jpg
KU2394,家庭生活,2026,2026-01-06,day,个人相册,0.6234,1,人物、孩子、建筑,02_家庭生活/2026/2026-01-06_mmexport1767706044190.jpg,mmexport1767706044190.jpg
KU2010,家庭生活,2026,2026-01-06,day,个人相册,0.6809,1,人物、孩子、建筑,02_家庭生活/2026/2026-01-06_mmexport1767706046280.jpg,mmexport1767706046280.jpg
KU2526,家庭生活,2026,2026-01-07,day,个人相册,0.5829,1,container、cardboard_box、人物,02_家庭生活/2026/2026-01-07_IMG20260107200457.jpg,IMG20260107200457.jpg
KU1872,家庭生活,2026,2026-01-09,day,个人相册,0.6927,2,人物、孩子、建筑,02_家庭生活/2026/2026-01-09_IMG20260109204621.jpg,IMG20260109204621.jpg
KU1418,家庭生活,2026,2026-01-10,day,个人相册,0.7308,2,人物、孩子、大人,02_家庭生活/2026/2026-01-10_IMG20260110104913.jpg,IMG20260110104913.jpg
KU1681,家庭生活,2026,2026-01-10,day,个人相册,0.7091,1,人物、孩子、建筑,02_家庭生活/2026/2026-01-10_IMG20260110123517.jpg,IMG20260110123517.jpg
KU1073,家庭生活,2026,2026-01-10,day,个人相册,0.7544,2,人物、孩子、建筑,02_家庭生活/2026/2026-01-10_IMG20260110125835.jpg,IMG20260110125835.jpg
KU1258,家庭生活,2026,2026-01-10,day,个人相册,0.7414,2,人物、孩子、衣物,02_家庭生活/2026/2026-01-10_IMG20260110194344.jpg,IMG20260110194344.jpg
KU1347,家庭生活,2026,2026-01-10,day,个人相册,0.7355,3,人物、孩子、建筑,02_家庭生活/2026/2026-01-10_IMG20260110194346.jpg,IMG20260110194346.jpg
KU2179,家庭生活,2026,2026-01-10,day,个人相册,0.6627,2,人物、孩子、衣物,02_家庭生活/2026/2026-01-10_IMG20260110200407.jpg,IMG20260110200407.jpg
KU1524,家庭生活,2026,2026-01-10,day,个人相册,0.7224,3,人物、大人、建筑,02_家庭生活/2026/2026-01-10_IMG20260110200553.jpg,IMG20260110200553.jpg
KU1396,家庭生活,2026,2026-01-10,day,个人相册,0.7324,3,人物、大人、建筑,02_家庭生活/2026/2026-01-10_IMG20260110210951.jpg,IMG20260110210951.jpg
KU1753,家庭生活,2026,2026-01-10,day,个人相册,0.7031,3,人物、大人、孩子,02_家庭生活/2026/2026-01-10_IMG20260110210953.jpg,IMG20260110210953.jpg
KU2511,家庭生活,2026,2026-01-10,day,个人相册,0.5912,3,人物、大人、孩子,02_家庭生活/2026/2026-01-10_IMG20260110210956.jpg,IMG20260110210956.jpg
KU0915,家庭生活,2026,2026-01-11,day,个人相册,0.7655,2,人物、孩子、建筑,02_家庭生活/2026/2026-01-11_mmexport1768123271204.jpg,mmexport1768123271204.jpg
KU0751,家庭生活,2026,2026-01-14,day,个人相册,0.7801,1,人物、孩子、建筑,02_家庭生活/2026/2026-01-14_IMG20260114204456.jpg,IMG20260114204456.jpg
KU0658,家庭生活,2026,2026-01-14,day,个人相册,0.7919,1,人物、孩子、建筑,02_家庭生活/2026/2026-01-14_IMG20260114204458.jpg,IMG20260114204458.jpg
KU1041,家庭生活,2026,2026-01-14,day,个人相册,0.7565,1,人物、孩子、建筑,02_家庭生活/2026/2026-01-14_IMG20260114204501.jpg,IMG20260114204501.jpg
KU0682,家庭生活,2026,2026-01-17,day,个人相册,0.7876,4,户外、天空、蓝天,02_家庭生活/2026/2026-01-17_IMG20260117160955.jpg,IMG20260117160955.jpg
KU0562,家庭生活,2026,2026-01-17,day,个人相册,0.8065,1,人物、孩子、户外,02_家庭生活/2026/2026-01-17_IMG20260117170556.jpg,IMG20260117170556.jpg
KU0819,家庭生活,2026,2026-01-17,day,个人相册,0.7728,5,人物、户外、天空,02_家庭生活/2026/2026-01-17_mmexport1768664387886.jpg,mmexport1768664387886.jpg
KU1301,家庭生活,2026,2026-01-17,day,个人相册,0.7387,5,建筑、木制品、人物,02_家庭生活/2026/2026-01-17_mmexport1768664405291.jpg,mmexport1768664405291.jpg
KU2541,家庭生活,2026,2026-01-17,day,个人相册,0.5755,5,人物、大人、户外,02_家庭生活/2026/2026-01-17_mmexport1768664561127.jpg,mmexport1768664561127.jpg
KU0950,家庭生活,2026,2026-01-18,day,个人相册,0.7628,4,人物、孩子、户外,02_家庭生活/2026/2026-01-18_IMG20260118101523.jpg,IMG20260118101523.jpg
KU0868,家庭生活,2026,2026-01-18,day,个人相册,0.7692,1,建筑、人物、孩子,02_家庭生活/2026/2026-01-18_IMG20260118102824.jpg,IMG20260118102824.jpg
KU1988,家庭生活,2026,2026-01-18,day,个人相册,0.6826,1,户外、天空、多云,02_家庭生活/2026/2026-01-18_mmexport1768743340933.jpg,mmexport1768743340933.jpg
KU1779,家庭生活,2026,2026-01-21,day,个人相册,0.7008,1,人物、孩子、材质,02_家庭生活/2026/2026-01-21_IMG20260121205646.jpg,IMG20260121205646.jpg
KU1770,家庭生活,2026,2026-01-23,day,个人相册,0.7016,1,衣物、外套、人物,02_家庭生活/2026/2026-01-23_mmexport1769160430220.jpg,mmexport1769160430220.jpg
KU1865,家庭生活,2026,2026-01-23,day,个人相册,0.6933,5,人物、孩子、衣物,02_家庭生活/2026/2026-01-23_mmexport1769160449316.jpg,mmexport1769160449316.jpg
KU1635,家庭生活,2026,2026-01-23,day,个人相册,0.7133,1,衣物、外套、人物,02_家庭生活/2026/2026-01-23_mmexport1769160457543.jpg,mmexport1769160457543.jpg
KU1873,家庭生活,2026,2026-01-23,day,个人相册,0.6927,2,陆地、户外、草地,02_家庭生活/2026/2026-01-23_mmexport1769160460990.jpg,mmexport1769160460990.jpg
KU2330,家庭生活,2026,2026-01-23,day,个人相册,0.6355,4,人物、孩子、衣物,02_家庭生活/2026/2026-01-23_mmexport1769160470842.jpg,mmexport1769160470842.jpg
KU0834,家庭生活,2026,2026-01-23,day,个人相册,0.772,1,人物、孩子、户外,02_家庭生活/2026/2026-01-23_mmexport1769160503481.jpg,mmexport1769160503481.jpg
KU2094,家庭生活,2026,2026-01-23,day,个人相册,0.6734,1,人物、孩子、户外,02_家庭生活/2026/2026-01-23_mmexport1769160539806.jpg,mmexport1769160539806.jpg
KU0922,家庭生活,2026,2026-01-23,day,个人相册,0.7651,6,户外、人物、陆地,02_家庭生活/2026/2026-01-23_mmexport1769160557473.jpg,mmexport1769160557473.jpg
KU2467,家庭生活,2026,2026-01-23,day,个人相册,0.6044,5,衣物、人物、外套,02_家庭生活/2026/2026-01-23_mmexport1769160561265.jpg,mmexport1769160561265.jpg
KU0846,家庭生活,2026,2026-01-23,day,个人相册,0.7705,6,人物、大人、户外,02_家庭生活/2026/2026-01-23_mmexport1769160572366.jpg,mmexport1769160572366.jpg
KU1002,家庭生活,2026,2026-01-23,day,个人相册,0.7595,4,人物、衣物、大人,02_家庭生活/2026/2026-01-23_mmexport1769160575486.jpg,mmexport1769160575486.jpg
KU0672,家庭生活,2026,2026-01-23,day,个人相册,0.7885,1,人物、孩子、陆地,02_家庭生活/2026/2026-01-23_mmexport1769160583667.jpg,mmexport1769160583667.jpg
KU1469,家庭生活,2026,2026-01-24,day,个人相册,0.727,1,人物、孩子、户外,02_家庭生活/2026/2026-01-24_IMG20260124132915.jpg,IMG20260124132915.jpg
KU1909,家庭生活,2026,2026-01-24,day,个人相册,0.6893,1,户外、天空、蓝天,02_家庭生活/2026/2026-01-24_IMG20260124132916.jpg,IMG20260124132916.jpg
KU2091,家庭生活,2026,2026-01-24,day,个人相册,0.6739,1,人物、孩子、户外,02_家庭生活/2026/2026-01-24_IMG20260124132917.jpg,IMG20260124132917.jpg
KU1977,家庭生活,2026,2026-01-25,day,个人相册,0.684,2,人物、孩子、户外,02_家庭生活/2026/2026-01-25_IMG20260125164651.jpg,IMG20260125164651.jpg
KU2367,家庭生活,2026,2026-01-25,day,个人相册,0.6307,2,户外、天空、蓝天,02_家庭生活/2026/2026-01-25_IMG20260125164656.jpg,IMG20260125164656.jpg
KU2428,家庭生活,2026,2026-01-26,day,个人相册,0.6163,3,户外、天空、蓝天,02_家庭生活/2026/2026-01-26_mmexport1769389795925.jpg,mmexport1769389795925.jpg
KU2485,家庭生活,2026,2026-01-26,day,个人相册,0.5998,4,人物、大人、建筑,02_家庭生活/2026/2026-01-26_mmexport1769389806426.jpg,mmexport1769389806426.jpg
KU2564,家庭生活,2026,2026-01-26,day,个人相册,0.5608,2,人物、孩子、衣物,02_家庭生活/2026/2026-01-26_mmexport1769389825470.jpg,mmexport1769389825470.jpg
KU1661,家庭生活,2026,2026-01-26,day,个人相册,0.7106,2,户外、天空、蓝天,02_家庭生活/2026/2026-01-26_mmexport1769389830396.jpg,mmexport1769389830396.jpg
KU1605,家庭生活,2026,2026-01-26,day,个人相册,0.7159,4,人物、户外、天空,02_家庭生活/2026/2026-01-26_mmexport1769401624851.jpg,mmexport1769401624851.jpg
KU1192,家庭生活,2026,2026-01-31,day,个人相册,0.7461,1,人物、孩子、衣物,02_家庭生活/2026/2026-01-31_IMG20260131100131.jpg,IMG20260131100131.jpg
KU0621,家庭生活,2026,2026-01-31,day,个人相册,0.7959,1,人物、孩子、材质,02_家庭生活/2026/2026-01-31_IMG20260131100134.jpg,IMG20260131100134.jpg
KU0614,家庭生活,2026,2026-01-31,day,个人相册,0.7977,1,人物、孩子、材质,02_家庭生活/2026/2026-01-31_IMG20260131100136.jpg,IMG20260131100136.jpg
KU1707,家庭生活,2026,2026-01-31,day,个人相册,0.7074,1,人物、婴儿、衣物,02_家庭生活/2026/2026-01-31_IMG20260131174414.jpg,IMG20260131174414.jpg
KU2299,家庭生活,2026,2026-01-31,day,个人相册,0.641,1,人物、孩子、大人,02_家庭生活/2026/2026-01-31_wx_camera_1769851209789.jpg,wx_camera_1769851209789.jpg
KU2304,家庭生活,2026,2026-02-01,day,个人相册,0.64,1,人物、孩子、celebration,02_家庭生活/2026/2026-02-01_IMG20260201202717.jpg,IMG20260201202717.jpg
KU1745,家庭生活,2026,2026-02-01,day,个人相册,0.7046,3,人物、大人、celebration,02_家庭生活/2026/2026-02-01_IMG20260201202736.jpg,IMG20260201202736.jpg
KU2052,家庭生活,2026,2026-02-02,day,个人相册,0.6773,1,人物、孩子、建筑,02_家庭生活/2026/2026-02-02_IMG20260202212818.jpg,IMG20260202212818.jpg
KU2161,家庭生活,2026,2026-02-02,day,个人相册,0.6652,1,建筑、家具、桌子,02_家庭生活/2026/2026-02-02_IMG20260202212821.jpg,IMG20260202212821.jpg
KU2173,家庭生活,2026,2026-02-02,day,个人相册,0.6637,1,建筑、家具、桌子,02_家庭生活/2026/2026-02-02_IMG20260202212822.jpg,IMG20260202212822.jpg
KU2482,家庭生活,2026,2026-02-07,day,个人相册,0.6002,3,户外、天空、蓝天,02_家庭生活/2026/2026-02-07_IMG20260207101233.jpg,IMG20260207101233.jpg
KU0909,家庭生活,2026,2026-02-07,day,个人相册,0.7658,2,艺术、balloon、装饰,02_家庭生活/2026/2026-02-07_IMG20260207103116.jpg,IMG20260207103116.jpg
KU2019,家庭生活,2026,2026-02-07,day,个人相册,0.6803,1,人物、孩子、材质,02_家庭生活/2026/2026-02-07_IMG20260207110554.jpg,IMG20260207110554.jpg
KU1717,家庭生活,2026,2026-02-07,day,个人相册,0.7062,1,人物、孩子、衣物,02_家庭生活/2026/2026-02-07_IMG20260207110554_01.jpg,IMG20260207110554_01.jpg
KU1900,家庭生活,2026,2026-02-07,day,个人相册,0.6899,1,人物、孩子、container,02_家庭生活/2026/2026-02-07_IMG20260207110555.jpg,IMG20260207110555.jpg
KU0476,家庭生活,2026,2026-02-07,day,个人相册,0.8513,1,人物、孩子、建筑,02_家庭生活/2026/2026-02-07_IMG20260207110559.jpg,IMG20260207110559.jpg
KU0607,家庭生活,2026,2026-02-07,day,个人相册,0.7986,1,人物、孩子、建筑,02_家庭生活/2026/2026-02-07_IMG20260207110559_01.jpg,IMG20260207110559_01.jpg
KU0479,家庭生活,2026,2026-02-07,day,个人相册,0.8481,1,人物、孩子、交通工具,02_家庭生活/2026/2026-02-07_IMG20260207110600.jpg,IMG20260207110600.jpg
KU0482,家庭生活,2026,2026-02-07,day,个人相册,0.8458,1,孩子、人物、建筑,02_家庭生活/2026/2026-02-07_IMG20260207110600_01.jpg,IMG20260207110600_01.jpg
KU0510,家庭生活,2026,2026-02-07,day,个人相册,0.8261,1,孩子、人物、建筑,02_家庭生活/2026/2026-02-07_IMG20260207110601.jpg,IMG20260207110601.jpg
KU0762,家庭生活,2026,2026-02-07,day,个人相册,0.7792,1,孩子、人物、衣物,02_家庭生活/2026/2026-02-07_IMG20260207110602.jpg,IMG20260207110602.jpg
KU1206,家庭生活,2026,2026-02-08,day,个人相册,0.7453,1,人物、孩子、建筑,02_家庭生活/2026/2026-02-08_mmexport1770542577343.jpg,mmexport1770542577343.jpg
KU1726,家庭生活,2026,2026-02-11,day,个人相册,0.7058,1,人物、孩子、机械,02_家庭生活/2026/2026-02-11_IMG20260211204814.jpg,IMG20260211204814.jpg
KU1111,家庭生活,2026,2026-02-13,day,个人相册,0.7518,2,艺术、装饰、frame,02_家庭生活/2026/2026-02-13_IMG20260213194149.jpg,IMG20260213194149.jpg
KU0644,家庭生活,2026,2026-02-13,day,个人相册,0.7935,2,艺术、装饰、frame,02_家庭生活/2026/2026-02-13_IMG20260213194153.jpg,IMG20260213194153.jpg
KU0774,家庭生活,2026,2026-02-13,day,个人相册,0.778,3,人物、艺术、装饰,02_家庭生活/2026/2026-02-13_IMG20260213194158.jpg,IMG20260213194158.jpg
KU0844,家庭生活,2026,2026-02-13,day,个人相册,0.7707,2,人物、孩子、艺术,02_家庭生活/2026/2026-02-13_IMG20260213194220.jpg,IMG20260213194220.jpg
KU1139,家庭生活,2026,2026-02-13,day,个人相册,0.7498,2,人物、孩子、大人,02_家庭生活/2026/2026-02-13_IMG20260213194227.jpg,IMG20260213194227.jpg
KU0932,家庭生活,2026,2026-02-13,day,个人相册,0.764,2,人物、孩子、teen,02_家庭生活/2026/2026-02-13_IMG20260213194230.jpg,IMG20260213194230.jpg
KU1210,家庭生活,2026,2026-02-13,day,个人相册,0.7451,1,人物、孩子、植物,02_家庭生活/2026/2026-02-13_IMG20260213200211.jpg,IMG20260213200211.jpg
KU0813,家庭生活,2026,2026-02-13,day,个人相册,0.7734,1,人物、孩子、植物,02_家庭生活/2026/2026-02-13_IMG20260213200218.jpg,IMG20260213200218.jpg
KU2347,家庭生活,2026,2026-02-14,day,个人相册,0.6333,2,人物、大人、建筑,02_家庭生活/2026/2026-02-14_IMG20260214175043.jpg,IMG20260214175043.jpg
KU0497,家庭生活,2026,2026-02-14,day,个人相册,0.8346,1,人物、孩子、建筑,02_家庭生活/2026/2026-02-14_IMG20260214184112.jpg,IMG20260214184112.jpg
KU1896,家庭生活,2026,2026-02-14,day,个人相册,0.6902,1,人物、孩子、材质,02_家庭生活/2026/2026-02-14_IMG20260214184536.jpg,IMG20260214184536.jpg
KU1653,家庭生活,2026,2026-02-14,day,个人相册,0.7113,3,人物、大人、孩子,02_家庭生活/2026/2026-02-14_IMG20260214185146.jpg,IMG20260214185146.jpg
KU0573,家庭生活,2026,2026-02-14,day,个人相册,0.8052,1,衣物、人物、jeans,02_家庭生活/2026/2026-02-14_IMG20260214185436.jpg,IMG20260214185436.jpg
KU0690,家庭生活,2026,2026-02-14,day,个人相册,0.7868,2,衣物、jeans、人物,02_家庭生活/2026/2026-02-14_IMG20260214185437.jpg,IMG20260214185437.jpg
KU1972,家庭生活,2026,2026-02-14,day,个人相册,0.6843,4,人物、大人、衣物,02_家庭生活/2026/2026-02-14_IMG20260214185456.jpg,IMG20260214185456.jpg
KU1880,家庭生活,2026,2026-02-15,day,个人相册,0.6922,1,pillow、tool、建筑,02_家庭生活/2026/2026-02-15_IMG20260215112859.jpg,IMG20260215112859.jpg
KU1790,家庭生活,2026,2026-02-15,day,个人相册,0.6997,1,pillow、tool、人物,02_家庭生活/2026/2026-02-15_IMG20260215112901.jpg,IMG20260215112901.jpg
KU2136,家庭生活,2026,2026-02-15,day,个人相册,0.6683,2,建筑、木制品、人物,02_家庭生活/2026/2026-02-15_IMG20260215191336.jpg,IMG20260215191336.jpg
KU2029,家庭生活,2026,2026-02-15,day,个人相册,0.679,3,人物、孩子、材质,02_家庭生活/2026/2026-02-15_IMG20260215191350.jpg,IMG20260215191350.jpg
KU1938,家庭生活,2026,2026-02-16,day,个人相册,0.6869,2,人物、孩子、建筑,02_家庭生活/2026/2026-02-16_IMG20260216091425.jpg,IMG20260216091425.jpg
KU1135,家庭生活,2026,2026-02-17,day,个人相册,0.75,3,人物、孩子、大人,02_家庭生活/2026/2026-02-17_IMG20260217173936.jpg,IMG20260217173936.jpg
KU1295,家庭生活,2026,2026-02-17,day,个人相册,0.7391,3,人物、孩子、建筑,02_家庭生活/2026/2026-02-17_IMG20260217173940.jpg,IMG20260217173940.jpg
KU1603,家庭生活,2026,2026-02-17,day,个人相册,0.716,3,人物、孩子、大人,02_家庭生活/2026/2026-02-17_IMG20260217173945.jpg,IMG20260217173945.jpg
KU2328,家庭生活,2026,2026-02-17,day,个人相册,0.6355,2,人物、建筑、孩子,02_家庭生活/2026/2026-02-17_IMG20260217174142.jpg,IMG20260217174142.jpg
KU2228,家庭生活,2026,2026-02-17,day,个人相册,0.6525,2,人物、孩子、建筑,02_家庭生活/2026/2026-02-17_IMG20260217174144.jpg,IMG20260217174144.jpg
KU0537,家庭生活,2026,2026-02-18,day,个人相册,0.8141,1,人物、孩子、衣物,02_家庭生活/2026/2026-02-18_IMG20260218142815.jpg,IMG20260218142815.jpg
KU2258,家庭生活,2026,2026-02-18,day,个人相册,0.6484,2,户外、天空、蓝天,02_家庭生活/2026/2026-02-18_mmexport1771385669185.jpg,mmexport1771385669185.jpg
KU0878,家庭生活,2026,2026-02-19,day,个人相册,0.7683,1,人物、孩子、建筑,02_家庭生活/2026/2026-02-19_IMG20260219183252.jpg,IMG20260219183252.jpg
KU0910,家庭生活,2026,2026-02-19,day,个人相册,0.7657,1,人物、孩子、建筑,02_家庭生活/2026/2026-02-19_IMG20260219183254.jpg,IMG20260219183254.jpg
KU2352,家庭生活,2026,2026-02-19,day,个人相册,0.6328,1,人物、孩子、机械,02_家庭生活/2026/2026-02-19_IMG20260219193035.jpg,IMG20260219193035.jpg
KU1666,家庭生活,2026,2026-02-19,day,个人相册,0.7102,4,人物、孩子、大人,02_家庭生活/2026/2026-02-19_IMG20260219195715.jpg,IMG20260219195715.jpg
KU1990,家庭生活,2026,2026-02-19,day,个人相册,0.6824,2,人物、孩子、大人,02_家庭生活/2026/2026-02-19_IMG20260219195716.jpg,IMG20260219195716.jpg
KU2575,家庭生活,2026,2026-02-19,day,个人相册,0.5513,5,人物、孩子、大人,02_家庭生活/2026/2026-02-19_IMG20260219195819.jpg,IMG20260219195819.jpg
KU1718,家庭生活,2026,2026-02-19,day,个人相册,0.7062,4,人物、大人、户外,02_家庭生活/2026/2026-02-19_IMG20260219195820.jpg,IMG20260219195820.jpg
KU2102,家庭生活,2026,2026-02-19,day,个人相册,0.6716,5,人物、大人、户外,02_家庭生活/2026/2026-02-19_IMG20260219195822.jpg,IMG20260219195822.jpg
KU2042,家庭生活,2026,2026-02-19,day,个人相册,0.6779,7,人物、大人、人群,02_家庭生活/2026/2026-02-19_IMG20260219195823.jpg,IMG20260219195823.jpg
KU2229,家庭生活,2026,2026-02-19,day,个人相册,0.6524,4,人物、大人、人群,02_家庭生活/2026/2026-02-19_IMG20260219195824.jpg,IMG20260219195824.jpg
KU2420,家庭生活,2026,2026-02-19,day,个人相册,0.6187,6,人物、大人、人群,02_家庭生活/2026/2026-02-19_IMG20260219195827.jpg,IMG20260219195827.jpg
KU2035,家庭生活,2026,2026-02-19,day,个人相册,0.6784,5,人物、大人、孩子,02_家庭生活/2026/2026-02-19_IMG20260219195834.jpg,IMG20260219195834.jpg
KU1985,家庭生活,2026,2026-02-19,day,个人相册,0.6827,4,人物、大人、户外,02_家庭生活/2026/2026-02-19_IMG20260219195836.jpg,IMG20260219195836.jpg
KU2535,家庭生活,2026,2026-02-19,day,个人相册,0.5797,4,人物、大人、户外,02_家庭生活/2026/2026-02-19_IMG20260219195838.jpg,IMG20260219195838.jpg
KU2570,家庭生活,2026,2026-02-19,day,个人相册,0.5574,2,人物、大人、人群,02_家庭生活/2026/2026-02-19_IMG20260219195839.jpg,IMG20260219195839.jpg
KU2495,家庭生活,2026,2026-02-19,day,个人相册,0.5958,2,人物、孩子、大人,02_家庭生活/2026/2026-02-19_IMG20260219200028.jpg,IMG20260219200028.jpg
KU2073,家庭生活,2026,2026-02-19,day,个人相册,0.6753,3,人物、大人、户外,02_家庭生活/2026/2026-02-19_IMG20260219201746.jpg,IMG20260219201746.jpg
KU2542,家庭生活,2026,2026-02-19,day,个人相册,0.575,4,人物、大人、户外,02_家庭生活/2026/2026-02-19_IMG20260219201753.jpg,IMG20260219201753.jpg
KU1626,家庭生活,2026,2026-02-19,day,个人相册,0.7141,2,人物、大人、孩子,02_家庭生活/2026/2026-02-19_IMG20260219201759.jpg,IMG20260219201759.jpg
KU2030,家庭生活,2026,2026-02-19,day,个人相册,0.6789,2,人物、大人、艺术,02_家庭生活/2026/2026-02-19_IMG20260219201811.jpg,IMG20260219201811.jpg
KU2565,家庭生活,2026,2026-02-19,day,个人相册,0.5606,2,人物、孩子、植物,02_家庭生活/2026/2026-02-19_IMG20260219201837.jpg,IMG20260219201837.jpg
KU2447,家庭生活,2026,2026-02-19,day,个人相册,0.6104,2,人物、大人、植物,02_家庭生活/2026/2026-02-19_IMG20260219201841.jpg,IMG20260219201841.jpg
KU2488,家庭生活,2026,2026-02-19,day,个人相册,0.5989,2,人物、大人、植物,02_家庭生活/2026/2026-02-19_IMG20260219201844.jpg,IMG20260219201844.jpg
KU2472,家庭生活,2026,2026-02-19,day,个人相册,0.6039,2,人物、大人、建筑,02_家庭生活/2026/2026-02-19_IMG20260219201925.jpg,IMG20260219201925.jpg
KU2274,家庭生活,2026,2026-02-19,day,个人相册,0.645,2,人物、大人、植物,02_家庭生活/2026/2026-02-19_IMG20260219201936.jpg,IMG20260219201936.jpg
KU2414,家庭生活,2026,2026-02-19,day,个人相册,0.6192,1,人物、孩子、户外,02_家庭生活/2026/2026-02-19_IMG20260219202201.jpg,IMG20260219202201.jpg
KU1727,家庭生活,2026,2026-02-19,day,个人相册,0.7057,1,人物、孩子、户外,02_家庭生活/2026/2026-02-19_IMG20260219202204.jpg,IMG20260219202204.jpg
KU1573,家庭生活,2026,2026-02-19,day,个人相册,0.7185,1,人物、孩子、户外,02_家庭生活/2026/2026-02-19_IMG20260219202207.jpg,IMG20260219202207.jpg
KU2433,家庭生活,2026,2026-02-19,day,个人相册,0.615,1,户外、天空、蓝天,02_家庭生活/2026/2026-02-19_IMG20260219202210.jpg,IMG20260219202210.jpg
KU2387,家庭生活,2026,2026-02-19,day,个人相册,0.6247,1,户外、人物、天空,02_家庭生活/2026/2026-02-19_IMG20260219202214.jpg,IMG20260219202214.jpg
KU2550,家庭生活,2026,2026-02-19,day,个人相册,0.5677,1,户外、陆地、草地,02_家庭生活/2026/2026-02-19_IMG20260219202424.jpg,IMG20260219202424.jpg
KU2074,家庭生活,2026,2026-02-20,day,个人相册,0.6753,1,人物、孩子、建筑,02_家庭生活/2026/2026-02-20_mmexport1771553705187.jpg,mmexport1771553705187.jpg
KU1640,家庭生活,2026,2026-02-20,day,个人相册,0.7126,2,人物、eyeglasses、optical_equipment,02_家庭生活/2026/2026-02-20_mmexport1771553709275.jpg,mmexport1771553709275.jpg
KU2143,家庭生活,2026,2026-02-21,day,个人相册,0.6673,2,建筑、围栏、人物,02_家庭生活/2026/2026-02-21_IMG20260221113602.jpg,IMG20260221113602.jpg
KU2116,家庭生活,2026,2026-02-21,day,个人相册,0.6701,2,建筑、围栏、人物,02_家庭生活/2026/2026-02-21_IMG20260221113604.jpg,IMG20260221113604.jpg
KU2112,家庭生活,2026,2026-02-21,day,个人相册,0.6706,2,建筑、围栏、户外,02_家庭生活/2026/2026-02-21_IMG20260221113605.jpg,IMG20260221113605.jpg
KU2262,家庭生活,2026,2026-02-21,day,个人相册,0.6477,2,建筑、围栏、户外,02_家庭生活/2026/2026-02-21_IMG20260221113608.jpg,IMG20260221113608.jpg
KU1016,家庭生活,2026,2026-02-21,day,个人相册,0.7585,2,人物、孩子、植物,02_家庭生活/2026/2026-02-21_IMG20260221123853.jpg,IMG20260221123853.jpg
KU2009,家庭生活,2026,2026-02-21,day,个人相册,0.681,2,植物、树叶、人物,02_家庭生活/2026/2026-02-21_IMG20260221123855.jpg,IMG20260221123855.jpg
KU1620,家庭生活,2026,2026-02-21,day,个人相册,0.7145,2,植物、树叶、人物,02_家庭生活/2026/2026-02-21_IMG20260221123855_01.jpg,IMG20260221123855_01.jpg
KU1294,家庭生活,2026,2026-02-21,day,个人相册,0.7391,2,植物、树叶、人物,02_家庭生活/2026/2026-02-21_IMG20260221123857.jpg,IMG20260221123857.jpg
KU1917,家庭生活,2026,2026-02-21,day,个人相册,0.689,1,植物、树叶、container,02_家庭生活/2026/2026-02-21_IMG20260221143842.jpg,IMG20260221143842.jpg
KU1193,家庭生活,2026,2026-02-21,day,个人相册,0.7459,5,人物、大人、衣物,02_家庭生活/2026/2026-02-21_IMG20260221171306.jpg,IMG20260221171306.jpg
KU2062,家庭生活,2026,2026-02-21,day,个人相册,0.6766,2,建筑、围栏、户外,02_家庭生活/2026/2026-02-21_IMG_20260221_113646.jpg,IMG_20260221_113646.jpg
KU0814,家庭生活,2026,2026-02-21,day,个人相册,0.7734,1,建筑、交通工具、台阶,02_家庭生活/2026/2026-02-21_mmexport1771653143715.jpg,mmexport1771653143715.jpg
KU1170,家庭生活,2026,2026-02-21,day,个人相册,0.7472,2,建筑、人物、木制品,02_家庭生活/2026/2026-02-21_mmexport1771683847376.jpg,mmexport1771683847376.jpg
KU1486,家庭生活,2026,2026-02-21,day,个人相册,0.7256,1,人物、孩子、建筑,02_家庭生活/2026/2026-02-21_mmexport1771683870456.jpg,mmexport1771683870456.jpg
KU1864,家庭生活,2026,2026-02-21,day,个人相册,0.6933,1,人物、孩子、大人,02_家庭生活/2026/2026-02-21_mmexport1771683875413.jpg,mmexport1771683875413.jpg
KU2040,家庭生活,2026,2026-02-21,day,个人相册,0.678,3,人物、孩子、建筑,02_家庭生活/2026/2026-02-21_mmexport1771683880864.jpg,mmexport1771683880864.jpg
KU1846,家庭生活,2026,2026-02-21,day,个人相册,0.695,2,人物、孩子、建筑,02_家庭生活/2026/2026-02-21_mmexport1771683922201.jpg,mmexport1771683922201.jpg
KU1632,家庭生活,2026,2026-02-21,day,个人相册,0.7135,2,人物、建筑、大人,02_家庭生活/2026/2026-02-21_mmexport1771683926708.jpg,mmexport1771683926708.jpg
KU2423,家庭生活,2026,2026-02-21,day,个人相册,0.6181,2,人物、孩子、衣物,02_家庭生活/2026/2026-02-21_mmexport1771683958526.jpg,mmexport1771683958526.jpg
KU2259,家庭生活,2026,2026-02-22,day,个人相册,0.6483,2,人物、孩子、户外,02_家庭生活/2026/2026-02-22_IMG20260222113123.jpg,IMG20260222113123.jpg
KU2216,家庭生活,2026,2026-02-22,day,个人相册,0.6549,1,人物、孩子、户外,02_家庭生活/2026/2026-02-22_IMG20260222113133.jpg,IMG20260222113133.jpg
KU1146,家庭生活,2026,2026-02-26,day,个人相册,0.7491,1,户外、天空、人物,02_家庭生活/2026/2026-02-26_mmexport1772094620227.jpg,mmexport1772094620227.jpg
KU1454,家庭生活,2026,2026-02-26,day,个人相册,0.7285,1,人物、孩子、建筑,02_家庭生活/2026/2026-02-26_mmexport1772094635959.jpg,mmexport1772094635959.jpg
KU2530,家庭生活,2026,2026-02-26,day,个人相册,0.5814,1,人物、孩子、建筑,02_家庭生活/2026/2026-02-26_mmexport1772094643893.jpg,mmexport1772094643893.jpg
KU2506,家庭生活,2026,2026-02-26,day,个人相册,0.5937,2,衣物、jeans、人物,02_家庭生活/2026/2026-02-26_mmexport1772094663020.jpg,mmexport1772094663020.jpg
KU2424,家庭生活,2026,2026-02-26,day,个人相册,0.618,2,衣物、jeans、人物,02_家庭生活/2026/2026-02-26_mmexport1772094665713.jpg,mmexport1772094665713.jpg
KU2498,家庭生活,2026,2026-02-26,day,个人相册,0.595,2,衣物、jeans、人物,02_家庭生活/2026/2026-02-26_mmexport1772094669852.jpg,mmexport1772094669852.jpg
KU0679,家庭生活,2026,2026-02-26,day,个人相册,0.7878,1,衣物、jeans、户外,02_家庭生活/2026/2026-02-26_mmexport1772094801095.jpg,mmexport1772094801095.jpg
KU1643,家庭生活,2026,2026-02-26,day,个人相册,0.7123,1,人物、孩子、建筑,02_家庭生活/2026/2026-02-26_mmexport1772094829946.jpg,mmexport1772094829946.jpg
KU1360,家庭生活,2026,2026-03-01,day,个人相册,0.7349,1,人物、孩子、建筑,02_家庭生活/2026/2026-03-01_IMG20260301110848.jpg,IMG20260301110848.jpg
KU0919,家庭生活,2026,2026-03-01,day,个人相册,0.7651,5,人物、大人、材质,02_家庭生活/2026/2026-03-01_IMG20260301122811.jpg,IMG20260301122811.jpg
KU1575,家庭生活,2026,2026-03-01,day,个人相册,0.7183,5,人物、大人、材质,02_家庭生活/2026/2026-03-01_IMG20260301122819.jpg,IMG20260301122819.jpg
KU0907,家庭生活,2026,2026-03-01,day,个人相册,0.7659,5,人物、大人、材质,02_家庭生活/2026/2026-03-01_IMG20260301122819_01.jpg,IMG20260301122819_01.jpg
KU1940,家庭生活,2026,2026-03-01,day,个人相册,0.6866,5,人物、大人、材质,02_家庭生活/2026/2026-03-01_IMG20260301122821.jpg,IMG20260301122821.jpg
KU2139,家庭生活,2026,2026-03-01,day,个人相册,0.6678,5,人物、大人、材质,02_家庭生活/2026/2026-03-01_IMG20260301122821_01.jpg,IMG20260301122821_01.jpg
KU1593,家庭生活,2026,2026-03-03,day,个人相册,0.7168,3,人物、建筑、交通工具,02_家庭生活/2026/2026-03-03_Image_1772520078881_155.jpg,Image_1772520078881_155.jpg
KU0538,家庭生活,2026,2026-03-04,day,个人相册,0.8133,3,人物、孩子、衣物,02_家庭生活/2026/2026-03-04_mmexport1772610011140.jpg,mmexport1772610011140.jpg
KU1744,家庭生活,2026,2026-03-05,day,个人相册,0.7048,2,衣物、apron、人物,02_家庭生活/2026/2026-03-05_mmexport1772696547139.jpg,mmexport1772696547139.jpg
KU0700,家庭生活,2026,2026-03-05,day,个人相册,0.7862,2,人物、孩子、建筑,02_家庭生活/2026/2026-03-05_mmexport1772713197905.jpg,mmexport1772713197905.jpg
KU1247,家庭生活,2026,2026-03-07,day,个人相册,0.7423,4,户外、人物、陆地,02_家庭生活/2026/2026-03-07_IMG20260307183603.jpg,IMG20260307183603.jpg
KU1356,家庭生活,2026,2026-03-07,day,个人相册,0.7352,5,户外、人物、大人,02_家庭生活/2026/2026-03-07_IMG20260307183606.jpg,IMG20260307183606.jpg
KU2510,家庭生活,2026,2026-03-07,day,个人相册,0.5917,4,户外、人物、大人,02_家庭生活/2026/2026-03-07_IMG20260307183608.jpg,IMG20260307183608.jpg
KU1642,家庭生活,2026,2026-03-07,day,个人相册,0.7124,4,户外、人物、大人,02_家庭生活/2026/2026-03-07_IMG20260307183609.jpg,IMG20260307183609.jpg
KU2160,家庭生活,2026,2026-03-07,day,个人相册,0.6653,4,人物、大人、户外,02_家庭生活/2026/2026-03-07_IMG20260307183611.jpg,IMG20260307183611.jpg
KU1255,家庭生活,2026,2026-03-07,day,个人相册,0.7416,4,户外、人物、大人,02_家庭生活/2026/2026-03-07_IMG20260307183615.jpg,IMG20260307183615.jpg
KU1459,家庭生活,2026,2026-03-07,day,个人相册,0.7279,4,人物、大人、户外,02_家庭生活/2026/2026-03-07_IMG20260307183616.jpg,IMG20260307183616.jpg
KU1445,家庭生活,2026,2026-03-07,day,个人相册,0.7289,6,户外、人物、大人,02_家庭生活/2026/2026-03-07_IMG20260307183617.jpg,IMG20260307183617.jpg
KU2302,家庭生活,2026,2026-03-07,day,个人相册,0.6404,6,人物、大人、人群,02_家庭生活/2026/2026-03-07_IMG20260307184021.jpg,IMG20260307184021.jpg
KU2458,家庭生活,2026,2026-03-07,day,个人相册,0.6073,5,人物、孩子、大人,02_家庭生活/2026/2026-03-07_IMG20260307184402.jpg,IMG20260307184402.jpg
KU2194,家庭生活,2026,2026-03-07,day,个人相册,0.6595,5,户外、天空、蓝天,02_家庭生活/2026/2026-03-07_IMG20260307184435.jpg,IMG20260307184435.jpg
KU0739,家庭生活,2026,2026-03-08,day,个人相册,0.7809,6,人物、孩子、大人,02_家庭生活/2026/2026-03-08_IMG20260308103958.jpg,IMG20260308103958.jpg
KU0827,家庭生活,2026,2026-03-08,day,个人相册,0.7723,6,人物、孩子、大人,02_家庭生活/2026/2026-03-08_IMG20260308104001.jpg,IMG20260308104001.jpg
KU1009,家庭生活,2026,2026-03-08,day,个人相册,0.7591,2,人物、大人、孩子,02_家庭生活/2026/2026-03-08_IMG20260308164629.jpg,IMG20260308164629.jpg
KU0771,家庭生活,2026,2026-03-08,day,个人相册,0.7782,3,人物、孩子、户外,02_家庭生活/2026/2026-03-08_IMG20260308164631.jpg,IMG20260308164631.jpg
KU1376,家庭生活,2026,2026-03-08,day,个人相册,0.7335,7,人物、孩子、大人,02_家庭生活/2026/2026-03-08_IMG20260308171158.jpg,IMG20260308171158.jpg
KU2079,家庭生活,2026,2026-03-09,day,个人相册,0.675,3,人物、大人、衣物,02_家庭生活/2026/2026-03-09_mmexport1773057628390.jpg,mmexport1773057628390.jpg
KU2469,家庭生活,2026,2026-03-09,day,个人相册,0.6043,4,人物、大人、建筑,02_家庭生活/2026/2026-03-09_mmexport1773057631376.jpg,mmexport1773057631376.jpg
KU2215,家庭生活,2026,2026-03-09,day,个人相册,0.6549,4,人物、建筑、围栏,02_家庭生活/2026/2026-03-09_mmexport1773057636661.jpg,mmexport1773057636661.jpg
KU1541,家庭生活,2026,2026-03-09,day,个人相册,0.7212,2,人物、大人、衣物,02_家庭生活/2026/2026-03-09_mmexport1773057644538.jpg,mmexport1773057644538.jpg
KU2089,家庭生活,2026,2026-03-09,day,个人相册,0.6739,1,人物、孩子、建筑,02_家庭生活/2026/2026-03-09_mmexport1773058134674.jpg,mmexport1773058134674.jpg
KU2202,家庭生活,2026,2026-03-09,day,个人相册,0.6573,1,人物、孩子、car_seat,02_家庭生活/2026/2026-03-09_mmexport1773058142150.jpg,mmexport1773058142150.jpg
KU2532,家庭生活,2026,2026-03-09,day,个人相册,0.5809,1,人物、孩子、材质,02_家庭生活/2026/2026-03-09_mmexport1773058147061.jpg,mmexport1773058147061.jpg
KU1035,家庭生活,2026,2026-03-09,day,个人相册,0.7569,4,人物、孩子、衣物,02_家庭生活/2026/2026-03-09_mmexport1773058152282.jpg,mmexport1773058152282.jpg
KU0793,家庭生活,2026,2026-03-09,day,个人相册,0.7753,1,人物、材质、raw_glass,02_家庭生活/2026/2026-03-09_mmexport1773058157638.jpg,mmexport1773058157638.jpg
KU1397,家庭生活,2026,2026-03-14,day,个人相册,0.7323,1,户外、天空、蓝天,02_家庭生活/2026/2026-03-14_IMG20260314154203.jpg,IMG20260314154203.jpg
KU1958,家庭生活,2026,2026-03-14,day,个人相册,0.6855,1,户外、天空、蓝天,02_家庭生活/2026/2026-03-14_IMG20260314154204.jpg,IMG20260314154204.jpg
KU1011,家庭生活,2026,2026-03-14,day,个人相册,0.7589,1,户外、天空、蓝天,02_家庭生活/2026/2026-03-14_IMG20260314154205.jpg,IMG20260314154205.jpg
KU2223,家庭生活,2026,2026-03-14,day,个人相册,0.6541,2,户外、天空、蓝天,02_家庭生活/2026/2026-03-14_IMG20260314154206.jpg,IMG20260314154206.jpg
KU2514,家庭生活,2026,2026-03-14,day,个人相册,0.5892,3,户外、天空、机械,02_家庭生活/2026/2026-03-14_mmexport1773484284508.jpg,mmexport1773484284508.jpg
KU2568,家庭生活,2026,2026-03-14,day,个人相册,0.5582,3,户外、天空、机械,02_家庭生活/2026/2026-03-14_mmexport1773484289257.jpg,mmexport1773484289257.jpg
KU2559,家庭生活,2026,2026-03-16,day,个人相册,0.5635,1,户外、天空、多云,02_家庭生活/2026/2026-03-16_1773628061144.png,1773628061144.png
KU1165,家庭生活,2026,2026-03-16,day,个人相册,0.7473,1,衣物、jeans、人物,02_家庭生活/2026/2026-03-16_1773628149636.png,1773628149636.png
KU2572,家庭生活,2026,2026-03-16,day,个人相册,0.556,7,户外、人物、大人,02_家庭生活/2026/2026-03-16_mmexport1773624586778.jpg,mmexport1773624586778.jpg
KU2453,家庭生活,2026,2026-03-16,day,个人相册,0.6091,1,户外、天空、蓝天,02_家庭生活/2026/2026-03-16_mmexport1773624630264.jpg,mmexport1773624630264.jpg
KU1648,家庭生活,2026,2026-03-16,day,个人相册,0.7117,1,户外、天空、蓝天,02_家庭生活/2026/2026-03-16_mmexport1773624633648.jpg,mmexport1773624633648.jpg
KU2462,家庭生活,2026,2026-03-16,day,个人相册,0.6062,1,户外、天空、蓝天,02_家庭生活/2026/2026-03-16_mmexport1773624644175.jpg,mmexport1773624644175.jpg
KU2021,家庭生活,2026,2026-03-16,day,个人相册,0.6802,1,户外、天空、多云,02_家庭生活/2026/2026-03-16_mmexport1773624657387.jpg,mmexport1773624657387.jpg
KU2076,家庭生活,2026,2026-03-16,day,个人相册,0.6751,1,户外、蓝天、天空,02_家庭生活/2026/2026-03-16_mmexport1773624661015.jpg,mmexport1773624661015.jpg
KU2205,家庭生活,2026,2026-03-16,day,个人相册,0.657,1,衣物、headgear、helmet,02_家庭生活/2026/2026-03-16_mmexport1773624663820.jpg,mmexport1773624663820.jpg
KU1948,家庭生活,2026,2026-03-16,day,个人相册,0.6862,1,机械、车辆、bicycle,02_家庭生活/2026/2026-03-16_mmexport1773624675569.jpg,mmexport1773624675569.jpg
KU2415,家庭生活,2026,2026-03-18,day,个人相册,0.6192,2,人物、孩子、建筑,02_家庭生活/2026/2026-03-18_IMG20260318203052.jpg,IMG20260318203052.jpg
KU0713,家庭生活,2026,2026-03-18,day,个人相册,0.785,1,人物、孩子、建筑,02_家庭生活/2026/2026-03-18_IMG20260318204436.jpg,IMG20260318204436.jpg
KU1185,家庭生活,2026,2026-03-18,day,个人相册,0.7465,1,人物、孩子、建筑,02_家庭生活/2026/2026-03-18_IMG20260318204437.jpg,IMG20260318204437.jpg
KU1775,家庭生活,2026,2026-03-20,day,个人相册,0.701,1,人物、婴儿、孩子,02_家庭生活/2026/2026-03-20_IMG20260320071612.jpg,IMG20260320071612.jpg
KU2333,家庭生活,2026,2026-03-20,day,个人相册,0.6352,1,人物、孩子、材质,02_家庭生活/2026/2026-03-20_IMG20260320215550.jpg,IMG20260320215550.jpg
KU2236,家庭生活,2026,2026-03-20,day,个人相册,0.6518,1,艺术、装饰、frame,02_家庭生活/2026/2026-03-20_IMG20260320215742.jpg,IMG20260320215742.jpg
KU1176,家庭生活,2026,2026-03-20,day,个人相册,0.7468,1,艺术、装饰、frame,02_家庭生活/2026/2026-03-20_IMG20260320215743.jpg,IMG20260320215743.jpg
KU2104,家庭生活,2026,2026-03-20,day,个人相册,0.6715,1,人物、孩子、材质,02_家庭生活/2026/2026-03-20_IMG20260320215745.jpg,IMG20260320215745.jpg
KU0783,家庭生活,2026,2026-03-22,day,个人相册,0.777,2,人物、大人、孩子,02_家庭生活/2026/2026-03-22_IMG20260322104429.jpg,IMG20260322104429.jpg
KU0760,家庭生活,2026,2026-03-22,day,个人相册,0.7793,2,人物、大人、孩子,02_家庭生活/2026/2026-03-22_IMG20260322104431.jpg,IMG20260322104431.jpg
KU0671,家庭生活,2026,2026-03-22,day,个人相册,0.7888,2,人物、大人、孩子,02_家庭生活/2026/2026-03-22_IMG20260322104435.jpg,IMG20260322104435.jpg
KU0897,家庭生活,2026,2026-03-22,day,个人相册,0.7667,6,人物、孩子、植物,02_家庭生活/2026/2026-03-22_IMG20260322180056.jpg,IMG20260322180056.jpg
KU0811,家庭生活,2026,2026-03-22,day,个人相册,0.7738,6,人物、孩子、植物,02_家庭生活/2026/2026-03-22_IMG20260322180058.jpg,IMG20260322180058.jpg
KU0803,家庭生活,2026,2026-03-22,day,个人相册,0.7743,4,人物、大人、人群,02_家庭生活/2026/2026-03-22_IMG20260322181402.jpg,IMG20260322181402.jpg
KU0623,家庭生活,2026,2026-03-22,day,个人相册,0.7959,3,户外、天空、多云,02_家庭生活/2026/2026-03-22_IMG20260322181447.jpg,IMG20260322181447.jpg
KU1012,家庭生活,2026,2026-03-22,day,个人相册,0.7587,2,户外、天空、多云,02_家庭生活/2026/2026-03-22_IMG20260322181503.jpg,IMG20260322181503.jpg
KU1003,家庭生活,2026,2026-03-22,day,个人相册,0.7594,2,人物、户外、天空,02_家庭生活/2026/2026-03-22_IMG20260322181516.jpg,IMG20260322181516.jpg
KU1189,家庭生活,2026,2026-03-22,day,个人相册,0.7462,2,户外、天空、人物,02_家庭生活/2026/2026-03-22_IMG20260322181525.jpg,IMG20260322181525.jpg
KU1318,家庭生活,2026,2026-03-22,day,个人相册,0.7375,2,人物、孩子、植物,02_家庭生活/2026/2026-03-22_IMG20260322181531.jpg,IMG20260322181531.jpg
KU2254,家庭生活,2026,2026-03-22,day,个人相册,0.6491,3,人物、建筑、wood_natural,02_家庭生活/2026/2026-03-22_IMG20260322181614.jpg,IMG20260322181614.jpg
KU2477,家庭生活,2026,2026-03-22,day,个人相册,0.6014,2,人物、孩子、建筑,02_家庭生活/2026/2026-03-22_IMG20260322181617.jpg,IMG20260322181617.jpg
KU1914,家庭生活,2026,2026-03-22,day,个人相册,0.689,4,人物、孩子、植物,02_家庭生活/2026/2026-03-22_IMG20260322181628.jpg,IMG20260322181628.jpg
KU1114,家庭生活,2026,2026-03-22,day,个人相册,0.7516,2,人物、孩子、植物,02_家庭生活/2026/2026-03-22_IMG20260322181631.jpg,IMG20260322181631.jpg
KU0666,家庭生活,2026,2026-03-22,day,个人相册,0.7898,2,人物、孩子、植物,02_家庭生活/2026/2026-03-22_IMG20260322181632.jpg,IMG20260322181632.jpg
KU2364,家庭生活,2026,2026-03-22,day,个人相册,0.631,2,植物、palm_tree、树,02_家庭生活/2026/2026-03-22_IMG20260322181640.jpg,IMG20260322181640.jpg
KU2350,家庭生活,2026,2026-03-22,day,个人相册,0.6331,2,人物、植物、palm_tree,02_家庭生活/2026/2026-03-22_IMG20260322181642.jpg,IMG20260322181642.jpg
KU1956,家庭生活,2026,2026-03-22,day,个人相册,0.6858,4,人物、孩子、建筑,02_家庭生活/2026/2026-03-22_IMG20260322182408.jpg,IMG20260322182408.jpg
KU1293,家庭生活,2026,2026-03-22,day,个人相册,0.7391,4,人物、孩子、建筑,02_家庭生活/2026/2026-03-22_IMG20260322182409.jpg,IMG20260322182409.jpg
KU1286,家庭生活,2026,2026-03-22,day,个人相册,0.7399,4,人物、大人、孩子,02_家庭生活/2026/2026-03-22_IMG20260322182411.jpg,IMG20260322182411.jpg
KU0640,家庭生活,2026,2026-03-28,day,个人相册,0.794,3,人物、孩子、陆地,02_家庭生活/2026/2026-03-28_IMG20260328092349.jpg,IMG20260328092349.jpg
KU0741,家庭生活,2026,2026-03-30,day,个人相册,0.7807,2,人物、孩子、衣物,02_家庭生活/2026/2026-03-30_mmexport1774833434672.jpg,mmexport1774833434672.jpg
KU0608,家庭生活,2026,2026-04-02,day,个人相册,0.7985,2,人物、孩子、衣物,02_家庭生活/2026/2026-04-02_mmexport1775131192932.jpg,mmexport1775131192932.jpg
KU1077,家庭生活,2026,2026-04-04,day,个人相册,0.7542,4,建筑、石头、人物,02_家庭生活/2026/2026-04-04_IMG20260404182813.jpg,IMG20260404182813.jpg
KU1968,家庭生活,2026,2026-04-04,day,个人相册,0.6846,4,建筑、石头、人物,02_家庭生活/2026/2026-04-04_IMG20260404182814.jpg,IMG20260404182814.jpg
KU2134,家庭生活,2026,2026-04-04,day,个人相册,0.6684,4,建筑、石头、人物,02_家庭生活/2026/2026-04-04_IMG20260404182815.jpg,IMG20260404182815.jpg
KU1730,家庭生活,2026,2026-04-04,day,个人相册,0.7056,3,建筑、石头、人物,02_家庭生活/2026/2026-04-04_IMG20260404182816.jpg,IMG20260404182816.jpg
KU2351,家庭生活,2026,2026-04-04,day,个人相册,0.6329,3,建筑、石头、人物,02_家庭生活/2026/2026-04-04_IMG20260404182820_01.jpg,IMG20260404182820_01.jpg
KU2324,家庭生活,2026,2026-04-04,day,个人相册,0.636,3,建筑、石头、户外,02_家庭生活/2026/2026-04-04_IMG20260404182821.jpg,IMG20260404182821.jpg
KU2311,家庭生活,2026,2026-04-04,day,个人相册,0.639,3,建筑、石头、人物,02_家庭生活/2026/2026-04-04_IMG20260404182822.jpg,IMG20260404182822.jpg
KU2309,家庭生活,2026,2026-04-04,day,个人相册,0.6393,1,人物、孩子、建筑,02_家庭生活/2026/2026-04-04_IMG20260404183019.jpg,IMG20260404183019.jpg
KU1374,家庭生活,2026,2026-04-04,day,个人相册,0.7336,9,人物、孩子、大人,02_家庭生活/2026/2026-04-04_IMG20260404201757.jpg,IMG20260404201757.jpg
KU1778,家庭生活,2026,2026-04-04,day,个人相册,0.7008,6,人物、大人、孩子,02_家庭生活/2026/2026-04-04_IMG20260404201759.jpg,IMG20260404201759.jpg
KU1623,家庭生活,2026,2026-04-04,day,个人相册,0.7143,1,人物、孩子、大人,02_家庭生活/2026/2026-04-04_IMG20260404223251.jpg,IMG20260404223251.jpg
KU2457,家庭生活,2026,2026-04-04,day,个人相册,0.6075,1,人物、孩子、衣物,02_家庭生活/2026/2026-04-04_IMG20260404223431.jpg,IMG20260404223431.jpg
KU2451,家庭生活,2026,2026-04-04,day,个人相册,0.6101,1,人物、孩子、衣物,02_家庭生活/2026/2026-04-04_IMG20260404223433.jpg,IMG20260404223433.jpg
KU0526,家庭生活,2026,2026-04-05,day,个人相册,0.817,2,人物、孩子、liquid,02_家庭生活/2026/2026-04-05_IMG20260405122514.jpg,IMG20260405122514.jpg
KU1676,家庭生活,2026,2026-04-05,day,个人相册,0.7094,4,户外、陆地、草地,02_家庭生活/2026/2026-04-05_IMG20260405140321.jpg,IMG20260405140321.jpg
KU1644,家庭生活,2026,2026-04-05,day,个人相册,0.7121,4,户外、陆地、草地,02_家庭生活/2026/2026-04-05_IMG20260405140322.jpg,IMG20260405140322.jpg
KU1646,家庭生活,2026,2026-04-06,day,个人相册,0.7121,2,人物、大人、孩子,02_家庭生活/2026/2026-04-06_IMG20260406112045.jpg,IMG20260406112045.jpg
KU1782,家庭生活,2026,2026-04-06,day,个人相册,0.7004,1,人物、孩子、材质,02_家庭生活/2026/2026-04-06_IMG20260406202538.jpg,IMG20260406202538.jpg
KU1783,家庭生活,2026,2026-04-06,day,个人相册,0.7003,2,人物、孩子、建筑,02_家庭生活/2026/2026-04-06_IMG20260406210123.jpg,IMG20260406210123.jpg
KU2281,家庭生活,2026,2026-04-06,day,个人相册,0.6438,2,人物、孩子、建筑,02_家庭生活/2026/2026-04-06_IMG20260406210124.jpg,IMG20260406210124.jpg
KU0492,家庭生活,2026,2026-04-11,day,个人相册,0.8367,1,人物、孩子、玩具,02_家庭生活/2026/2026-04-11_IMG20260411203648.jpg,IMG20260411203648.jpg
KU0630,家庭生活,2026,2026-04-12,day,个人相册,0.7951,2,人物、孩子、建筑,02_家庭生活/2026/2026-04-12_IMG20260412092553.jpg,IMG20260412092553.jpg
KU0708,家庭生活,2026,2026-04-12,day,个人相册,0.7854,2,人物、孩子、建筑,02_家庭生活/2026/2026-04-12_IMG20260412092554.jpg,IMG20260412092554.jpg
KU0484,家庭生活,2026,2026-04-12,day,个人相册,0.8436,2,人物、孩子、户外,02_家庭生活/2026/2026-04-12_IMG20260412102157.jpg,IMG20260412102157.jpg
KU1671,家庭生活,2026,2026-04-12,day,个人相册,0.7098,2,人物、孩子、建筑,02_家庭生活/2026/2026-04-12_IMG20260412112821.jpg,IMG20260412112821.jpg
KU1107,家庭生活,2026,2026-04-12,day,个人相册,0.752,3,人物、孩子、大人,02_家庭生活/2026/2026-04-12_IMG20260412113130.jpg,IMG20260412113130.jpg
KU0599,家庭生活,2026,2026-04-12,day,个人相册,0.7994,2,建筑、人物、bookshelf,02_家庭生活/2026/2026-04-12_IMG20260412113131.jpg,IMG20260412113131.jpg
KU0577,家庭生活,2026,2026-04-12,day,个人相册,0.8045,1,人物、建筑、bookshelf,02_家庭生活/2026/2026-04-12_IMG20260412113132.jpg,IMG20260412113132.jpg
KU0963,家庭生活,2026,2026-04-12,day,个人相册,0.762,1,艺术、装饰、frame,02_家庭生活/2026/2026-04-12_IMG20260412120943.jpg,IMG20260412120943.jpg
KU0992,家庭生活,2026,2026-04-12,day,个人相册,0.7602,1,艺术、装饰、frame,02_家庭生活/2026/2026-04-12_IMG20260412120945.jpg,IMG20260412120945.jpg
KU0881,家庭生活,2026,2026-04-12,day,个人相册,0.7679,2,人物、孩子、建筑,02_家庭生活/2026/2026-04-12_IMG20260412121115.jpg,IMG20260412121115.jpg
KU2158,家庭生活,2026,2026-04-12,day,个人相册,0.6654,2,人物、孩子、建筑,02_家庭生活/2026/2026-04-12_IMG20260412121117.jpg,IMG20260412121117.jpg
KU1179,家庭生活,2026,2026-04-12,day,个人相册,0.7467,2,人物、孩子、建筑,02_家庭生活/2026/2026-04-12_IMG20260412121118.jpg,IMG20260412121118.jpg
KU0836,家庭生活,2026,2026-04-12,day,个人相册,0.7716,2,人物、孩子、建筑,02_家庭生活/2026/2026-04-12_IMG20260412121119.jpg,IMG20260412121119.jpg
KU2121,家庭生活,2026,2026-04-12,day,个人相册,0.6697,2,人物、孩子、建筑,02_家庭生活/2026/2026-04-12_IMG20260412121122.jpg,IMG20260412121122.jpg
KU2377,家庭生活,2026,2026-04-12,day,个人相册,0.6283,5,艺术、装饰、frame,02_家庭生活/2026/2026-04-12_IMG20260412121353.jpg,IMG20260412121353.jpg
KU1906,家庭生活,2026,2026-04-12,day,个人相册,0.6895,4,艺术、装饰、frame,02_家庭生活/2026/2026-04-12_IMG20260412121354.jpg,IMG20260412121354.jpg
KU1959,家庭生活,2026,2026-04-12,day,个人相册,0.6855,1,人物、孩子、建筑,02_家庭生活/2026/2026-04-12_IMG20260412150505.jpg,IMG20260412150505.jpg
KU1502,家庭生活,2026,2026-04-12,day,个人相册,0.724,1,人物、孩子、建筑,02_家庭生活/2026/2026-04-12_IMG20260412150507.jpg,IMG20260412150507.jpg
KU0893,家庭生活,2026,2026-04-13,day,个人相册,0.7668,1,人物、孩子、建筑,02_家庭生活/2026/2026-04-13_IMG20260413212008.jpg,IMG20260413212008.jpg
KU2353,家庭生活,2026,2026-04-13,day,个人相册,0.6327,1,人物、孩子、建筑,02_家庭生活/2026/2026-04-13_IMG20260413212013.jpg,IMG20260413212013.jpg
KU1884,家庭生活,2026,2026-04-13,day,个人相册,0.692,1,人物、孩子、建筑,02_家庭生活/2026/2026-04-13_IMG20260413212015.jpg,IMG20260413212015.jpg
KU2545,家庭生活,2026,2026-04-13,day,个人相册,0.5723,4,艺术、装饰、frame,02_家庭生活/2026/2026-04-13_mmexport1776035990440.jpg,mmexport1776035990440.jpg
KU1234,家庭生活,2026,2026-04-13,day,个人相册,0.7433,2,人物、孩子、建筑,02_家庭生活/2026/2026-04-13_mmexport1776036011808.jpg,mmexport1776036011808.jpg
KU1225,家庭生活,2026,2026-04-13,day,个人相册,0.7442,2,人物、孩子、建筑,02_家庭生活/2026/2026-04-13_mmexport1776036019196.jpg,mmexport1776036019196.jpg
KU2087,家庭生活,2026,2026-04-13,day,个人相册,0.6741,3,人物、建筑、孩子,02_家庭生活/2026/2026-04-13_mmexport1776036023399.jpg,mmexport1776036023399.jpg
KU1322,家庭生活,2026,2026-04-13,day,个人相册,0.7373,4,人物、建筑、大人,02_家庭生活/2026/2026-04-13_mmexport1776036057019.jpg,mmexport1776036057019.jpg
KU1557,家庭生活,2026,2026-04-13,day,个人相册,0.7201,3,人物、孩子、建筑,02_家庭生活/2026/2026-04-13_mmexport1776036061737.jpg,mmexport1776036061737.jpg
KU2082,家庭生活,2026,2026-04-13,day,个人相册,0.6745,1,建筑、交通工具、台阶,02_家庭生活/2026/2026-04-13_mmexport1776036661858.jpg,mmexport1776036661858.jpg
KU1791,家庭生活,2026,2026-04-18,day,个人相册,0.6997,1,建筑、家具、cabinet,02_家庭生活/2026/2026-04-18_IMG20260418141630.jpg,IMG20260418141630.jpg
KU0661,家庭生活,2026,2026-04-18,day,个人相册,0.791,1,人物、孩子、建筑,02_家庭生活/2026/2026-04-18_IMG20260418141702.jpg,IMG20260418141702.jpg
KU1561,家庭生活,2026,2026-04-18,day,个人相册,0.7198,2,人物、户外、孩子,02_家庭生活/2026/2026-04-18_IMG20260418143210.jpg,IMG20260418143210.jpg
KU1683,家庭生活,2026,2026-04-18,day,个人相册,0.7091,3,户外、陆地、草地,02_家庭生活/2026/2026-04-18_IMG20260418151502.jpg,IMG20260418151502.jpg
KU1636,家庭生活,2026,2026-04-18,day,个人相册,0.7132,4,户外、人物、陆地,02_家庭生活/2026/2026-04-18_IMG20260418151503.jpg,IMG20260418151503.jpg
KU1124,家庭生活,2026,2026-04-18,day,个人相册,0.7509,4,户外、陆地、草地,02_家庭生活/2026/2026-04-18_IMG20260418151505.jpg,IMG20260418151505.jpg
KU1026,家庭生活,2026,2026-04-18,day,个人相册,0.7577,2,户外、草地、陆地,02_家庭生活/2026/2026-04-18_IMG20260418151508.jpg,IMG20260418151508.jpg
KU0871,家庭生活,2026,2026-04-18,day,个人相册,0.7688,4,户外、天空、草地,02_家庭生活/2026/2026-04-18_IMG20260418151510.jpg,IMG20260418151510.jpg
KU1052,家庭生活,2026,2026-04-18,day,个人相册,0.7557,4,户外、人物、草地,02_家庭生活/2026/2026-04-18_IMG20260418151510_01.jpg,IMG20260418151510_01.jpg
KU2105,家庭生活,2026,2026-04-18,day,个人相册,0.6714,3,户外、人物、陆地,02_家庭生活/2026/2026-04-18_IMG20260418151517.jpg,IMG20260418151517.jpg
KU0894,家庭生活,2026,2026-04-18,day,个人相册,0.7667,3,户外、人物、草地,02_家庭生活/2026/2026-04-18_IMG20260418151518.jpg,IMG20260418151518.jpg
KU1691,家庭生活,2026,2026-04-18,day,个人相册,0.7084,3,户外、人物、草地,02_家庭生活/2026/2026-04-18_IMG20260418151519.jpg,IMG20260418151519.jpg
KU1484,家庭生活,2026,2026-04-18,day,个人相册,0.7258,2,户外、天空、人物,02_家庭生活/2026/2026-04-18_IMG20260418151521.jpg,IMG20260418151521.jpg
KU1162,家庭生活,2026,2026-04-18,day,个人相册,0.7474,2,户外、天空、人物,02_家庭生活/2026/2026-04-18_IMG20260418151523.jpg,IMG20260418151523.jpg
KU1253,家庭生活,2026,2026-04-18,day,个人相册,0.7419,2,户外、人物、草地,02_家庭生活/2026/2026-04-18_IMG20260418151523_01.jpg,IMG20260418151523_01.jpg
KU0528,家庭生活,2026,2026-04-18,day,个人相册,0.8169,2,户外、天空、草地,02_家庭生活/2026/2026-04-18_IMG20260418151524.jpg,IMG20260418151524.jpg
KU0519,家庭生活,2026,2026-04-18,day,个人相册,0.8205,3,户外、天空、人物,02_家庭生活/2026/2026-04-18_IMG20260418151525.jpg,IMG20260418151525.jpg
KU0859,家庭生活,2026,2026-04-18,day,个人相册,0.7698,3,户外、天空、人物,02_家庭生活/2026/2026-04-18_IMG20260418151526.jpg,IMG20260418151526.jpg
KU0544,家庭生活,2026,2026-04-18,day,个人相册,0.8108,3,户外、天空、人物,02_家庭生活/2026/2026-04-18_IMG20260418151527.jpg,IMG20260418151527.jpg
KU0493,家庭生活,2026,2026-04-18,day,个人相册,0.8361,3,户外、人物、天空,02_家庭生活/2026/2026-04-18_IMG20260418151528.jpg,IMG20260418151528.jpg
KU0516,家庭生活,2026,2026-04-18,day,个人相册,0.8237,4,户外、人物、天空,02_家庭生活/2026/2026-04-18_IMG20260418151529.jpg,IMG20260418151529.jpg
KU2323,家庭生活,2026,2026-04-18,day,个人相册,0.6362,5,户外、人物、草地,02_家庭生活/2026/2026-04-18_IMG20260418151545.jpg,IMG20260418151545.jpg
KU0731,家庭生活,2026,2026-04-18,day,个人相册,0.7819,2,户外、天空、人物,02_家庭生活/2026/2026-04-18_IMG20260418151548.jpg,IMG20260418151548.jpg
KU0593,家庭生活,2026,2026-04-18,day,个人相册,0.8005,2,户外、人物、草地,02_家庭生活/2026/2026-04-18_IMG20260418151549.jpg,IMG20260418151549.jpg
KU1156,家庭生活,2026,2026-04-18,day,个人相册,0.7482,3,户外、人物、天空,02_家庭生活/2026/2026-04-18_IMG20260418151549_01.jpg,IMG20260418151549_01.jpg
KU1893,家庭生活,2026,2026-04-18,day,个人相册,0.691,4,户外、天空、草地,02_家庭生活/2026/2026-04-18_IMG20260418151551.jpg,IMG20260418151551.jpg
KU0917,家庭生活,2026,2026-04-18,day,个人相册,0.7653,5,户外、人物、草地,02_家庭生活/2026/2026-04-18_IMG20260418151747.jpg,IMG20260418151747.jpg
KU1099,家庭生活,2026,2026-04-18,day,个人相册,0.753,9,户外、人物、天空,02_家庭生活/2026/2026-04-18_IMG20260418151748.jpg,IMG20260418151748.jpg
KU0954,家庭生活,2026,2026-04-18,day,个人相册,0.7627,6,户外、人物、天空,02_家庭生活/2026/2026-04-18_IMG20260418151750.jpg,IMG20260418151750.jpg
KU2017,家庭生活,2026,2026-04-18,day,个人相册,0.6804,7,户外、人物、天空,02_家庭生活/2026/2026-04-18_IMG20260418151751.jpg,IMG20260418151751.jpg
KU2117,家庭生活,2026,2026-04-18,day,个人相册,0.67,5,户外、人物、天空,02_家庭生活/2026/2026-04-18_IMG20260418151754.jpg,IMG20260418151754.jpg
KU0763,家庭生活,2026,2026-04-18,day,个人相册,0.7792,2,人物、大人、人群,02_家庭生活/2026/2026-04-18_IMG20260418154133.jpg,IMG20260418154133.jpg
KU2436,家庭生活,2026,2026-04-19,day,个人相册,0.6134,2,建筑、围栏、户外,02_家庭生活/2026/2026-04-19_IMG20260419160806.jpg,IMG20260419160806.jpg
KU0947,家庭生活,2026,2026-04-19,day,个人相册,0.7629,5,人物、围栏、建筑,02_家庭生活/2026/2026-04-19_IMG20260419160857.jpg,IMG20260419160857.jpg
KU0808,家庭生活,2026,2026-04-19,day,个人相册,0.774,3,建筑、围栏、人物,02_家庭生活/2026/2026-04-19_IMG20260419160858.jpg,IMG20260419160858.jpg
KU1576,家庭生活,2026,2026-04-19,day,个人相册,0.7183,4,建筑、围栏、人物,02_家庭生活/2026/2026-04-19_IMG20260419160859.jpg,IMG20260419160859.jpg
KU0795,家庭生活,2026,2026-04-19,day,个人相册,0.775,3,建筑、围栏、衣物,02_家庭生活/2026/2026-04-19_IMG20260419160900.jpg,IMG20260419160900.jpg
KU0976,家庭生活,2026,2026-04-19,day,个人相册,0.7612,2,围栏、建筑、衣物,02_家庭生活/2026/2026-04-19_IMG20260419160901.jpg,IMG20260419160901.jpg
KU0734,家庭生活,2026,2026-04-19,day,个人相册,0.7814,1,人物、孩子、植物,02_家庭生活/2026/2026-04-19_IMG20260419171828.jpg,IMG20260419171828.jpg
KU0934,家庭生活,2026,2026-04-19,day,个人相册,0.7639,1,人物、孩子、户外,02_家庭生活/2026/2026-04-19_IMG20260419171830.jpg,IMG20260419171830.jpg
KU1488,家庭生活,2026,2026-04-25,day,个人相册,0.7253,3,人物、孩子、大人,02_家庭生活/2026/2026-04-25_wx_camera_1777096715131.jpg,wx_camera_1777096715131.jpg
KU0689,家庭生活,2026,2026-04-26,day,个人相册,0.7869,17,人物、孩子、大人,02_家庭生活/2026/2026-04-26_IMG20260426183246.jpg,IMG20260426183246.jpg
KU1803,家庭生活,2026,2026-04-26,day,个人相册,0.6985,16,人物、孩子、大人,02_家庭生活/2026/2026-04-26_IMG20260426183247.jpg,IMG20260426183247.jpg
KU0494,家庭生活,2026,2026-04-27,day,个人相册,0.8351,4,人物、孩子、utensil,02_家庭生活/2026/2026-04-27_mmexport1777292811033.jpg,mmexport1777292811033.jpg
KU1572,家庭生活,2026,2026-05-01,day,个人相册,0.7188,2,人物、大人、户外,02_家庭生活/2026/2026-05-01_IMG20260501114722.jpg,IMG20260501114722.jpg
KU1492,家庭生活,2026,2026-05-01,day,个人相册,0.7251,3,人物、大人、建筑,02_家庭生活/2026/2026-05-01_IMG20260501114723.jpg,IMG20260501114723.jpg
KU0998,家庭生活,2026,2026-05-01,day,个人相册,0.7596,2,人物、大人、户外,02_家庭生活/2026/2026-05-01_IMG20260501114728.jpg,IMG20260501114728.jpg
KU1978,家庭生活,2026,2026-05-01,day,个人相册,0.6837,2,人物、孩子、户外,02_家庭生活/2026/2026-05-01_IMG20260501114733.jpg,IMG20260501114733.jpg
KU2327,家庭生活,2026,2026-05-01,day,个人相册,0.6357,2,人物、建筑、孩子,02_家庭生活/2026/2026-05-01_IMG20260501114735.jpg,IMG20260501114735.jpg
KU1291,家庭生活,2026,2026-05-01,day,个人相册,0.7394,4,户外、天空、人物,02_家庭生活/2026/2026-05-01_IMG20260501181628.jpg,IMG20260501181628.jpg
KU2269,家庭生活,2026,2026-05-01,day,个人相册,0.6458,4,户外、天空、人物,02_家庭生活/2026/2026-05-01_IMG20260501181631.jpg,IMG20260501181631.jpg
KU1008,家庭生活,2026,2026-05-01,day,个人相册,0.7592,4,人物、户外、天空,02_家庭生活/2026/2026-05-01_IMG20260501181634.jpg,IMG20260501181634.jpg
KU1907,家庭生活,2026,2026-05-01,day,个人相册,0.6894,2,人物、大人、建筑,02_家庭生活/2026/2026-05-01_IMG20260501181637.jpg,IMG20260501181637.jpg
KU2095,家庭生活,2026,2026-05-01,day,个人相册,0.6732,4,人物、户外、天空,02_家庭生活/2026/2026-05-01_IMG20260501181639.jpg,IMG20260501181639.jpg
KU2152,家庭生活,2026,2026-05-01,day,个人相册,0.666,4,人物、建筑、围栏,02_家庭生活/2026/2026-05-01_IMG20260501181641.jpg,IMG20260501181641.jpg
KU1839,家庭生活,2026,2026-05-01,day,个人相册,0.6955,3,人物、户外、天空,02_家庭生活/2026/2026-05-01_IMG20260501181645.jpg,IMG20260501181645.jpg
KU2170,家庭生活,2026,2026-05-01,day,个人相册,0.664,4,户外、天空、人物,02_家庭生活/2026/2026-05-01_IMG20260501181647.jpg,IMG20260501181647.jpg
KU1919,家庭生活,2026,2026-05-01,day,个人相册,0.6889,7,人物、大人、孩子,02_家庭生活/2026/2026-05-01_IMG20260501181702.jpg,IMG20260501181702.jpg
KU2509,家庭生活,2026,2026-05-01,day,个人相册,0.5923,6,人物、建筑、围栏,02_家庭生活/2026/2026-05-01_IMG20260501181941.jpg,IMG20260501181941.jpg
KU2013,家庭生活,2026,2026-05-01,day,个人相册,0.6808,6,人物、大人、孩子,02_家庭生活/2026/2026-05-01_IMG20260501181958.jpg,IMG20260501181958.jpg
KU1259,家庭生活,2026,2026-05-03,day,个人相册,0.7414,2,户外、天空、多云,02_家庭生活/2026/2026-05-03_IMG20260503144243.jpg,IMG20260503144243.jpg
KU1429,家庭生活,2026,2026-05-03,day,个人相册,0.73,2,户外、多云、天空,02_家庭生活/2026/2026-05-03_IMG20260503144249.jpg,IMG20260503144249.jpg
KU1877,家庭生活,2026,2026-05-03,day,个人相册,0.6923,1,人物、孩子、艺术,02_家庭生活/2026/2026-05-03_wx_camera_1777782151061.jpg,wx_camera_1777782151061.jpg
KU1708,家庭生活,2026,2026-05-09,day,个人相册,0.7074,2,人物、建筑、家具,02_家庭生活/2026/2026-05-09_IMG20260509220643.jpg,IMG20260509220643.jpg
KU2301,家庭生活,2026,2026-05-09,day,个人相册,0.6404,2,人物、孩子、大人,02_家庭生活/2026/2026-05-09_IMG20260509220658.jpg,IMG20260509220658.jpg
KU2356,家庭生活,2026,2026-05-09,day,个人相册,0.6324,1,人物、大人、材质,02_家庭生活/2026/2026-05-09_IMG20260509221248.jpg,IMG20260509221248.jpg
KU2519,家庭生活,2026,2026-05-10,day,个人相册,0.5863,2,人物、孩子、户外,02_家庭生活/2026/2026-05-10_IMG20260510104053.jpg,IMG20260510104053.jpg
KU1431,家庭生活,2026,2026-05-10,day,个人相册,0.7299,1,户外、人物、孩子,02_家庭生活/2026/2026-05-10_IMG20260510104809.jpg,IMG20260510104809.jpg
KU1655,家庭生活,2026,2026-05-10,day,个人相册,0.7112,1,人物、孩子、户外,02_家庭生活/2026/2026-05-10_IMG20260510104811.jpg,IMG20260510104811.jpg
KU0627,家庭生活,2026,2026-05-12,day,个人相册,0.7955,2,陆地、户外、草地,02_家庭生活/2026/2026-05-12_IMG20260512072129.jpg,IMG20260512072129.jpg
KU1298,家庭生活,2026,2026-05-12,day,个人相册,0.7388,3,陆地、户外、草地,02_家庭生活/2026/2026-05-12_IMG20260512072132.jpg,IMG20260512072132.jpg
KU0747,家庭生活,2026,2026-05-12,day,个人相册,0.7804,3,陆地、户外、草地,02_家庭生活/2026/2026-05-12_IMG20260512072134.jpg,IMG20260512072134.jpg
KU2292,家庭生活,2026,2026-05-16,day,个人相册,0.6418,2,户外、陆地、草地,02_家庭生活/2026/2026-05-16_IMG20260516111305.jpg,IMG20260516111305.jpg
KU0600,家庭生活,2026,2026-05-16,day,个人相册,0.7993,2,陆地、户外、草地,02_家庭生活/2026/2026-05-16_IMG20260516111312.jpg,IMG20260516111312.jpg
KU1335,家庭生活,2026,2026-05-16,day,个人相册,0.7365,5,人物、建筑、大人,02_家庭生活/2026/2026-05-16_IMG20260516111739.jpg,IMG20260516111739.jpg
KU1886,家庭生活,2026,2026-05-16,day,个人相册,0.6918,5,人物、建筑、孩子,02_家庭生活/2026/2026-05-16_IMG20260516111741.jpg,IMG20260516111741.jpg
KU2288,家庭生活,2026,2026-05-16,day,个人相册,0.642,5,建筑、人物、大人,02_家庭生活/2026/2026-05-16_IMG20260516111741_01.jpg,IMG20260516111741_01.jpg
KU1810,家庭生活,2026,2026-05-16,day,个人相册,0.6981,5,建筑、人物、孩子,02_家庭生活/2026/2026-05-16_IMG20260516111742.jpg,IMG20260516111742.jpg
KU1547,家庭生活,2026,2026-05-16,day,个人相册,0.7208,5,人物、大人、建筑,02_家庭生活/2026/2026-05-16_IMG20260516111746.jpg,IMG20260516111746.jpg
KU1888,家庭生活,2026,2026-05-16,day,个人相册,0.6916,5,建筑、陆地、户外,02_家庭生活/2026/2026-05-16_IMG20260516111747.jpg,IMG20260516111747.jpg
KU2481,家庭生活,2026,2026-05-24,day,个人相册,0.6004,6,人物、大人、艺术,02_家庭生活/2026/2026-05-24_mmexport1779596386919.jpg,mmexport1779596386919.jpg
KU1219,家庭生活,2026,2026-05-24,day,个人相册,0.7445,5,人物、大人、孩子,02_家庭生活/2026/2026-05-24_mmexport1779596390971.jpg,mmexport1779596390971.jpg
KU0982,家庭生活,2026,2026-05-24,day,个人相册,0.7607,1,人物、孩子、建筑,02_家庭生活/2026/2026-05-24_mmexport1779596397567.jpg,mmexport1779596397567.jpg
KU0880,家庭生活,2026,2026-05-24,day,个人相册,0.7681,1,建筑、木制品、人物,02_家庭生活/2026/2026-05-24_mmexport1779596400258.jpg,mmexport1779596400258.jpg
KU0764,家庭生活,2026,2026-05-25,day,个人相册,0.7791,1,建筑、木制品、人物,02_家庭生活/2026/2026-05-25_mmexport1779669398343.jpg,mmexport1779669398343.jpg
KU0986,家庭生活,2026,2026-05-25,day,个人相册,0.7606,1,建筑、木制品、人物,02_家庭生活/2026/2026-05-25_mmexport1779669403705.jpg,mmexport1779669403705.jpg
KU1226,家庭生活,2026,2026-05-25,day,个人相册,0.7442,1,人物、孩子、大人,02_家庭生活/2026/2026-05-25_mmexport1779669407818.jpg,mmexport1779669407818.jpg
KU0937,家庭生活,2026,2026-05-25,day,个人相册,0.7637,1,人物、孩子、材质,02_家庭生活/2026/2026-05-25_mmexport1779669413994.jpg,mmexport1779669413994.jpg
KU1498,家庭生活,2026,2026-05-25,day,个人相册,0.7246,1,户外、天空、多云,02_家庭生活/2026/2026-05-25_mmexport1779669422009.jpg,mmexport1779669422009.jpg
KU1772,家庭生活,2026,2026-05-25,day,个人相册,0.7015,1,户外、天空、多云,02_家庭生活/2026/2026-05-25_mmexport1779669427573.jpg,mmexport1779669427573.jpg
KU1305,家庭生活,2026,2026-05-25,day,个人相册,0.7384,1,户外、天空、多云,02_家庭生活/2026/2026-05-25_mmexport1779669432408.jpg,mmexport1779669432408.jpg
KU1188,家庭生活,2026,2026-05-25,day,个人相册,0.7462,3,人物、孩子、建筑,02_家庭生活/2026/2026-05-25_mmexport1779669446256.jpg,mmexport1779669446256.jpg
KU2261,家庭生活,2026,2026-05-25,day,个人相册,0.6479,1,人物、孩子、户外,02_家庭生活/2026/2026-05-25_mmexport1779669477035.jpg,mmexport1779669477035.jpg
KU1690,家庭生活,2026,2026-05-31,day,个人相册,0.7085,1,人物、孩子、建筑,02_家庭生活/2026/2026-05-31_IMG20260531135622.jpg,IMG20260531135622.jpg
KU1789,家庭生活,2026,2026-05-31,day,个人相册,0.7,1,人物、孩子、建筑,02_家庭生活/2026/2026-05-31_IMG20260531135623.jpg,IMG20260531135623.jpg
KU2203,家庭生活,2026,2026-05-31,day,个人相册,0.6572,1,人物、孩子、建筑,02_家庭生活/2026/2026-05-31_IMG20260531135625.jpg,IMG20260531135625.jpg
KU2402,家庭生活,2026,2026-05-31,day,个人相册,0.6214,3,人物、孩子、大人,02_家庭生活/2026/2026-05-31_IMG20260531170147.jpg,IMG20260531170147.jpg
KU1733,家庭生活,2026,2026-05-31,day,个人相册,0.7056,3,人物、孩子、大人,02_家庭生活/2026/2026-05-31_IMG20260531170148.jpg,IMG20260531170148.jpg
KU2361,家庭生活,2026,2026-05-31,day,个人相册,0.6314,3,人物、孩子、大人,02_家庭生活/2026/2026-05-31_IMG20260531170154.jpg,IMG20260531170154.jpg
KU2057,家庭生活,2026,2026-05-31,day,个人相册,0.6769,1,人物、孩子、衣物,02_家庭生活/2026/2026-05-31_IMG20260531170307.jpg,IMG20260531170307.jpg
KU1776,家庭生活,2026,2026-05-31,day,个人相册,0.7009,1,人物、孩子、建筑,02_家庭生活/2026/2026-05-31_IMG20260531171038.jpg,IMG20260531171038.jpg
KU1447,家庭生活,2026,2026-05-31,day,个人相册,0.7288,1,人物、孩子、建筑,02_家庭生活/2026/2026-05-31_IMG20260531171038_01.jpg,IMG20260531171038_01.jpg
KU1616,家庭生活,2026,2026-05-31,day,个人相册,0.715,3,人物、孩子、衣物,02_家庭生活/2026/2026-05-31_IMG20260531171039.jpg,IMG20260531171039.jpg
KU1903,家庭生活,2026,2026-05-31,day,个人相册,0.6899,3,人物、孩子、大人,02_家庭生活/2026/2026-05-31_IMG20260531171040.jpg,IMG20260531171040.jpg
KU1652,家庭生活,2026,2026-05-31,day,个人相册,0.7113,3,人物、孩子、大人,02_家庭生活/2026/2026-05-31_IMG20260531171041.jpg,IMG20260531171041.jpg
KU1784,家庭生活,2026,2026-05-31,day,个人相册,0.7002,3,人物、孩子、大人,02_家庭生活/2026/2026-05-31_IMG20260531171041_01.jpg,IMG20260531171041_01.jpg
KU1897,家庭生活,2026,2026-05-31,day,个人相册,0.6902,3,人物、孩子、大人,02_家庭生活/2026/2026-05-31_IMG20260531171042.jpg,IMG20260531171042.jpg
KU1647,家庭生活,2026,2026-05-31,day,个人相册,0.7117,2,人物、孩子、衣物,02_家庭生活/2026/2026-05-31_IMG20260531171042_01.jpg,IMG20260531171042_01.jpg
KU2032,家庭生活,2026,2026-05-31,day,个人相册,0.6785,3,人物、孩子、衣物,02_家庭生活/2026/2026-05-31_IMG20260531171042_02.jpg,IMG20260531171042_02.jpg
KU1617,家庭生活,2026,2026-05-31,day,个人相册,0.715,3,人物、孩子、衣物,02_家庭生活/2026/2026-05-31_IMG20260531171043.jpg,IMG20260531171043.jpg
KU1542,家庭生活,2026,2026-05-31,day,个人相册,0.721,2,人物、孩子、大人,02_家庭生活/2026/2026-05-31_IMG20260531171043_01.jpg,IMG20260531171043_01.jpg
KU1217,家庭生活,2026,2026-05-31,day,个人相册,0.7447,4,户外、天空、陆地,02_家庭生活/2026/2026-05-31_IMG20260531173504.jpg,IMG20260531173504.jpg
KU2317,家庭生活,2026,2026-05-31,day,个人相册,0.6384,5,户外、天空、陆地,02_家庭生活/2026/2026-05-31_IMG20260531173509.jpg,IMG20260531173509.jpg
KU1769,家庭生活,2026,2026-05-31,day,个人相册,0.7016,5,户外、天空、陆地,02_家庭生活/2026/2026-05-31_IMG20260531173510.jpg,IMG20260531173510.jpg
KU1201,家庭生活,2026,2026-05-31,day,个人相册,0.7456,4,人物、孩子、大人,02_家庭生活/2026/2026-05-31_IMG20260531175040.jpg,IMG20260531175040.jpg
KU2137,家庭生活,2026,2026-05-31,day,个人相册,0.6682,3,人物、孩子、建筑,02_家庭生活/2026/2026-05-31_IMG20260531175047.jpg,IMG20260531175047.jpg
KU1967,家庭生活,2026,2026-05-31,day,个人相册,0.6846,2,人物、孩子、建筑,02_家庭生活/2026/2026-05-31_IMG20260531175050.jpg,IMG20260531175050.jpg
KU0748,家庭生活,2026,2026-05-31,day,个人相册,0.7804,2,人物、孩子、建筑,02_家庭生活/2026/2026-05-31_IMG20260531175051.jpg,IMG20260531175051.jpg
KU2085,家庭生活,2026,2026-05-31,day,个人相册,0.6744,2,人物、孩子、大人,02_家庭生活/2026/2026-05-31_IMG20260531182618.jpg,IMG20260531182618.jpg
KU2214,家庭生活,2026,2026-05-31,day,个人相册,0.6549,3,人物、孩子、大人,02_家庭生活/2026/2026-05-31_IMG20260531183114.jpg,IMG20260531183114.jpg
KU2129,家庭生活,2026,2026-05-31,day,个人相册,0.6689,2,人物、孩子、大人,02_家庭生活/2026/2026-05-31_IMG20260531183115.jpg,IMG20260531183115.jpg
KU2325,家庭生活,2026,2026-05-31,day,个人相册,0.636,2,人物、孩子、大人,02_家庭生活/2026/2026-05-31_IMG20260531183117.jpg,IMG20260531183117.jpg
KU0698,家庭生活,2026,2026-06-01,day,个人相册,0.7864,2,人物、孩子、大人,02_家庭生活/2026/2026-06-01_mmexport1780282706331.jpg,mmexport1780282706331.jpg
KU2171,家庭生活,2026,2026-06-02,day,个人相册,0.6639,1,人物、孩子、建筑,02_家庭生活/2026/2026-06-02_IMG20260602205902.jpg,IMG20260602205902.jpg
KU1043,家庭生活,2026,2026-06-02,day,个人相册,0.7562,1,人物、孩子、建筑,02_家庭生活/2026/2026-06-02_IMG20260602205903.jpg,IMG20260602205903.jpg
KU1297,家庭生活,2026,2026-06-02,day,个人相册,0.7389,1,人物、孩子、建筑,02_家庭生活/2026/2026-06-02_IMG20260602205903_01.jpg,IMG20260602205903_01.jpg
KU0629,家庭生活,2026,2026-06-02,day,个人相册,0.7952,1,人物、孩子、建筑,02_家庭生活/2026/2026-06-02_IMG20260602205905.jpg,IMG20260602205905.jpg
KU2409,家庭生活,2026,2026-06-03,day,个人相册,0.6196,1,人物、大人、孩子,02_家庭生活/2026/2026-06-03_IMG20260603214620.jpg,IMG20260603214620.jpg
KU2525,家庭生活,2026,2026-06-03,day,个人相册,0.5833,1,人物、孩子、大人,02_家庭生活/2026/2026-06-03_IMG20260603214625.jpg,IMG20260603214625.jpg
KU1321,家庭生活,2026,2026-06-05,day,个人相册,0.7373,2,人物、孩子、建筑,02_家庭生活/2026/2026-06-05_mmexport1780632996892.jpg,mmexport1780632996892.jpg
KU0610,家庭生活,2026,2026-06-06,day,个人相册,0.7984,3,人物、孩子、建筑,02_家庭生活/2026/2026-06-06_IMG20260606112049.jpg,IMG20260606112049.jpg
KU0988,家庭生活,2026,2026-06-06,day,个人相册,0.7604,1,人物、孩子、艺术,02_家庭生活/2026/2026-06-06_IMG20260606112421.jpg,IMG20260606112421.jpg
KU0639,家庭生活,2026,2026-06-06,day,个人相册,0.7942,1,人物、孩子、建筑,02_家庭生活/2026/2026-06-06_IMG20260606112422.jpg,IMG20260606112422.jpg
KU0569,家庭生活,2026,2026-06-06,day,个人相册,0.8057,3,人物、孩子、建筑,02_家庭生活/2026/2026-06-06_IMG20260606115537.jpg,IMG20260606115537.jpg
KU0870,家庭生活,2026,2026-06-06,day,个人相册,0.769,3,人物、孩子、衣物,02_家庭生活/2026/2026-06-06_IMG20260606115538.jpg,IMG20260606115538.jpg
KU2418,家庭生活,2026,2026-06-06,day,个人相册,0.6189,3,人物、孩子、衣物,02_家庭生活/2026/2026-06-06_IMG20260606115540.jpg,IMG20260606115540.jpg
KU2219,家庭生活,2026,2026-06-06,day,个人相册,0.6545,3,人物、孩子、衣物,02_家庭生活/2026/2026-06-06_IMG20260606115543.jpg,IMG20260606115543.jpg
KU0730,家庭生活,2026,2026-06-06,day,个人相册,0.7821,4,人物、孩子、衣物,02_家庭生活/2026/2026-06-06_IMG20260606115548.jpg,IMG20260606115548.jpg
KU0889,家庭生活,2026,2026-06-06,day,个人相册,0.767,3,人物、孩子、衣物,02_家庭生活/2026/2026-06-06_IMG20260606115549.jpg,IMG20260606115549.jpg
KU0958,家庭生活,2026,2026-06-06,day,个人相册,0.7623,2,人物、孩子、衣物,02_家庭生活/2026/2026-06-06_IMG20260606115550.jpg,IMG20260606115550.jpg
KU0605,家庭生活,2026,2026-06-06,day,个人相册,0.7988,4,人物、孩子、衣物,02_家庭生活/2026/2026-06-06_IMG20260606115551.jpg,IMG20260606115551.jpg
KU0595,家庭生活,2026,2026-06-06,day,个人相册,0.8002,4,人物、孩子、衣物,02_家庭生活/2026/2026-06-06_IMG20260606115552.jpg,IMG20260606115552.jpg
KU0720,家庭生活,2026,2026-06-06,day,个人相册,0.7834,1,人物、孩子、衣物,02_家庭生活/2026/2026-06-06_IMG20260606115557.jpg,IMG20260606115557.jpg
KU0511,家庭生活,2026,2026-06-06,day,个人相册,0.825,2,人物、孩子、大人,02_家庭生活/2026/2026-06-06_IMG20260606115558.jpg,IMG20260606115558.jpg
KU0540,家庭生活,2026,2026-06-06,day,个人相册,0.8127,1,人物、孩子、室内空间,02_家庭生活/2026/2026-06-06_IMG20260606115559.jpg,IMG20260606115559.jpg
KU0674,家庭生活,2026,2026-06-06,day,个人相册,0.7885,2,人物、孩子、大人,02_家庭生活/2026/2026-06-06_mmexport1780755405569.jpg,mmexport1780755405569.jpg
KU1240,家庭生活,2026,2026-06-06,day,个人相册,0.7427,2,人物、孩子、大人,02_家庭生活/2026/2026-06-06_mmexport1780755407897.jpg,mmexport1780755407897.jpg
KU1860,家庭生活,2026,2026-06-06,day,个人相册,0.6937,2,人物、孩子、eyeglasses,02_家庭生活/2026/2026-06-06_mmexport1780755410391.jpg,mmexport1780755410391.jpg
KU1625,家庭生活,2026,2026-06-06,day,个人相册,0.7142,2,人物、孩子、eyeglasses,02_家庭生活/2026/2026-06-06_mmexport1780755413182.jpg,mmexport1780755413182.jpg
KU2055,家庭生活,2026,2026-06-06,day,个人相册,0.6771,2,人物、孩子、eyeglasses,02_家庭生活/2026/2026-06-06_mmexport1780755415576.jpg,mmexport1780755415576.jpg
KU2168,家庭生活,2026,2026-06-06,day,个人相册,0.6644,2,人物、孩子、大人,02_家庭生活/2026/2026-06-06_mmexport1780755417877.jpg,mmexport1780755417877.jpg
KU2508,家庭生活,2026,2026-06-07,day,个人相册,0.5926,2,人物、孩子、艺术,02_家庭生活/2026/2026-06-07_1780835452148.png,1780835452148.png
KU0546,家庭生活,2026,2026-06-07,day,个人相册,0.8103,1,人物、孩子、材质,02_家庭生活/2026/2026-06-07_IMG20260607201356.jpg,IMG20260607201356.jpg
KU0611,家庭生活,2026,2026-06-07,day,个人相册,0.7982,1,人物、孩子、材质,02_家庭生活/2026/2026-06-07_IMG20260607201403.jpg,IMG20260607201403.jpg
KU0908,家庭生活,2026,2026-06-07,day,个人相册,0.7659,1,人物、孩子、材质,02_家庭生活/2026/2026-06-07_IMG20260607201404.jpg,IMG20260607201404.jpg
KU0580,家庭生活,2026,2026-06-20,day,个人相册,0.8041,1,人物、孩子、建筑,02_家庭生活/2026/2026-06-20_IMG20260620191423.jpg,IMG20260620191423.jpg
KU1000,家庭生活,2026,2026-06-20,day,个人相册,0.7595,1,人物、孩子、建筑,02_家庭生活/2026/2026-06-20_IMG20260620191427.jpg,IMG20260620191427.jpg
KU1835,家庭生活,2026,2026-06-20,day,个人相册,0.6965,3,建筑、木制品、人物,02_家庭生活/2026/2026-06-20_Image_1781965303187_187.jpg,Image_1781965303187_187.jpg
KU1935,家庭生活,2026,2026-06-21,day,个人相册,0.6872,6,人物、大人、建筑,02_家庭生活/2026/2026-06-21_IMG20260621163516.jpg,IMG20260621163516.jpg
KU2204,家庭生活,2026,2026-06-21,day,个人相册,0.6572,2,户外、天空、多云,02_家庭生活/2026/2026-06-21_IMG20260621164405.jpg,IMG20260621164405.jpg
KU1981,家庭生活,2026,2026-06-21,day,个人相册,0.6831,2,户外、天空、蓝天,02_家庭生活/2026/2026-06-21_IMG20260621164406.jpg,IMG20260621164406.jpg
KU1229,家庭生活,2026,2026-06-21,day,个人相册,0.7439,1,户外、天空、多云,02_家庭生活/2026/2026-06-21_IMG20260621164407.jpg,IMG20260621164407.jpg
KU0609,家庭生活,2026,2026-06-21,day,个人相册,0.7985,3,人物、孩子、建筑,02_家庭生活/2026/2026-06-21_IMG20260621165804.jpg,IMG20260621165804.jpg
KU0553,家庭生活,2026,2026-06-21,day,个人相册,0.8091,3,人物、大人、孩子,02_家庭生活/2026/2026-06-21_IMG20260621165805.jpg,IMG20260621165805.jpg
KU0628,家庭生活,2026,2026-06-21,day,个人相册,0.7953,3,人物、孩子、大人,02_家庭生活/2026/2026-06-21_IMG20260621165806.jpg,IMG20260621165806.jpg
KU0873,家庭生活,2026,2026-06-21,day,个人相册,0.7687,2,人物、孩子、材质,02_家庭生活/2026/2026-06-21_IMG20260621170707.jpg,IMG20260621170707.jpg
KU0663,家庭生活,2026,2026-06-21,day,个人相册,0.7905,2,人物、孩子、材质,02_家庭生活/2026/2026-06-21_IMG20260621170708.jpg,IMG20260621170708.jpg
KU1384,家庭生活,2026,2026-06-21,day,个人相册,0.7331,2,人物、孩子、材质,02_家庭生活/2026/2026-06-21_IMG20260621170708_01.jpg,IMG20260621170708_01.jpg
KU1237,家庭生活,2026,2026-06-21,day,个人相册,0.743,4,人物、孩子、大人,02_家庭生活/2026/2026-06-21_IMG20260621170711.jpg,IMG20260621170711.jpg
KU0804,家庭生活,2026,2026-06-21,day,个人相册,0.7742,3,人物、孩子、植物,02_家庭生活/2026/2026-06-21_IMG20260621170712.jpg,IMG20260621170712.jpg
KU0807,家庭生活,2026,2026-06-21,day,个人相册,0.7741,2,人物、孩子、植物,02_家庭生活/2026/2026-06-21_IMG20260621170714.jpg,IMG20260621170714.jpg
KU2275,家庭生活,2026,2026-06-21,day,个人相册,0.6448,4,户外、天空、多云,02_家庭生活/2026/2026-06-21_mmexport1782036160118.jpg,mmexport1782036160118.jpg
KU2195,家庭生活,2026,2026-06-21,day,个人相册,0.6592,2,户外、天空、多云,02_家庭生活/2026/2026-06-21_mmexport1782036185239.jpg,mmexport1782036185239.jpg
KU2499,家庭生活,2026,2026-06-21,day,个人相册,0.5949,3,户外、天空、多云,02_家庭生活/2026/2026-06-21_mmexport1782036193177.jpg,mmexport1782036193177.jpg
KU2371,家庭生活,2026,2026-06-21,day,个人相册,0.6297,2,户外、天空、多云,02_家庭生活/2026/2026-06-21_mmexport1782036197172.jpg,mmexport1782036197172.jpg
KU2547,家庭生活,2026,2026-06-21,day,个人相册,0.5705,7,户外、天空、蓝天,02_家庭生活/2026/2026-06-21_mmexport1782050050420.jpg,mmexport1782050050420.jpg
KU2448,家庭生活,2026,2026-06-21,day,个人相册,0.6104,6,户外、天空、多云,02_家庭生活/2026/2026-06-21_mmexport1782050066271.jpg,mmexport1782050066271.jpg
KU1684,家庭生活,2026,2026-06-21,day,个人相册,0.7091,6,户外、天空、蓝天,02_家庭生活/2026/2026-06-21_mmexport1782050070238.jpg,mmexport1782050070238.jpg
KU1890,家庭生活,2026,2026-06-21,day,个人相册,0.6913,5,户外、天空、蓝天,02_家庭生活/2026/2026-06-21_mmexport1782050073882.jpg,mmexport1782050073882.jpg
KU2247,家庭生活,2026,2026-06-21,day,个人相册,0.6503,6,户外、天空、多云,02_家庭生活/2026/2026-06-21_mmexport1782050083637.jpg,mmexport1782050083637.jpg
KU2165,家庭生活,2026,2026-06-21,day,个人相册,0.6647,4,户外、天空、多云,02_家庭生活/2026/2026-06-21_mmexport1782050099607.jpg,mmexport1782050099607.jpg
KU0805,家庭生活,2026,2026-06-21,day,个人相册,0.7742,3,户外、天空、多云,02_家庭生活/2026/2026-06-21_mmexport1782050106410.jpg,mmexport1782050106410.jpg
KU2271,家庭生活,2026,2026-06-21,day,个人相册,0.6452,3,户外、天空、多云,02_家庭生活/2026/2026-06-21_mmexport1782050109543.jpg,mmexport1782050109543.jpg
KU2130,家庭生活,2026,2026-06-21,day,个人相册,0.6689,2,户外、天空、多云,02_家庭生活/2026/2026-06-21_mmexport1782050113108.jpg,mmexport1782050113108.jpg
KU2475,家庭生活,2026,2026-06-21,day,个人相册,0.602,2,户外、天空、多云,02_家庭生活/2026/2026-06-21_mmexport1782050125397.jpg,mmexport1782050125397.jpg
KU2313,家庭生活,2026,2026-06-21,day,个人相册,0.6389,1,户外、天空、多云,02_家庭生活/2026/2026-06-21_mmexport1782050128981.jpg,mmexport1782050128981.jpg
KU1096,家庭生活,2026,2026-07-04,day,个人相册,0.7531,1,人物、孩子、大人,02_家庭生活/2026/2026-07-04_IMG20260704181215.jpg,IMG20260704181215.jpg
KU1072,家庭生活,2026,2026-07-04,day,个人相册,0.7545,1,人物、孩子、大人,02_家庭生活/2026/2026-07-04_IMG20260704181217.jpg,IMG20260704181217.jpg
KU1751,家庭生活,2026,2026-07-05,day,个人相册,0.7035,2,户外、天空、多云,02_家庭生活/2026/2026-07-05_FullSizeRender (1) (12).jpg,_heic_jpg/FullSizeRender (1) (12).jpg
KU2266,家庭生活,2026,2026-07-05,day,个人相册,0.6467,2,户外、天空、建筑,02_家庭生活/2026/2026-07-05_FullSizeRender (1) (13).jpg,_heic_jpg/FullSizeRender (1) (13).jpg
KU2369,家庭生活,2026,2026-07-05,day,个人相册,0.6298,2,户外、天空、多云,02_家庭生活/2026/2026-07-05_FullSizeRender (1) (14)(1).jpg,_heic_jpg/FullSizeRender (1) (14)(1).jpg
KU2193,家庭生活,2026,2026-07-05,day,个人相册,0.6596,2,户外、天空、多云,02_家庭生活/2026/2026-07-05_FullSizeRender (1) (16)(1).jpg,_heic_jpg/FullSizeRender (1) (16)(1).jpg
KU2382,家庭生活,2026,2026-07-05,day,个人相册,0.6269,2,户外、天空、多云,02_家庭生活/2026/2026-07-05_FullSizeRender (1) (17)(1).jpg,_heic_jpg/FullSizeRender (1) (17)(1).jpg
KU2567,家庭生活,2026,2026-07-05,day,个人相册,0.5583,2,户外、天空、多云,02_家庭生活/2026/2026-07-05_FullSizeRender (1) (18).jpg,_heic_jpg/FullSizeRender (1) (18).jpg
KU2184,家庭生活,2026,2026-07-05,day,个人相册,0.6613,2,户外、天空、多云,02_家庭生活/2026/2026-07-05_FullSizeRender (1) (19)(1).jpg,_heic_jpg/FullSizeRender (1) (19)(1).jpg
KU1813,家庭生活,2026,2026-07-05,day,个人相册,0.6979,2,户外、天空、蓝天,02_家庭生活/2026/2026-07-05_FullSizeRender (1) (20)(1).jpg,_heic_jpg/FullSizeRender (1) (20)(1).jpg
KU1819,家庭生活,2026,2026-07-05,day,个人相册,0.6977,2,户外、天空、多云,02_家庭生活/2026/2026-07-05_FullSizeRender (1) (7).jpg,_heic_jpg/FullSizeRender (1) (7).jpg
KU2454,家庭生活,2026,2026-07-05,day,个人相册,0.609,2,户外、天空、多云,02_家庭生活/2026/2026-07-05_FullSizeRender (10).jpg,_heic_jpg/FullSizeRender (10).jpg
KU1963,家庭生活,2026,2026-07-05,day,个人相册,0.6852,2,户外、天空、多云,02_家庭生活/2026/2026-07-05_FullSizeRender (11).jpg,_heic_jpg/FullSizeRender (11).jpg
KU2038,家庭生活,2026,2026-07-05,day,个人相册,0.6782,2,户外、天空、多云,02_家庭生活/2026/2026-07-05_FullSizeRender (13).jpg,_heic_jpg/FullSizeRender (13).jpg
KU1841,家庭生活,2026,2026-07-05,day,个人相册,0.6955,2,户外、建筑、石头,02_家庭生活/2026/2026-07-05_FullSizeRender (18).jpg,_heic_jpg/FullSizeRender (18).jpg
KU1934,家庭生活,2026,2026-07-05,day,个人相册,0.6872,2,户外、天空、多云,02_家庭生活/2026/2026-07-05_FullSizeRender (19).jpg,_heic_jpg/FullSizeRender (19).jpg
KU2025,家庭生活,2026,2026-07-05,day,个人相册,0.6796,2,户外、天空、建筑,02_家庭生活/2026/2026-07-05_FullSizeRender (22).jpg,_heic_jpg/FullSizeRender (22).jpg
KU1441,家庭生活,2026,2026-07-05,day,个人相册,0.7295,2,户外、人物、植物,02_家庭生活/2026/2026-07-05_FullSizeRender (23).jpg,_heic_jpg/FullSizeRender (23).jpg
KU2234,家庭生活,2026,2026-07-05,day,个人相册,0.6521,2,liquid、ocean、水面,02_家庭生活/2026/2026-07-05_FullSizeRender (26)(1).jpg,_heic_jpg/FullSizeRender (26)(1).jpg
KU2388,家庭生活,2026,2026-07-05,day,个人相册,0.6247,2,liquid、ocean、水面,02_家庭生活/2026/2026-07-05_FullSizeRender (3)(1).jpg,_heic_jpg/FullSizeRender (3)(1).jpg
KU1741,家庭生活,2026,2026-07-05,day,个人相册,0.7049,2,户外、陆地、人物,02_家庭生活/2026/2026-07-05_FullSizeRender (6).jpg,_heic_jpg/FullSizeRender (6).jpg
KU0885,家庭生活,2026,2026-07-05,day,个人相册,0.7672,2,人物、孩子、建筑,02_家庭生活/2026/2026-07-05_IMG20260705114700.jpg,IMG20260705114700.jpg
KU1117,家庭生活,2026,2026-07-05,day,个人相册,0.7515,3,人物、孩子、建筑,02_家庭生活/2026/2026-07-05_IMG20260705114702.jpg,IMG20260705114702.jpg
KU1528,家庭生活,2026,2026-07-05,day,个人相册,0.7222,2,人物、孩子、建筑,02_家庭生活/2026/2026-07-05_IMG20260705114704.jpg,IMG20260705114704.jpg
KU1345,家庭生活,2026,2026-07-05,day,个人相册,0.7356,1,人物、孩子、建筑,02_家庭生活/2026/2026-07-05_IMG20260705114706.jpg,IMG20260705114706.jpg
KU0727,家庭生活,2026,2026-07-05,day,个人相册,0.7826,1,人物、孩子、建筑,02_家庭生活/2026/2026-07-05_IMG20260705114707.jpg,IMG20260705114707.jpg
KU1859,家庭生活,2026,2026-07-05,day,个人相册,0.6937,2,户外、天空、蓝天,02_家庭生活/2026/2026-07-05_IMG20260705120607.jpg,IMG20260705120607.jpg
KU0818,家庭生活,2026,2026-07-05,day,个人相册,0.7729,2,户外、人物、孩子,02_家庭生活/2026/2026-07-05_IMG20260705120608.jpg,IMG20260705120608.jpg
KU1342,家庭生活,2026,2026-07-05,day,个人相册,0.7357,1,户外、天空、多云,02_家庭生活/2026/2026-07-05_IMG20260705120609.jpg,IMG20260705120609.jpg
KU1614,家庭生活,2026,2026-07-05,day,个人相册,0.7153,1,人物、孩子、户外,02_家庭生活/2026/2026-07-05_IMG20260705120610.jpg,IMG20260705120610.jpg
KU1377,家庭生活,2026,2026-07-05,day,个人相册,0.7335,1,户外、建筑、围栏,02_家庭生活/2026/2026-07-05_IMG20260705130137.jpg,IMG20260705130137.jpg
KU2359,家庭生活,2026,2026-07-05,day,个人相册,0.6322,3,户外、天空、人物,02_家庭生活/2026/2026-07-05_IMG20260705130748.jpg,IMG20260705130748.jpg
KU2354,家庭生活,2026,2026-07-05,day,个人相册,0.6326,3,人物、户外、天空,02_家庭生活/2026/2026-07-05_IMG20260705130749.jpg,IMG20260705130749.jpg
KU2191,家庭生活,2026,2026-07-05,day,个人相册,0.6597,3,户外、天空、多云,02_家庭生活/2026/2026-07-05_IMG20260705130750.jpg,IMG20260705130750.jpg
KU2237,家庭生活,2026,2026-07-05,day,个人相册,0.6515,3,户外、天空、多云,02_家庭生活/2026/2026-07-05_IMG20260705130750_01.jpg,IMG20260705130750_01.jpg
KU2006,家庭生活,2026,2026-07-05,day,个人相册,0.6811,3,户外、天空、多云,02_家庭生活/2026/2026-07-05_IMG20260705130751.jpg,IMG20260705130751.jpg
KU1512,家庭生活,2026,2026-07-05,day,个人相册,0.7237,3,户外、天空、多云,02_家庭生活/2026/2026-07-05_IMG20260705130752.jpg,IMG20260705130752.jpg
KU1350,家庭生活,2026,2026-07-05,day,个人相册,0.7354,2,人物、大人、户外,02_家庭生活/2026/2026-07-05_IMG20260705131520.jpg,IMG20260705131520.jpg
KU1032,家庭生活,2026,2026-07-05,day,个人相册,0.7574,2,人物、户外、天空,02_家庭生活/2026/2026-07-05_IMG20260705131522.jpg,IMG20260705131522.jpg
KU1194,家庭生活,2026,2026-07-05,day,个人相册,0.7459,2,人物、户外、天空,02_家庭生活/2026/2026-07-05_IMG20260705131524.jpg,IMG20260705131524.jpg
KU1262,家庭生活,2026,2026-07-05,day,个人相册,0.7413,2,人物、大人、户外,02_家庭生活/2026/2026-07-05_IMG_7418.jpg,_heic_jpg/IMG_7418.jpg
KU0901,家庭生活,2026,2026-07-05,day,个人相册,0.7663,2,户外、liquid、ocean,02_家庭生活/2026/2026-07-05_IMG_7423.jpg,_heic_jpg/IMG_7423.jpg
KU2527,家庭生活,2026,2026-07-05,day,个人相册,0.5828,2,人物、大人、建筑,02_家庭生活/2026/2026-07-05_IMG_7446.jpg,_heic_jpg/IMG_7446.jpg
KU1738,家庭生活,2026,2026-07-05,day,个人相册,0.7052,2,户外、天空、多云,02_家庭生活/2026/2026-07-05_IMG_7448.jpg,_heic_jpg/IMG_7448.jpg
KU2230,家庭生活,2026,2026-07-05,day,个人相册,0.6523,2,户外、天空、植物,02_家庭生活/2026/2026-07-05_IMG_7449.jpg,_heic_jpg/IMG_7449.jpg
KU1969,家庭生活,2026,2026-07-05,day,个人相册,0.6846,2,户外、天空、多云,02_家庭生活/2026/2026-07-05_IMG_7450.jpg,_heic_jpg/IMG_7450.jpg
KU0969,家庭生活,2026,2026-07-05,day,个人相册,0.7615,2,户外、天空、多云,02_家庭生活/2026/2026-07-05_IMG_7452.jpg,_heic_jpg/IMG_7452.jpg
KU1054,家庭生活,2026,2026-07-05,day,个人相册,0.7556,2,户外、天空、多云,02_家庭生活/2026/2026-07-05_IMG_7453.jpg,_heic_jpg/IMG_7453.jpg
KU2198,家庭生活,2026,2026-07-05,day,个人相册,0.6585,2,建筑、石头、户外,02_家庭生活/2026/2026-07-05_IMG_7503.jpg,_heic_jpg/IMG_7503.jpg
KU2491,家庭生活,2026,2026-07-05,day,个人相册,0.5982,2,建筑、石头、户外,02_家庭生活/2026/2026-07-05_IMG_7506.jpg,_heic_jpg/IMG_7506.jpg
KU2123,家庭生活,2026,2026-07-05,day,个人相册,0.6697,2,建筑、石头、人物,02_家庭生活/2026/2026-07-05_IMG_7537.jpg,_heic_jpg/IMG_7537.jpg
KU1777,家庭生活,2026,2026-07-05,day,个人相册,0.7008,2,建筑、石头、人物,02_家庭生活/2026/2026-07-05_IMG_7538.jpg,_heic_jpg/IMG_7538.jpg
KU0768,家庭生活,2026,2026-07-05,day,个人相册,0.7786,1,人物、孩子、机械,02_家庭生活/2026/2026-07-05_IMG_7568.jpg,_heic_jpg/IMG_7568.jpg
KU2272,家庭生活,2026,2026-07-05,day,个人相册,0.6451,1,机械、automobile、车辆,02_家庭生活/2026/2026-07-05_IMG_7569.jpg,_heic_jpg/IMG_7569.jpg
KU1854,家庭生活,2026,2026-07-05,day,个人相册,0.6943,2,人物、大人、材质,02_家庭生活/2026/2026-07-05_IMG_7575.jpg,_heic_jpg/IMG_7575.jpg
KU2528,家庭生活,2026,2026-07-06,day,个人相册,0.5817,3,建筑、石头、户外,02_家庭生活/2026/2026-07-06_mmexport1783292420230.jpg,mmexport1783292420230.jpg
KU2563,家庭生活,2026,2026-07-06,day,个人相册,0.561,3,建筑、石头、人物,02_家庭生活/2026/2026-07-06_mmexport1783292425161.jpg,mmexport1783292425161.jpg
KU2316,家庭生活,2026,2026-07-06,day,个人相册,0.6386,2,建筑、石头、户外,02_家庭生活/2026/2026-07-06_mmexport1783292436465.jpg,mmexport1783292436465.jpg
KU2145,家庭生活,2026,2026-07-06,day,个人相册,0.6673,2,建筑、石头、人物,02_家庭生活/2026/2026-07-06_mmexport1783292438904.jpg,mmexport1783292438904.jpg
KU2339,家庭生活,2026,2026-07-06,day,个人相册,0.6342,3,建筑、石头、户外,02_家庭生活/2026/2026-07-06_mmexport1783292442537.jpg,mmexport1783292442537.jpg
KU1367,家庭生活,2026,2026-07-06,day,个人相册,0.7345,3,人物、户外、孩子,02_家庭生活/2026/2026-07-06_mmexport1783292450745.jpg,mmexport1783292450745.jpg
KU1231,家庭生活,2026,2026-07-06,day,个人相册,0.7436,3,人物、户外、孩子,02_家庭生活/2026/2026-07-06_mmexport1783292466031.jpg,mmexport1783292466031.jpg
KU2459,家庭生活,2026,2026-07-06,day,个人相册,0.6064,3,户外、天空、蓝天,02_家庭生活/2026/2026-07-06_mmexport1783292470055.jpg,mmexport1783292470055.jpg
KU1132,家庭生活,2026,2026-07-06,day,个人相册,0.7504,3,户外、天空、蓝天,02_家庭生活/2026/2026-07-06_mmexport1783292476446.jpg,mmexport1783292476446.jpg
KU1548,家庭生活,2026,2026-07-11,day,个人相册,0.7207,2,人物、孩子、衣物,02_家庭生活/2026/2026-07-11_IMG20260711180353.jpg,IMG20260711180353.jpg
KU0843,家庭生活,2026,2026-07-11,day,个人相册,0.7707,1,人物、孩子、衣物,02_家庭生活/2026/2026-07-11_IMG20260711180354.jpg,IMG20260711180354.jpg
KU1424,家庭生活,2026,2026-07-12,day,个人相册,0.7305,1,人物、孩子、植物,02_家庭生活/2026/2026-07-12_wx_camera_1783851421688.jpg,wx_camera_1783851421688.jpg
KU0906,家庭生活,2026,2026-07-18,day,个人相册,0.766,3,人物、孩子、建筑,02_家庭生活/2026/2026-07-18_IMG20260718163552.jpg,IMG20260718163552.jpg
KU0743,家庭生活,2026,2026-07-31,day,个人相册,0.7807,3,人物、孩子、大人,02_家庭生活/2026/2026-07-31_mmexport1785482570266.jpg,mmexport1785482570266.jpg
KU1630,家庭生活,2026,2026-08-01,day,个人相册,0.7136,1,植物、decorative_plant、树叶,02_家庭生活/2026/2026-08-01_IMG20260801145722.jpg,IMG20260801145722.jpg
KU2199,家庭生活,2026,2026-08-01,day,个人相册,0.658,1,人物、孩子、户外,02_家庭生活/2026/2026-08-01_wx_camera_1785568955088.jpg,wx_camera_1785568955088.jpg
KU2358,家庭生活,2026,2026-08-02,day,个人相册,0.6323,4,人物、大人、孩子,02_家庭生活/2026/2026-08-02_IMG20260802125740_01.jpg,IMG20260802125740_01.jpg
KU0921,家庭生活,2026,2026-08-02,day,个人相册,0.7651,1,人物、孩子、建筑,02_家庭生活/2026/2026-08-02_IMG20260802134658.jpg,IMG20260802134658.jpg
KU1025,家庭生活,2026,2026-08-02,day,个人相册,0.7577,1,人物、孩子、建筑,02_家庭生活/2026/2026-08-02_IMG20260802134659.jpg,IMG20260802134659.jpg
KU1451,家庭生活,2026,2026-08-02,day,个人相册,0.7287,1,人物、孩子、建筑,02_家庭生活/2026/2026-08-02_IMG20260802134700.jpg,IMG20260802134700.jpg
KU0791,家庭生活,2026,2026-08-02,day,个人相册,0.7755,1,人物、孩子、建筑,02_家庭生活/2026/2026-08-02_IMG20260802134702.jpg,IMG20260802134702.jpg
KU0767,家庭生活,2026,2026-08-02,day,个人相册,0.7786,1,人物、孩子、建筑,02_家庭生活/2026/2026-08-02_IMG20260802134702_01.jpg,IMG20260802134702_01.jpg
KU1446,家庭生活,2026,2026-08-02,day,个人相册,0.7289,1,人物、孩子、建筑,02_家庭生活/2026/2026-08-02_IMG20260802134703.jpg,IMG20260802134703.jpg
KU0651,家庭生活,2026,2026-08-02,day,个人相册,0.7926,1,人物、孩子、建筑,02_家庭生活/2026/2026-08-02_IMG20260802134704.jpg,IMG20260802134704.jpg
KU0975,家庭生活,2026,2026-08-02,day,个人相册,0.7612,1,人物、孩子、建筑,02_家庭生活/2026/2026-08-02_IMG20260802134706.jpg,IMG20260802134706.jpg
KU0647,家庭生活,2026,2026-08-02,day,个人相册,0.7931,1,人物、孩子、建筑,02_家庭生活/2026/2026-08-02_mmexport1785645265449.jpg,mmexport1785645265449.jpg
KU2493,家庭生活,2026,2026-08-03,day,个人相册,0.5976,2,人物、大人、建筑,02_家庭生活/2026/2026-08-03_mmexport1785728518041.jpg,mmexport1785728518041.jpg
KU1824,家庭生活,2026,2026-08-03,day,个人相册,0.6975,2,人物、孩子、大人,02_家庭生活/2026/2026-08-03_mmexport1785728529585.jpg,mmexport1785728529585.jpg
KU1953,家庭生活,2026,2026-08-03,day,个人相册,0.686,2,人物、孩子、建筑,02_家庭生活/2026/2026-08-03_mmexport1785728538583.jpg,mmexport1785728538583.jpg
KU1800,家庭生活,2026,2026-08-03,day,个人相册,0.6987,3,人物、孩子、建筑,02_家庭生活/2026/2026-08-03_mmexport1785728541347.jpg,mmexport1785728541347.jpg
KU1476,家庭生活,2026,2026-08-06,day,个人相册,0.7266,2,人物、孩子、建筑,02_家庭生活/2026/2026-08-06_IMG20260806070819.jpg,IMG20260806070819.jpg
KU1412,家庭生活,2026,2026-08-06,day,个人相册,0.7311,2,人物、孩子、建筑,02_家庭生活/2026/2026-08-06_IMG20260806070820.jpg,IMG20260806070820.jpg
KU1497,家庭生活,2026,2026-08-06,day,个人相册,0.7246,2,人物、孩子、建筑,02_家庭生活/2026/2026-08-06_IMG20260806070821.jpg,IMG20260806070821.jpg
KU1654,家庭生活,2026,2026-08-06,day,个人相册,0.7113,2,人物、孩子、建筑,02_家庭生活/2026/2026-08-06_IMG20260806070822.jpg,IMG20260806070822.jpg
KU1558,家庭生活,2026,2026-08-06,day,个人相册,0.7201,2,人物、孩子、建筑,02_家庭生活/2026/2026-08-06_IMG20260806070824.jpg,IMG20260806070824.jpg
KU2126,家庭生活,2026,2026-08-06,day,个人相册,0.6692,1,人物、孩子、建筑,02_家庭生活/2026/2026-08-06_IMG20260806072542.jpg,IMG20260806072542.jpg
KU1812,家庭生活,2026,2026-08-06,day,个人相册,0.698,1,人物、孩子、建筑,02_家庭生活/2026/2026-08-06_IMG20260806072543.jpg,IMG20260806072543.jpg
KU1851,家庭生活,2026,2026-08-06,day,个人相册,0.6945,1,人物、孩子、材质,02_家庭生活/2026/2026-08-06_IMG20260806072544.jpg,IMG20260806072544.jpg
KU0955,家庭生活,2026,2026-08-06,day,个人相册,0.7625,1,建筑、围栏、户外,02_家庭生活/2026/2026-08-06_IMG20260806191242.jpg,IMG20260806191242.jpg
KU1267,家庭生活,2026,2026-08-06,day,个人相册,0.741,2,户外、蓝天、天空,02_家庭生活/2026/2026-08-06_IMG20260806194121.jpg,IMG20260806194121.jpg
KU0779,家庭生活,2026,2026-08-06,day,个人相册,0.7774,4,人物、大人、建筑,02_家庭生活/2026/2026-08-06_IMG20260806194235.jpg,IMG20260806194235.jpg
KU0930,家庭生活,2026,2026-08-06,day,个人相册,0.7643,4,人物、大人、建筑,02_家庭生活/2026/2026-08-06_IMG20260806194237.jpg,IMG20260806194237.jpg
KU1504,家庭生活,2026,2026-08-06,day,个人相册,0.724,3,户外、天空、蓝天,02_家庭生活/2026/2026-08-06_IMG20260806194242.jpg,IMG20260806194242.jpg
KU1334,家庭生活,2026,2026-08-06,day,个人相册,0.7366,2,人物、大人、户外,02_家庭生活/2026/2026-08-06_IMG20260806194511.jpg,IMG20260806194511.jpg
KU1198,家庭生活,2026,2026-08-06,day,个人相册,0.7457,2,人物、大人、户外,02_家庭生活/2026/2026-08-06_IMG20260806194513.jpg,IMG20260806194513.jpg
KU0784,家庭生活,2026,2026-08-06,day,个人相册,0.7769,2,人物、大人、户外,02_家庭生活/2026/2026-08-06_IMG20260806194514.jpg,IMG20260806194514.jpg
KU1973,家庭生活,2026,2026-08-06,day,个人相册,0.6842,2,人物、大人、建筑,02_家庭生活/2026/2026-08-06_IMG20260806195350.jpg,IMG20260806195350.jpg
KU0790,家庭生活,2026,2026-08-06,day,个人相册,0.7755,2,人物、大人、建筑,02_家庭生活/2026/2026-08-06_IMG20260806195354.jpg,IMG20260806195354.jpg
KU0840,家庭生活,2026,2026-08-06,day,个人相册,0.771,2,建筑、围栏、人物,02_家庭生活/2026/2026-08-06_IMG20260806195355.jpg,IMG20260806195355.jpg
KU0780,家庭生活,2026,2026-08-06,day,个人相册,0.7773,2,人物、大人、艺术,02_家庭生活/2026/2026-08-06_IMG20260806195942.jpg,IMG20260806195942.jpg
KU2263,家庭生活,2026,2026-08-06,day,个人相册,0.6474,2,人物、大人、材质,02_家庭生活/2026/2026-08-06_IMG20260806195949_01.jpg,IMG20260806195949_01.jpg
KU2267,家庭生活,2026,2026-08-06,day,个人相册,0.6465,2,人物、大人、材质,02_家庭生活/2026/2026-08-06_IMG20260806195950.jpg,IMG20260806195950.jpg
KU1838,家庭生活,2026,2026-08-06,day,个人相册,0.6961,2,人物、大人、材质,02_家庭生活/2026/2026-08-06_IMG20260806200006.jpg,IMG20260806200006.jpg
KU1868,家庭生活,2026,2026-08-06,day,个人相册,0.6931,2,人物、大人、材质,02_家庭生活/2026/2026-08-06_IMG20260806200007.jpg,IMG20260806200007.jpg
KU1525,家庭生活,2026,2026-08-06,day,个人相册,0.7224,4,人物、大人、建筑,02_家庭生活/2026/2026-08-06_IMG20260806212645.jpg,IMG20260806212645.jpg
KU0587,家庭生活,2026,2026-08-06,day,个人相册,0.8021,2,机械、车辆、automobile,02_家庭生活/2026/2026-08-06_IMG_8093.jpg,_heic_jpg/IMG_8093.jpg
KU1802,家庭生活,2026,2026-08-06,day,个人相册,0.6987,3,人物、大人、孩子,02_家庭生活/2026/2026-08-06_IMG_8116.jpg,_heic_jpg/IMG_8116.jpg
KU2282,家庭生活,2026,2026-08-06,day,个人相册,0.6437,4,人物、大人、umbrella,02_家庭生活/2026/2026-08-06_IMG_8120.jpg,_heic_jpg/IMG_8120.jpg
KU2435,家庭生活,2026,2026-08-06,day,个人相册,0.6145,5,人物、大人、umbrella,02_家庭生活/2026/2026-08-06_IMG_8124.jpg,_heic_jpg/IMG_8124.jpg
KU2375,家庭生活,2026,2026-08-06,day,个人相册,0.6288,2,艺术、illustrations、建筑,02_家庭生活/2026/2026-08-06_IMG_8138.jpg,_heic_jpg/IMG_8138.jpg
KU2208,家庭生活,2026,2026-08-06,day,个人相册,0.6563,2,人物、大人、孩子,02_家庭生活/2026/2026-08-06_IMG_8159.jpg,_heic_jpg/IMG_8159.jpg
KU1097,家庭生活,2026,2026-08-06,day,个人相册,0.7531,2,人物、大人、材质,02_家庭生活/2026/2026-08-06_IMG_8160.jpg,_heic_jpg/IMG_8160.jpg
KU1015,家庭生活,2026,2026-08-06,day,个人相册,0.7585,2,人物、大人、艺术,02_家庭生活/2026/2026-08-06_IMG_8165.jpg,_heic_jpg/IMG_8165.jpg
KU0761,家庭生活,2026,2026-08-07,day,个人相册,0.7793,1,人物、孩子、人群,02_家庭生活/2026/2026-08-07_FullSizeRender (1) (1).jpg,_heic_jpg/FullSizeRender (1) (1).jpg
KU1436,家庭生活,2026,2026-08-07,day,个人相册,0.7297,1,人物、孩子、户外,02_家庭生活/2026/2026-08-07_FullSizeRender (1) (14).jpg,_heic_jpg/FullSizeRender (1) (14).jpg
KU1908,家庭生活,2026,2026-08-07,day,个人相册,0.6894,1,人物、孩子、衣物,02_家庭生活/2026/2026-08-07_FullSizeRender (1) (16).jpg,_heic_jpg/FullSizeRender (1) (16).jpg
KU2206,家庭生活,2026,2026-08-07,day,个人相册,0.6566,1,人物、孩子、建筑,02_家庭生活/2026/2026-08-07_FullSizeRender (1) (17).jpg,_heic_jpg/FullSizeRender (1) (17).jpg
KU1836,家庭生活,2026,2026-08-07,day,个人相册,0.6964,2,户外、陆地、小路,02_家庭生活/2026/2026-08-07_FullSizeRender (1) (19).jpg,_heic_jpg/FullSizeRender (1) (19).jpg
KU2338,家庭生活,2026,2026-08-07,day,个人相册,0.6344,2,户外、天空、建筑,02_家庭生活/2026/2026-08-07_FullSizeRender (1) (2).jpg,_heic_jpg/FullSizeRender (1) (2).jpg
KU1055,家庭生活,2026,2026-08-07,day,个人相册,0.7556,2,植物、人物、大人,02_家庭生活/2026/2026-08-07_FullSizeRender (1) (20).jpg,_heic_jpg/FullSizeRender (1) (20).jpg
KU0729,家庭生活,2026,2026-08-07,day,个人相册,0.7823,2,户外、陆地、人物,02_家庭生活/2026/2026-08-07_FullSizeRender (1) (21).jpg,_heic_jpg/FullSizeRender (1) (21).jpg
KU1433,家庭生活,2026,2026-08-07,day,个人相册,0.7299,2,户外、天空、建筑,02_家庭生活/2026/2026-08-07_FullSizeRender (1) (3).jpg,_heic_jpg/FullSizeRender (1) (3).jpg
KU0853,家庭生活,2026,2026-08-07,day,个人相册,0.7702,1,人物、孩子、餐具,02_家庭生活/2026/2026-08-07_FullSizeRender (1) (6).jpg,_heic_jpg/FullSizeRender (1) (6).jpg
KU2505,家庭生活,2026,2026-08-07,day,个人相册,0.5938,4,户外、娱乐设施、sport,02_家庭生活/2026/2026-08-07_FullSizeRender (1) (9).jpg,_heic_jpg/FullSizeRender (1) (9).jpg
KU0861,家庭生活,2026,2026-08-07,day,个人相册,0.7697,2,人物、孩子、人群,02_家庭生活/2026/2026-08-07_FullSizeRender (1).jpg,_heic_jpg/FullSizeRender (1).jpg
KU0673,家庭生活,2026,2026-08-07,day,个人相册,0.7885,1,人物、孩子、人群,02_家庭生活/2026/2026-08-07_FullSizeRender (2).jpg,_heic_jpg/FullSizeRender (2).jpg
KU1244,家庭生活,2026,2026-08-07,day,个人相册,0.7424,1,人物、孩子、衣物,02_家庭生活/2026/2026-08-07_FullSizeRender (25).jpg,_heic_jpg/FullSizeRender (25).jpg
KU2335,家庭生活,2026,2026-08-07,day,个人相册,0.6348,1,人物、孩子、衣物,02_家庭生活/2026/2026-08-07_FullSizeRender (26).jpg,_heic_jpg/FullSizeRender (26).jpg
KU1584,家庭生活,2026,2026-08-07,day,个人相册,0.7175,2,植物、树叶、人物,02_家庭生活/2026/2026-08-07_FullSizeRender (28).jpg,_heic_jpg/FullSizeRender (28).jpg
KU1479,家庭生活,2026,2026-08-07,day,个人相册,0.7264,2,人物、孩子、植物,02_家庭生活/2026/2026-08-07_FullSizeRender (29).jpg,_heic_jpg/FullSizeRender (29).jpg
KU2176,家庭生活,2026,2026-08-07,day,个人相册,0.6634,2,户外、天空、建筑,02_家庭生活/2026/2026-08-07_FullSizeRender (3).jpg,_heic_jpg/FullSizeRender (3).jpg
KU0744,家庭生活,2026,2026-08-07,day,个人相册,0.7806,2,户外、陆地、人物,02_家庭生活/2026/2026-08-07_FullSizeRender (30).jpg,_heic_jpg/FullSizeRender (30).jpg
KU1340,家庭生活,2026,2026-08-07,day,个人相册,0.7362,2,户外、天空、建筑,02_家庭生活/2026/2026-08-07_FullSizeRender (4).jpg,_heic_jpg/FullSizeRender (4).jpg
KU1472,家庭生活,2026,2026-08-07,day,个人相册,0.727,1,孩子、人物、餐具,02_家庭生活/2026/2026-08-07_FullSizeRender (9).jpg,_heic_jpg/FullSizeRender (9).jpg
KU0632,家庭生活,2026,2026-08-07,day,个人相册,0.7949,1,人物、孩子、人群,02_家庭生活/2026/2026-08-07_FullSizeRender.jpg,_heic_jpg/FullSizeRender.jpg
KU1474,家庭生活,2026,2026-08-07,day,个人相册,0.7268,2,户外、天空、多云,02_家庭生活/2026/2026-08-07_IMG20260807100508.jpg,IMG20260807100508.jpg
KU1199,家庭生活,2026,2026-08-07,day,个人相册,0.7457,2,户外、天空、多云,02_家庭生活/2026/2026-08-07_IMG20260807100508_01.jpg,IMG20260807100508_01.jpg
KU0856,家庭生活,2026,2026-08-07,day,个人相册,0.7699,2,户外、天空、多云,02_家庭生活/2026/2026-08-07_IMG20260807100509.jpg,IMG20260807100509.jpg
KU0721,家庭生活,2026,2026-08-07,day,个人相册,0.7832,2,户外、天空、多云,02_家庭生活/2026/2026-08-07_IMG20260807100555.jpg,IMG20260807100555.jpg
KU0815,家庭生活,2026,2026-08-07,day,个人相册,0.7732,2,户外、天空、多云,02_家庭生活/2026/2026-08-07_IMG20260807100556.jpg,IMG20260807100556.jpg
KU1554,家庭生活,2026,2026-08-07,day,个人相册,0.7202,2,户外、天空、蓝天,02_家庭生活/2026/2026-08-07_IMG20260807100602.jpg,IMG20260807100602.jpg
KU1204,家庭生活,2026,2026-08-07,day,个人相册,0.7454,2,户外、天空、蓝天,02_家庭生活/2026/2026-08-07_IMG20260807100603.jpg,IMG20260807100603.jpg
KU2466,家庭生活,2026,2026-08-07,day,个人相册,0.6048,2,人物、建筑、围栏,02_家庭生活/2026/2026-08-07_IMG20260807101503.jpg,IMG20260807101503.jpg
KU2268,家庭生活,2026,2026-08-07,day,个人相册,0.6459,2,frozen、liquid、水面,02_家庭生活/2026/2026-08-07_IMG20260807101730.jpg,IMG20260807101730.jpg
KU1677,家庭生活,2026,2026-08-07,day,个人相册,0.7094,2,人物、孩子、liquid,02_家庭生活/2026/2026-08-07_IMG20260807101733.jpg,IMG20260807101733.jpg
KU2379,家庭生活,2026,2026-08-07,day,个人相册,0.6281,2,人物、孩子、frozen,02_家庭生活/2026/2026-08-07_IMG20260807101734.jpg,IMG20260807101734.jpg
KU2516,家庭生活,2026,2026-08-07,day,个人相册,0.588,2,frozen、liquid、水面,02_家庭生活/2026/2026-08-07_IMG20260807101738.jpg,IMG20260807101738.jpg
KU1270,家庭生活,2026,2026-08-07,day,个人相册,0.7408,2,人物、孩子、大人,02_家庭生活/2026/2026-08-07_IMG20260807101752.jpg,IMG20260807101752.jpg
KU1980,家庭生活,2026,2026-08-07,day,个人相册,0.6834,2,人物、孩子、frozen,02_家庭生活/2026/2026-08-07_IMG20260807101800.jpg,IMG20260807101800.jpg
KU1711,家庭生活,2026,2026-08-07,day,个人相册,0.7067,2,人物、大人、孩子,02_家庭生活/2026/2026-08-07_IMG20260807101801.jpg,IMG20260807101801.jpg
KU2346,家庭生活,2026,2026-08-07,day,个人相册,0.6334,2,人物、大人、孩子,02_家庭生活/2026/2026-08-07_IMG20260807102502.jpg,IMG20260807102502.jpg
KU2213,家庭生活,2026,2026-08-07,day,个人相册,0.655,2,人物、孩子、大人,02_家庭生活/2026/2026-08-07_IMG20260807102504.jpg,IMG20260807102504.jpg
KU1415,家庭生活,2026,2026-08-07,day,个人相册,0.7309,2,人物、孩子、大人,02_家庭生活/2026/2026-08-07_IMG20260807102505.jpg,IMG20260807102505.jpg
KU1391,家庭生活,2026,2026-08-07,day,个人相册,0.7328,2,人物、大人、孩子,02_家庭生活/2026/2026-08-07_IMG20260807102506.jpg,IMG20260807102506.jpg
KU1351,家庭生活,2026,2026-08-07,day,个人相册,0.7354,2,人物、大人、衣物,02_家庭生活/2026/2026-08-07_IMG20260807102507.jpg,IMG20260807102507.jpg
KU1050,家庭生活,2026,2026-08-07,day,个人相册,0.7558,2,人物、大人、孩子,02_家庭生活/2026/2026-08-07_IMG20260807102508.jpg,IMG20260807102508.jpg
KU1398,家庭生活,2026,2026-08-07,day,个人相册,0.7322,2,人物、大人、孩子,02_家庭生活/2026/2026-08-07_IMG20260807102509.jpg,IMG20260807102509.jpg
KU1122,家庭生活,2026,2026-08-07,day,个人相册,0.7511,2,人物、大人、衣物,02_家庭生活/2026/2026-08-07_IMG20260807102511.jpg,IMG20260807102511.jpg
KU1759,家庭生活,2026,2026-08-07,day,个人相册,0.7027,2,人物、大人、孩子,02_家庭生活/2026/2026-08-07_IMG20260807102512.jpg,IMG20260807102512.jpg
KU1410,家庭生活,2026,2026-08-07,day,个人相册,0.7313,2,人物、大人、孩子,02_家庭生活/2026/2026-08-07_IMG20260807102513.jpg,IMG20260807102513.jpg
KU0711,家庭生活,2026,2026-08-07,day,个人相册,0.7851,2,人物、孩子、大人,02_家庭生活/2026/2026-08-07_IMG20260807102553.jpg,IMG20260807102553.jpg
KU2522,家庭生活,2026,2026-08-07,day,个人相册,0.5848,2,人物、大人、材质,02_家庭生活/2026/2026-08-07_IMG20260807103016.jpg,IMG20260807103016.jpg
KU2383,家庭生活,2026,2026-08-07,day,个人相册,0.6265,2,人物、大人、材质,02_家庭生活/2026/2026-08-07_IMG20260807103017.jpg,IMG20260807103017.jpg
KU2153,家庭生活,2026,2026-08-07,day,个人相册,0.6658,2,人物、大人、材质,02_家庭生活/2026/2026-08-07_IMG20260807103018.jpg,IMG20260807103018.jpg
KU2190,家庭生活,2026,2026-08-07,day,个人相册,0.6601,2,人物、大人、材质,02_家庭生活/2026/2026-08-07_IMG20260807103018_01.jpg,IMG20260807103018_01.jpg
KU2277,家庭生活,2026,2026-08-07,day,个人相册,0.6443,2,frozen、liquid、水面,02_家庭生活/2026/2026-08-07_IMG20260807103806.jpg,IMG20260807103806.jpg
KU2054,家庭生活,2026,2026-08-07,day,个人相册,0.6772,2,frozen、liquid、水面,02_家庭生活/2026/2026-08-07_IMG20260807103807.jpg,IMG20260807103807.jpg
KU2027,家庭生活,2026,2026-08-07,day,个人相册,0.6794,2,frozen、liquid、水面,02_家庭生活/2026/2026-08-07_IMG20260807103808.jpg,IMG20260807103808.jpg
KU1685,家庭生活,2026,2026-08-07,day,个人相册,0.7089,2,frozen、liquid、水面,02_家庭生活/2026/2026-08-07_IMG20260807103812.jpg,IMG20260807103812.jpg
KU1399,家庭生活,2026,2026-08-07,day,个人相册,0.7321,1,人物、孩子、建筑,02_家庭生活/2026/2026-08-07_IMG20260807112616.jpg,IMG20260807112616.jpg
KU1589,家庭生活,2026,2026-08-07,day,个人相册,0.717,2,人物、大人、建筑,02_家庭生活/2026/2026-08-07_IMG20260807113514.jpg,IMG20260807113514.jpg
KU0626,家庭生活,2026,2026-08-07,day,个人相册,0.7956,1,人物、孩子、建筑,02_家庭生活/2026/2026-08-07_IMG20260807163837.jpg,IMG20260807163837.jpg
KU1703,家庭生活,2026,2026-08-07,day,个人相册,0.7076,1,人物、孩子、建筑,02_家庭生活/2026/2026-08-07_IMG20260807163838.jpg,IMG20260807163838.jpg
KU1939,家庭生活,2026,2026-08-07,day,个人相册,0.6868,1,人物、孩子、户外,02_家庭生活/2026/2026-08-07_IMG20260807163848.jpg,IMG20260807163848.jpg
KU0756,家庭生活,2026,2026-08-07,day,个人相册,0.7797,1,人物、孩子、建筑,02_家庭生活/2026/2026-08-07_IMG20260807163913.jpg,IMG20260807163913.jpg
KU0625,家庭生活,2026,2026-08-07,day,个人相册,0.7957,2,人物、孩子、建筑,02_家庭生活/2026/2026-08-07_IMG20260807164321.jpg,IMG20260807164321.jpg
KU0852,家庭生活,2026,2026-08-07,day,个人相册,0.7702,2,建筑、木制品、人物,02_家庭生活/2026/2026-08-07_IMG20260807164322.jpg,IMG20260807164322.jpg
KU0565,家庭生活,2026,2026-08-07,day,个人相册,0.8061,2,人物、孩子、衣物,02_家庭生活/2026/2026-08-07_IMG20260807164340.jpg,IMG20260807164340.jpg
KU0527,家庭生活,2026,2026-08-07,day,个人相册,0.8169,2,人物、孩子、建筑,02_家庭生活/2026/2026-08-07_IMG20260807164341.jpg,IMG20260807164341.jpg
KU0857,家庭生活,2026,2026-08-07,day,个人相册,0.7699,3,人物、建筑、大人,02_家庭生活/2026/2026-08-07_IMG20260807164713.jpg,IMG20260807164713.jpg
KU1383,家庭生活,2026,2026-08-07,day,个人相册,0.7331,1,户外、天空、蓝天,02_家庭生活/2026/2026-08-07_IMG20260807164933.jpg,IMG20260807164933.jpg
KU2280,家庭生活,2026,2026-08-07,day,个人相册,0.6439,2,户外、天空、多云,02_家庭生活/2026/2026-08-07_IMG20260807173237.jpg,IMG20260807173237.jpg
KU2023,家庭生活,2026,2026-08-07,day,个人相册,0.6799,2,户外、天空、多云,02_家庭生活/2026/2026-08-07_IMG20260807173241.jpg,IMG20260807173241.jpg
KU0984,家庭生活,2026,2026-08-07,day,个人相册,0.7606,2,户外、天空、多云,02_家庭生活/2026/2026-08-07_IMG20260807173329.jpg,IMG20260807173329.jpg
KU0980,家庭生活,2026,2026-08-07,day,个人相册,0.7608,2,户外、天空、陆地,02_家庭生活/2026/2026-08-07_IMG20260807173331.jpg,IMG20260807173331.jpg
KU0619,家庭生活,2026,2026-08-07,day,个人相册,0.7964,2,户外、天空、多云,02_家庭生活/2026/2026-08-07_IMG20260807173335.jpg,IMG20260807173335.jpg
KU0557,家庭生活,2026,2026-08-07,day,个人相册,0.8075,2,户外、天空、多云,02_家庭生活/2026/2026-08-07_IMG20260807173337.jpg,IMG20260807173337.jpg
KU0820,家庭生活,2026,2026-08-07,day,个人相册,0.7728,2,户外、陆地、人物,02_家庭生活/2026/2026-08-07_IMG20260807173347.jpg,IMG20260807173347.jpg
KU0770,家庭生活,2026,2026-08-07,day,个人相册,0.7784,2,户外、天空、多云,02_家庭生活/2026/2026-08-07_IMG20260807173350.jpg,IMG20260807173350.jpg
KU1086,家庭生活,2026,2026-08-07,day,个人相册,0.7536,10,人物、大人、孩子,02_家庭生活/2026/2026-08-07_IMG20260807191936.jpg,IMG20260807191936.jpg
KU1088,家庭生活,2026,2026-08-07,day,个人相册,0.7535,11,人物、大人、孩子,02_家庭生活/2026/2026-08-07_IMG20260807191937.jpg,IMG20260807191937.jpg
KU0800,家庭生活,2026,2026-08-07,day,个人相册,0.7747,9,人物、大人、人群,02_家庭生活/2026/2026-08-07_IMG20260807191938.jpg,IMG20260807191938.jpg
KU2148,家庭生活,2026,2026-08-07,day,个人相册,0.667,7,人物、孩子、大人,02_家庭生活/2026/2026-08-07_IMG20260807191940.jpg,IMG20260807191940.jpg
KU1242,家庭生活,2026,2026-08-07,day,个人相册,0.7425,3,人物、孩子、大人,02_家庭生活/2026/2026-08-07_IMG20260807191941.jpg,IMG20260807191941.jpg
KU0987,家庭生活,2026,2026-08-07,day,个人相册,0.7605,5,人物、大人、衣物,02_家庭生活/2026/2026-08-07_IMG_8193.jpg,_heic_jpg/IMG_8193.jpg
KU1369,家庭生活,2026,2026-08-07,day,个人相册,0.7341,5,人物、大人、衣物,02_家庭生活/2026/2026-08-07_IMG_8197.jpg,_heic_jpg/IMG_8197.jpg
KU1574,家庭生活,2026,2026-08-07,day,个人相册,0.7184,2,人物、大人、liquid,02_家庭生活/2026/2026-08-07_IMG_8198.jpg,_heic_jpg/IMG_8198.jpg
KU2426,家庭生活,2026,2026-08-07,day,个人相册,0.6175,3,人物、大人、衣物,02_家庭生活/2026/2026-08-07_IMG_8204.jpg,_heic_jpg/IMG_8204.jpg
KU1887,家庭生活,2026,2026-08-07,day,个人相册,0.6917,3,人物、大人、衣物,02_家庭生活/2026/2026-08-07_IMG_8205.jpg,_heic_jpg/IMG_8205.jpg
KU1299,家庭生活,2026,2026-08-07,day,个人相册,0.7387,1,人物、孩子、衣物,02_家庭生活/2026/2026-08-07_IMG_8227.jpg,_heic_jpg/IMG_8227.jpg
KU1013,家庭生活,2026,2026-08-07,day,个人相册,0.7587,2,人物、大人、衣物,02_家庭生活/2026/2026-08-07_IMG_8228.jpg,_heic_jpg/IMG_8228.jpg
KU0505,家庭生活,2026,2026-08-07,day,个人相册,0.8287,2,人物、大人、植物,02_家庭生活/2026/2026-08-07_IMG_8272.jpg,_heic_jpg/IMG_8272.jpg
KU0504,家庭生活,2026,2026-08-07,day,个人相册,0.8294,4,人物、大人、植物,02_家庭生活/2026/2026-08-07_IMG_8273.jpg,_heic_jpg/IMG_8273.jpg
KU1579,家庭生活,2026,2026-08-07,day,个人相册,0.7179,2,人物、大人、建筑,02_家庭生活/2026/2026-08-07_IMG_8292.jpg,_heic_jpg/IMG_8292.jpg
KU1562,家庭生活,2026,2026-08-07,day,个人相册,0.7198,2,人物、大人、建筑,02_家庭生活/2026/2026-08-07_IMG_8293.jpg,_heic_jpg/IMG_8293.jpg
KU1147,家庭生活,2026,2026-08-07,day,个人相册,0.7489,4,人物、大人、建筑,02_家庭生活/2026/2026-08-07_IMG_8309.jpg,_heic_jpg/IMG_8309.jpg
KU1279,家庭生活,2026,2026-08-07,day,个人相册,0.7403,3,户外、天空、多云,02_家庭生活/2026/2026-08-07_IMG_8373.jpg,_heic_jpg/IMG_8373.jpg
KU0529,家庭生活,2026,2026-08-07,day,个人相册,0.8167,4,lifejacket、娱乐设施、sport,02_家庭生活/2026/2026-08-07_IMG_8374.jpg,_heic_jpg/IMG_8374.jpg
KU2098,家庭生活,2026,2026-08-07,day,个人相册,0.6725,2,户外、天空、陆地,02_家庭生活/2026/2026-08-07_IMG_8454.jpg,_heic_jpg/IMG_8454.jpg
KU2348,家庭生活,2026,2026-08-07,day,个人相册,0.6333,3,人物、户外、陆地,02_家庭生活/2026/2026-08-07_IMG_8516.jpg,_heic_jpg/IMG_8516.jpg
KU1421,家庭生活,2026,2026-08-07,day,个人相册,0.7306,5,建筑、人物、大人,02_家庭生活/2026/2026-08-07_mmexport1786075492710.jpg,mmexport1786075492710.jpg
KU2124,家庭生活,2026,2026-08-08,day,个人相册,0.6696,1,人物、孩子、衣物,02_家庭生活/2026/2026-08-08_IMG20260808102154.jpg,IMG20260808102154.jpg
KU1372,家庭生活,2026,2026-08-08,day,个人相册,0.7337,1,人物、孩子、衣物,02_家庭生活/2026/2026-08-08_IMG20260808102156.jpg,IMG20260808102156.jpg
KU1333,家庭生活,2026,2026-08-08,day,个人相册,0.7366,1,人物、孩子、衣物,02_家庭生活/2026/2026-08-08_IMG20260808102159.jpg,IMG20260808102159.jpg
KU1103,家庭生活,2026,2026-08-08,day,个人相册,0.7526,2,人物、孩子、建筑,02_家庭生活/2026/2026-08-08_IMG20260808112956.jpg,IMG20260808112956.jpg
KU1639,家庭生活,2026,2026-08-08,day,个人相册,0.7128,2,户外、陆地、liquid,02_家庭生活/2026/2026-08-08_IMG20260808113910.jpg,IMG20260808113910.jpg
KU1602,家庭生活,2026,2026-08-08,day,个人相册,0.7161,2,户外、陆地、liquid,02_家庭生活/2026/2026-08-08_IMG20260808113912.jpg,IMG20260808113912.jpg
KU1314,家庭生活,2026,2026-08-08,day,个人相册,0.7378,2,户外、陆地、liquid,02_家庭生活/2026/2026-08-08_IMG20260808113917.jpg,IMG20260808113917.jpg
KU0612,家庭生活,2026,2026-08-08,day,个人相册,0.7981,2,户外、陆地、liquid,02_家庭生活/2026/2026-08-08_IMG20260808113919.jpg,IMG20260808113919.jpg
KU1478,家庭生活,2026,2026-08-08,day,个人相册,0.7265,2,建筑、围栏、人物,02_家庭生活/2026/2026-08-08_IMG20260808113924.jpg,IMG20260808113924.jpg
KU1449,家庭生活,2026,2026-08-08,day,个人相册,0.7288,2,建筑、围栏、户外,02_家庭生活/2026/2026-08-08_IMG20260808113927.jpg,IMG20260808113927.jpg
KU1592,家庭生活,2026,2026-08-08,day,个人相册,0.7168,2,建筑、围栏、户外,02_家庭生活/2026/2026-08-08_IMG20260808113928.jpg,IMG20260808113928.jpg
KU1319,家庭生活,2026,2026-08-08,day,个人相册,0.7374,6,户外、天空、多云,02_家庭生活/2026/2026-08-08_IMG20260808114412.jpg,IMG20260808114412.jpg
KU1984,家庭生活,2026,2026-08-08,day,个人相册,0.6828,5,户外、天空、人物,02_家庭生活/2026/2026-08-08_IMG20260808114416.jpg,IMG20260808114416.jpg
KU1793,家庭生活,2026,2026-08-08,day,个人相册,0.6995,5,户外、天空、多云,02_家庭生活/2026/2026-08-08_IMG20260808114419.jpg,IMG20260808114419.jpg
KU1456,家庭生活,2026,2026-08-08,day,个人相册,0.7282,6,户外、天空、建筑,02_家庭生活/2026/2026-08-08_IMG20260808114427.jpg,IMG20260808114427.jpg
KU1583,家庭生活,2026,2026-08-08,day,个人相册,0.7176,5,户外、天空、建筑,02_家庭生活/2026/2026-08-08_IMG20260808114431.jpg,IMG20260808114431.jpg
KU0638,家庭生活,2026,2026-08-08,day,个人相册,0.7942,3,植物、树叶、人物,02_家庭生活/2026/2026-08-08_IMG20260808130748.jpg,IMG20260808130748.jpg
KU0523,家庭生活,2026,2026-08-08,day,个人相册,0.8184,3,人物、植物、树叶,02_家庭生活/2026/2026-08-08_IMG20260808130749.jpg,IMG20260808130749.jpg
KU0616,家庭生活,2026,2026-08-08,day,个人相册,0.7973,3,植物、树叶、人物,02_家庭生活/2026/2026-08-08_IMG20260808130750.jpg,IMG20260808130750.jpg
KU1952,家庭生活,2026,2026-08-08,day,个人相册,0.686,2,户外、天空、多云,02_家庭生活/2026/2026-08-08_IMG20260808132433_01.jpg,IMG20260808132433_01.jpg
KU1735,家庭生活,2026,2026-08-08,day,个人相册,0.7054,1,户外、天空、多云,02_家庭生活/2026/2026-08-08_IMG20260808132434.jpg,IMG20260808132434.jpg
KU2365,家庭生活,2026,2026-08-08,day,个人相册,0.6308,2,户外、天空、多云,02_家庭生活/2026/2026-08-08_IMG20260808132442.jpg,IMG20260808132442.jpg
KU0635,家庭生活,2026,2026-08-08,day,个人相册,0.7946,2,人物、孩子、建筑,02_家庭生活/2026/2026-08-08_IMG20260808132520.jpg,IMG20260808132520.jpg
KU0581,家庭生活,2026,2026-08-08,day,个人相册,0.8041,4,人物、孩子、建筑,02_家庭生活/2026/2026-08-08_IMG20260808132521.jpg,IMG20260808132521.jpg
KU0596,家庭生活,2026,2026-08-08,day,个人相册,0.8,6,户外、蓝天、天空,02_家庭生活/2026/2026-08-08_IMG20260808192226.jpg,IMG20260808192226.jpg
KU0515,家庭生活,2026,2026-08-08,day,个人相册,0.8239,3,户外、天空、蓝天,02_家庭生活/2026/2026-08-08_IMG20260808192238.jpg,IMG20260808192238.jpg
KU2114,家庭生活,2026,2026-08-08,day,个人相册,0.6704,3,户外、天空、蓝天,02_家庭生活/2026/2026-08-08_IMG20260808192245.jpg,IMG20260808192245.jpg
KU1411,家庭生活,2026,2026-08-08,day,个人相册,0.7312,4,户外、蓝天、天空,02_家庭生活/2026/2026-08-08_IMG20260808192246.jpg,IMG20260808192246.jpg
KU1203,家庭生活,2026,2026-08-08,day,个人相册,0.7454,4,户外、蓝天、天空,02_家庭生活/2026/2026-08-08_IMG20260808192248.jpg,IMG20260808192248.jpg
KU1057,家庭生活,2026,2026-08-08,day,个人相册,0.7555,4,户外、天空、蓝天,02_家庭生活/2026/2026-08-08_IMG20260808192249.jpg,IMG20260808192249.jpg
KU1094,家庭生活,2026,2026-08-08,day,个人相册,0.7532,4,户外、人物、大人,02_家庭生活/2026/2026-08-08_IMG20260808192250.jpg,IMG20260808192250.jpg
KU1196,家庭生活,2026,2026-08-08,day,个人相册,0.7458,4,户外、天空、蓝天,02_家庭生活/2026/2026-08-08_IMG20260808192254.jpg,IMG20260808192254.jpg
KU1116,家庭生活,2026,2026-08-08,day,个人相册,0.7515,4,户外、天空、蓝天,02_家庭生活/2026/2026-08-08_IMG20260808192255.jpg,IMG20260808192255.jpg
KU1544,家庭生活,2026,2026-08-08,day,个人相册,0.721,4,户外、人物、天空,02_家庭生活/2026/2026-08-08_IMG20260808192258.jpg,IMG20260808192258.jpg
KU0655,家庭生活,2026,2026-08-08,day,个人相册,0.792,3,户外、天空、蓝天,02_家庭生活/2026/2026-08-08_IMG20260808192329.jpg,IMG20260808192329.jpg
KU0725,家庭生活,2026,2026-08-08,day,个人相册,0.7827,2,户外、天空、蓝天,02_家庭生活/2026/2026-08-08_IMG20260808192330.jpg,IMG20260808192330.jpg
KU0794,家庭生活,2026,2026-08-08,day,个人相册,0.7753,2,户外、天空、蓝天,02_家庭生活/2026/2026-08-08_IMG20260808192331.jpg,IMG20260808192331.jpg
KU0696,家庭生活,2026,2026-08-08,day,个人相册,0.7864,2,户外、天空、蓝天,02_家庭生活/2026/2026-08-08_IMG20260808192332.jpg,IMG20260808192332.jpg
KU2243,家庭生活,2026,2026-08-08,day,个人相册,0.6506,4,户外、蓝天、天空,02_家庭生活/2026/2026-08-08_IMG20260808192335.jpg,IMG20260808192335.jpg
KU1649,家庭生活,2026,2026-08-08,day,个人相册,0.7115,4,户外、天空、蓝天,02_家庭生活/2026/2026-08-08_IMG20260808192337.jpg,IMG20260808192337.jpg
KU0939,家庭生活,2026,2026-08-08,day,个人相册,0.7635,5,户外、天空、蓝天,02_家庭生活/2026/2026-08-08_IMG20260808192352.jpg,IMG20260808192352.jpg
KU0645,家庭生活,2026,2026-08-08,day,个人相册,0.7933,4,户外、天空、蓝天,02_家庭生活/2026/2026-08-08_IMG20260808192534.jpg,IMG20260808192534.jpg
KU2308,家庭生活,2026,2026-08-08,day,个人相册,0.6395,5,户外、天空、蓝天,02_家庭生活/2026/2026-08-08_IMG20260808192536.jpg,IMG20260808192536.jpg
KU1037,家庭生活,2026,2026-08-08,day,个人相册,0.7568,5,户外、天空、蓝天,02_家庭生活/2026/2026-08-08_IMG20260808192537.jpg,IMG20260808192537.jpg
KU0592,家庭生活,2026,2026-08-08,day,个人相册,0.8011,3,户外、天空、蓝天,02_家庭生活/2026/2026-08-08_IMG20260808192540.jpg,IMG20260808192540.jpg
KU2061,家庭生活,2026,2026-08-08,day,个人相册,0.6766,3,户外、天空、蓝天,02_家庭生活/2026/2026-08-08_IMG20260808192803.jpg,IMG20260808192803.jpg
KU1337,家庭生活,2026,2026-08-08,day,个人相册,0.7364,1,户外、天空、蓝天,02_家庭生活/2026/2026-08-08_IMG20260808192806.jpg,IMG20260808192806.jpg
KU0550,家庭生活,2026,2026-08-08,day,个人相册,0.8095,5,人物、大人、建筑,02_家庭生活/2026/2026-08-08_IMG20260808192842.jpg,IMG20260808192842.jpg
KU0561,家庭生活,2026,2026-08-08,day,个人相册,0.8067,5,户外、天空、人物,02_家庭生活/2026/2026-08-08_IMG20260808192844.jpg,IMG20260808192844.jpg
KU0598,家庭生活,2026,2026-08-08,day,个人相册,0.7995,5,户外、天空、建筑,02_家庭生活/2026/2026-08-08_IMG20260808192845.jpg,IMG20260808192845.jpg
KU0924,家庭生活,2026,2026-08-08,day,个人相册,0.7649,5,户外、天空、人物,02_家庭生活/2026/2026-08-08_IMG20260808192846.jpg,IMG20260808192846.jpg
KU0838,家庭生活,2026,2026-08-08,day,个人相册,0.7714,5,户外、天空、人物,02_家庭生活/2026/2026-08-08_IMG20260808192847.jpg,IMG20260808192847.jpg
KU1303,家庭生活,2026,2026-08-08,day,个人相册,0.7384,3,户外、天空、蓝天,02_家庭生活/2026/2026-08-08_IMG20260808192849.jpg,IMG20260808192849.jpg
KU1829,家庭生活,2026,2026-08-08,day,个人相册,0.6969,4,户外、天空、蓝天,02_家庭生活/2026/2026-08-08_IMG20260808192850.jpg,IMG20260808192850.jpg
KU1346,家庭生活,2026,2026-08-08,day,个人相册,0.7356,4,户外、天空、人物,02_家庭生活/2026/2026-08-08_IMG20260808192851.jpg,IMG20260808192851.jpg
KU1112,家庭生活,2026,2026-08-08,day,个人相册,0.7517,1,建筑、户外、木制品,02_家庭生活/2026/2026-08-08_IMG_8743.jpg,_heic_jpg/IMG_8743.jpg
KU0681,家庭生活,2026,2026-08-08,day,个人相册,0.7877,1,建筑、木制品、人物,02_家庭生活/2026/2026-08-08_IMG_8744.jpg,_heic_jpg/IMG_8744.jpg
KU2226,家庭生活,2026,2026-08-08,day,个人相册,0.6532,1,建筑、木制品、围栏,02_家庭生活/2026/2026-08-08_IMG_8745.jpg,_heic_jpg/IMG_8745.jpg
KU2421,家庭生活,2026,2026-08-08,day,个人相册,0.6186,1,建筑、木制品、户外,02_家庭生活/2026/2026-08-08_IMG_8746.jpg,_heic_jpg/IMG_8746.jpg
KU1278,家庭生活,2026,2026-08-08,day,个人相册,0.7404,1,建筑、木制品、人物,02_家庭生活/2026/2026-08-08_IMG_8747.jpg,_heic_jpg/IMG_8747.jpg
KU1141,家庭生活,2026,2026-08-08,day,个人相册,0.7497,1,建筑、木制品、户外,02_家庭生活/2026/2026-08-08_IMG_8748.jpg,_heic_jpg/IMG_8748.jpg
KU1349,家庭生活,2026,2026-08-08,day,个人相册,0.7355,1,建筑、木制品、围栏,02_家庭生活/2026/2026-08-08_IMG_8749.jpg,_heic_jpg/IMG_8749.jpg
KU0966,家庭生活,2026,2026-08-08,day,个人相册,0.7616,1,建筑、木制品、围栏,02_家庭生活/2026/2026-08-08_IMG_8750.jpg,_heic_jpg/IMG_8750.jpg
KU0775,家庭生活,2026,2026-08-08,day,个人相册,0.778,1,建筑、木制品、户外,02_家庭生活/2026/2026-08-08_IMG_8751.jpg,_heic_jpg/IMG_8751.jpg
KU1238,家庭生活,2026,2026-08-08,day,个人相册,0.743,1,建筑、木制品、围栏,02_家庭生活/2026/2026-08-08_IMG_8752.jpg,_heic_jpg/IMG_8752.jpg
KU2167,家庭生活,2026,2026-08-09,day,个人相册,0.6645,2,lifejacket、娱乐设施、sport,02_家庭生活/2026/2026-08-09_FullSizeRender (35).jpg,_heic_jpg/FullSizeRender (35).jpg
KU0641,家庭生活,2026,2026-08-09,day,个人相册,0.7939,1,人物、孩子、户外,02_家庭生活/2026/2026-08-09_IMG20260809094402.jpg,IMG20260809094402.jpg
KU0670,家庭生活,2026,2026-08-09,day,个人相册,0.7891,1,人物、孩子、艺术,02_家庭生活/2026/2026-08-09_IMG20260809094404.jpg,IMG20260809094404.jpg
KU0532,家庭生活,2026,2026-08-09,day,个人相册,0.8152,1,人物、孩子、艺术,02_家庭生活/2026/2026-08-09_IMG20260809094405.jpg,IMG20260809094405.jpg
KU0990,家庭生活,2026,2026-08-09,day,个人相册,0.7603,1,人物、孩子、建筑,02_家庭生活/2026/2026-08-09_IMG20260809102331.jpg,IMG20260809102331.jpg
KU0926,家庭生活,2026,2026-08-09,day,个人相册,0.7646,2,人物、孩子、eyeglasses,02_家庭生活/2026/2026-08-09_IMG20260809102332.jpg,IMG20260809102332.jpg
KU0524,家庭生活,2026,2026-08-09,day,个人相册,0.8171,2,人物、孩子、eyeglasses,02_家庭生活/2026/2026-08-09_IMG20260809102333.jpg,IMG20260809102333.jpg
KU0556,家庭生活,2026,2026-08-09,day,个人相册,0.8078,2,人物、孩子、eyeglasses,02_家庭生活/2026/2026-08-09_IMG20260809102334.jpg,IMG20260809102334.jpg
KU1355,家庭生活,2026,2026-08-09,day,个人相册,0.7352,2,人物、孩子、建筑,02_家庭生活/2026/2026-08-09_IMG20260809103601_01.jpg,IMG20260809103601_01.jpg
KU1585,家庭生活,2026,2026-08-09,day,个人相册,0.7174,2,人物、孩子、大人,02_家庭生活/2026/2026-08-09_IMG20260809103602.jpg,IMG20260809103602.jpg
KU1746,家庭生活,2026,2026-08-09,day,个人相册,0.7045,1,人物、孩子、建筑,02_家庭生活/2026/2026-08-09_IMG20260809130332.jpg,IMG20260809130332.jpg
KU1184,家庭生活,2026,2026-08-09,day,个人相册,0.7465,2,建筑、围栏、人物,02_家庭生活/2026/2026-08-09_IMG20260809135649.jpg,IMG20260809135649.jpg
KU0694,家庭生活,2026,2026-08-09,day,个人相册,0.7866,2,lifejacket、娱乐设施、sport,02_家庭生活/2026/2026-08-09_IMG20260809135650.jpg,IMG20260809135650.jpg
KU0750,家庭生活,2026,2026-08-09,day,个人相册,0.7801,1,lifejacket、娱乐设施、sport,02_家庭生活/2026/2026-08-09_IMG20260809135651.jpg,IMG20260809135651.jpg
KU0549,家庭生活,2026,2026-08-09,day,个人相册,0.8097,1,lifejacket、娱乐设施、sport,02_家庭生活/2026/2026-08-09_IMG20260809135726.jpg,IMG20260809135726.jpg
KU0680,家庭生活,2026,2026-08-09,day,个人相册,0.7878,1,lifejacket、娱乐设施、sport,02_家庭生活/2026/2026-08-09_IMG20260809135731.jpg,IMG20260809135731.jpg
KU2175,家庭生活,2026,2026-08-09,day,个人相册,0.6634,2,娱乐设施、sport、lifejacket,02_家庭生活/2026/2026-08-09_IMG20260809140104.jpg,IMG20260809140104.jpg
KU2140,家庭生活,2026,2026-08-09,day,个人相册,0.6677,3,娱乐设施、sport、lifejacket,02_家庭生活/2026/2026-08-09_IMG20260809140106.jpg,IMG20260809140106.jpg
KU1804,家庭生活,2026,2026-08-09,day,个人相册,0.6985,4,娱乐设施、sport、lifejacket,02_家庭生活/2026/2026-08-09_IMG20260809140107.jpg,IMG20260809140107.jpg
KU1067,家庭生活,2026,2026-08-09,day,个人相册,0.7547,6,娱乐设施、sport、lifejacket,02_家庭生活/2026/2026-08-09_IMG_8888.jpg,_heic_jpg/IMG_8888.jpg
KU1241,家庭生活,2026,2026-08-09,day,个人相册,0.7427,6,娱乐设施、sport、lifejacket,02_家庭生活/2026/2026-08-09_IMG_8889.jpg,_heic_jpg/IMG_8889.jpg
KU2115,家庭生活,2026,2026-08-09,day,个人相册,0.6702,4,人物、大人、孩子,02_家庭生活/2026/2026-08-09_IMG_8909.jpg,_heic_jpg/IMG_8909.jpg
KU1523,家庭生活,2026,2026-08-09,day,个人相册,0.7225,4,人物、大人、孩子,02_家庭生活/2026/2026-08-09_IMG_8910.jpg,_heic_jpg/IMG_8910.jpg
KU2063,家庭生活,2026,2026-08-09,day,个人相册,0.6766,4,建筑、人物、大人,02_家庭生活/2026/2026-08-09_IMG_8949.jpg,_heic_jpg/IMG_8949.jpg
KU2307,家庭生活,2026,2026-08-09,day,个人相册,0.6398,3,人物、建筑、石头,02_家庭生活/2026/2026-08-09_IMG_8954.jpg,_heic_jpg/IMG_8954.jpg
KU0564,家庭生活,2026,2026-08-09,day,个人相册,0.8063,1,人物、孩子、艺术,02_家庭生活/2026/2026-08-09_mmexport1786278483751.jpg,mmexport1786278483751.jpg
KU2306,家庭生活,2026,2026-08-21,day,个人相册,0.6398,2,人物、孩子、大人,02_家庭生活/2026/2026-08-21_IMG20260821212837.jpg,IMG20260821212837.jpg
KU2047,家庭生活,2026,2026-08-21,day,个人相册,0.6775,2,人物、孩子、大人,02_家庭生活/2026/2026-08-21_IMG20260821212838.jpg,IMG20260821212838.jpg
KU1302,家庭生活,2026,2026-08-22,day,个人相册,0.7385,3,人物、户外、天空,02_家庭生活/2026/2026-08-22_IMG20260822095451.jpg,IMG20260822095451.jpg
KU0594,家庭生活,2026,2026-08-22,day,个人相册,0.8002,3,人物、户外、建筑,02_家庭生活/2026/2026-08-22_IMG20260822095452.jpg,IMG20260822095452.jpg
KU0944,家庭生活,2026,2026-08-22,day,个人相册,0.7632,2,人物、孩子、餐具,02_家庭生活/2026/2026-08-22_IMG20260822103410.jpg,IMG20260822103410.jpg
KU0654,家庭生活,2026,2026-08-22,day,个人相册,0.7921,4,人物、孩子、大人,02_家庭生活/2026/2026-08-22_IMG20260822103411.jpg,IMG20260822103411.jpg
KU0636,家庭生活,2026,2026-08-22,day,个人相册,0.7944,2,人物、孩子、大人,02_家庭生活/2026/2026-08-22_IMG20260822103412.jpg,IMG20260822103412.jpg
KU0547,家庭生活,2026,2026-08-22,day,个人相册,0.8098,2,人物、孩子、大人,02_家庭生活/2026/2026-08-22_IMG20260822103413.jpg,IMG20260822103413.jpg
KU0552,家庭生活,2026,2026-08-22,day,个人相册,0.8092,2,人物、孩子、餐具,02_家庭生活/2026/2026-08-22_IMG20260822103413_01.jpg,IMG20260822103413_01.jpg
KU1022,家庭生活,2026,2026-08-22,day,个人相册,0.758,2,人物、孩子、餐具,02_家庭生活/2026/2026-08-22_IMG20260822103415.jpg,IMG20260822103415.jpg
KU1063,家庭生活,2026,2026-08-22,day,个人相册,0.755,2,人物、孩子、餐具,02_家庭生活/2026/2026-08-22_IMG20260822103416.jpg,IMG20260822103416.jpg
KU1085,家庭生活,2026,2026-08-22,day,个人相册,0.7537,3,人物、孩子、大人,02_家庭生活/2026/2026-08-22_IMG20260822103422.jpg,IMG20260822103422.jpg
KU2166,家庭生活,2026,2026-08-22,day,个人相册,0.6646,1,人物、孩子、衣物,02_家庭生活/2026/2026-08-22_IMG20260822105420.jpg,IMG20260822105420.jpg
KU1566,家庭生活,2026,2026-08-22,day,个人相册,0.7194,1,人物、孩子、材质,02_家庭生活/2026/2026-08-22_IMG20260822105422.jpg,IMG20260822105422.jpg
KU0746,家庭生活,2026,2026-08-22,day,个人相册,0.7806,1,人物、孩子、大人,02_家庭生活/2026/2026-08-22_IMG20260822105933.jpg,IMG20260822105933.jpg
KU0591,家庭生活,2026,2026-08-22,day,个人相册,0.8014,2,人物、孩子、大人,02_家庭生活/2026/2026-08-22_IMG20260822105935.jpg,IMG20260822105935.jpg
KU1508,家庭生活,2026,2026-08-22,day,个人相册,0.7238,2,人物、孩子、大人,02_家庭生活/2026/2026-08-22_IMG20260822105935_01.jpg,IMG20260822105935_01.jpg
KU1049,家庭生活,2026,2026-08-22,day,个人相册,0.7559,2,人物、大人、孩子,02_家庭生活/2026/2026-08-22_IMG20260822105939.jpg,IMG20260822105939.jpg
KU0866,家庭生活,2026,2026-08-22,day,个人相册,0.7693,2,人物、孩子、大人,02_家庭生活/2026/2026-08-22_IMG20260822105948.jpg,IMG20260822105948.jpg
KU0839,家庭生活,2026,2026-08-22,day,个人相册,0.7711,2,人物、孩子、大人,02_家庭生活/2026/2026-08-22_IMG20260822105949.jpg,IMG20260822105949.jpg
KU0735,家庭生活,2026,2026-08-22,day,个人相册,0.7814,4,人物、孩子、大人,02_家庭生活/2026/2026-08-22_IMG20260822110002.jpg,IMG20260822110002.jpg
KU1307,家庭生活,2026,2026-08-22,day,个人相册,0.7381,2,人物、孩子、大人,02_家庭生活/2026/2026-08-22_IMG20260822110018.jpg,IMG20260822110018.jpg
KU1679,家庭生活,2026,2026-08-22,day,个人相册,0.7092,2,人物、大人、建筑,02_家庭生活/2026/2026-08-22_IMG20260822110122.jpg,IMG20260822110122.jpg
KU1843,家庭生活,2026,2026-08-22,day,个人相册,0.6954,2,建筑、交通工具、台阶,02_家庭生活/2026/2026-08-22_IMG20260822110127.jpg,IMG20260822110127.jpg
KU1503,家庭生活,2026,2026-08-22,day,个人相册,0.724,2,建筑、交通工具、台阶,02_家庭生活/2026/2026-08-22_IMG20260822110129.jpg,IMG20260822110129.jpg
KU1257,家庭生活,2026,2026-08-22,day,个人相册,0.7415,1,衣物、人物、大人,02_家庭生活/2026/2026-08-22_IMG20260822110140.jpg,IMG20260822110140.jpg
KU0749,家庭生活,2026,2026-08-22,day,个人相册,0.7802,1,人物、大人、建筑,02_家庭生活/2026/2026-08-22_IMG20260822110142.jpg,IMG20260822110142.jpg
KU1794,家庭生活,2026,2026-08-22,day,个人相册,0.6993,1,人物、大人、建筑,02_家庭生活/2026/2026-08-22_IMG20260822110147.jpg,IMG20260822110147.jpg
KU1158,家庭生活,2026,2026-08-22,day,个人相册,0.7481,1,人物、大人、建筑,02_家庭生活/2026/2026-08-22_IMG20260822110148.jpg,IMG20260822110148.jpg
KU1553,家庭生活,2026,2026-08-22,day,个人相册,0.7203,1,人物、大人、建筑,02_家庭生活/2026/2026-08-22_IMG20260822110151.jpg,IMG20260822110151.jpg
KU0812,家庭生活,2026,2026-08-22,day,个人相册,0.7737,1,人物、大人、建筑,02_家庭生活/2026/2026-08-22_IMG20260822110152.jpg,IMG20260822110152.jpg
KU1181,家庭生活,2026,2026-08-22,day,个人相册,0.7466,1,人物、大人、建筑,02_家庭生活/2026/2026-08-22_IMG20260822110152_01.jpg,IMG20260822110152_01.jpg
KU1473,家庭生活,2026,2026-08-22,day,个人相册,0.7269,1,人物、大人、建筑,02_家庭生活/2026/2026-08-22_IMG20260822110153.jpg,IMG20260822110153.jpg
KU1400,家庭生活,2026,2026-08-22,day,个人相册,0.7321,1,人物、大人、建筑,02_家庭生活/2026/2026-08-22_IMG20260822110154.jpg,IMG20260822110154.jpg
KU2221,家庭生活,2026,2026-08-22,day,个人相册,0.6543,1,人物、大人、建筑,02_家庭生活/2026/2026-08-22_IMG20260822110155_01.jpg,IMG20260822110155_01.jpg
KU0786,家庭生活,2026,2026-08-22,day,个人相册,0.7762,1,人物、大人、建筑,02_家庭生活/2026/2026-08-22_IMG20260822110156.jpg,IMG20260822110156.jpg
KU0691,家庭生活,2026,2026-08-22,day,个人相册,0.7868,1,建筑、人物、大人,02_家庭生活/2026/2026-08-22_IMG20260822110157.jpg,IMG20260822110157.jpg
KU0960,家庭生活,2026,2026-08-22,day,个人相册,0.7622,1,人物、大人、建筑,02_家庭生活/2026/2026-08-22_IMG20260822110158.jpg,IMG20260822110158.jpg
KU1024,家庭生活,2026,2026-08-22,day,个人相册,0.7578,1,人物、大人、建筑,02_家庭生活/2026/2026-08-22_IMG20260822110159.jpg,IMG20260822110159.jpg
KU1304,家庭生活,2026,2026-08-22,day,个人相册,0.7384,1,人物、大人、建筑,02_家庭生活/2026/2026-08-22_IMG20260822110159_01.jpg,IMG20260822110159_01.jpg
KU1300,家庭生活,2026,2026-08-22,day,个人相册,0.7387,1,人物、大人、建筑,02_家庭生活/2026/2026-08-22_IMG20260822110200.jpg,IMG20260822110200.jpg
KU1520,家庭生活,2026,2026-08-22,day,个人相册,0.7226,1,人物、大人、建筑,02_家庭生活/2026/2026-08-22_IMG20260822110201.jpg,IMG20260822110201.jpg
KU1699,家庭生活,2026,2026-08-22,day,个人相册,0.7078,1,人物、大人、建筑,02_家庭生活/2026/2026-08-22_IMG20260822110202.jpg,IMG20260822110202.jpg
KU1582,家庭生活,2026,2026-08-22,day,个人相册,0.7177,1,人物、大人、建筑,02_家庭生活/2026/2026-08-22_IMG20260822110203.jpg,IMG20260822110203.jpg
KU1256,家庭生活,2026,2026-08-22,day,个人相册,0.7416,1,人物、大人、建筑,02_家庭生活/2026/2026-08-22_IMG20260822110204.jpg,IMG20260822110204.jpg
KU1109,家庭生活,2026,2026-08-22,day,个人相册,0.7519,1,人物、大人、建筑,02_家庭生活/2026/2026-08-22_IMG20260822110205.jpg,IMG20260822110205.jpg
KU0979,家庭生活,2026,2026-08-22,day,个人相册,0.761,1,人物、大人、建筑,02_家庭生活/2026/2026-08-22_IMG20260822110206.jpg,IMG20260822110206.jpg
KU0823,家庭生活,2026,2026-08-22,day,个人相册,0.7727,1,人物、大人、建筑,02_家庭生活/2026/2026-08-22_IMG20260822110207.jpg,IMG20260822110207.jpg
KU0845,家庭生活,2026,2026-08-22,day,个人相册,0.7706,1,人物、大人、建筑,02_家庭生活/2026/2026-08-22_IMG20260822110207_01.jpg,IMG20260822110207_01.jpg
KU1191,家庭生活,2026,2026-08-22,day,个人相册,0.7461,1,人物、大人、建筑,02_家庭生活/2026/2026-08-22_IMG20260822110208.jpg,IMG20260822110208.jpg
KU1282,家庭生活,2026,2026-08-22,day,个人相册,0.7402,1,人物、大人、建筑,02_家庭生活/2026/2026-08-22_IMG20260822110211.jpg,IMG20260822110211.jpg
KU0863,家庭生活,2026,2026-08-22,day,个人相册,0.7695,1,建筑、围栏、人物,02_家庭生活/2026/2026-08-22_IMG20260822110212.jpg,IMG20260822110212.jpg
KU0879,家庭生活,2026,2026-08-22,day,个人相册,0.7682,1,人物、大人、建筑,02_家庭生活/2026/2026-08-22_IMG20260822110213.jpg,IMG20260822110213.jpg
KU1220,家庭生活,2026,2026-08-22,day,个人相册,0.7444,1,人物、大人、建筑,02_家庭生活/2026/2026-08-22_IMG20260822110219.jpg,IMG20260822110219.jpg
KU1046,家庭生活,2026,2026-08-22,day,个人相册,0.756,1,人物、大人、建筑,02_家庭生活/2026/2026-08-22_IMG20260822110220.jpg,IMG20260822110220.jpg
KU1182,家庭生活,2026,2026-08-22,day,个人相册,0.7466,1,人物、大人、建筑,02_家庭生活/2026/2026-08-22_IMG20260822110221.jpg,IMG20260822110221.jpg
KU1792,家庭生活,2026,2026-08-22,day,个人相册,0.6997,1,建筑、人物、孩子,02_家庭生活/2026/2026-08-22_IMG20260822110222.jpg,IMG20260822110222.jpg
KU1432,家庭生活,2026,2026-08-22,day,个人相册,0.7299,1,建筑、交通工具、台阶,02_家庭生活/2026/2026-08-22_IMG20260822110223.jpg,IMG20260822110223.jpg
KU1795,家庭生活,2026,2026-08-22,day,个人相册,0.699,1,人物、大人、建筑,02_家庭生活/2026/2026-08-22_IMG20260822110234.jpg,IMG20260822110234.jpg
KU1190,家庭生活,2026,2026-08-22,day,个人相册,0.7462,1,人物、大人、建筑,02_家庭生活/2026/2026-08-22_IMG20260822110241.jpg,IMG20260822110241.jpg
KU1532,家庭生活,2026,2026-08-22,day,个人相册,0.7219,1,人物、大人、建筑,02_家庭生活/2026/2026-08-22_IMG20260822110250.jpg,IMG20260822110250.jpg
KU1074,家庭生活,2026,2026-08-22,day,个人相册,0.7544,1,人物、大人、建筑,02_家庭生活/2026/2026-08-22_IMG20260822110252.jpg,IMG20260822110252.jpg
KU1361,家庭生活,2026,2026-08-22,day,个人相册,0.7349,1,人物、大人、建筑,02_家庭生活/2026/2026-08-22_IMG20260822110254.jpg,IMG20260822110254.jpg
KU1371,家庭生活,2026,2026-08-22,day,个人相册,0.734,1,建筑、交通工具、台阶,02_家庭生活/2026/2026-08-22_IMG20260822110511.jpg,IMG20260822110511.jpg
KU1673,家庭生活,2026,2026-08-22,day,个人相册,0.7096,1,建筑、人物、大人,02_家庭生活/2026/2026-08-22_IMG20260822110547.jpg,IMG20260822110547.jpg
KU1537,家庭生活,2026,2026-08-22,day,个人相册,0.7217,2,人物、大人、建筑,02_家庭生活/2026/2026-08-22_IMG20260822110635_01.jpg,IMG20260822110635_01.jpg
KU1516,家庭生活,2026,2026-08-22,day,个人相册,0.7227,2,人物、大人、建筑,02_家庭生活/2026/2026-08-22_IMG20260822110637.jpg,IMG20260822110637.jpg
KU1047,家庭生活,2026,2026-08-22,day,个人相册,0.7559,2,人物、大人、建筑,02_家庭生活/2026/2026-08-22_IMG20260822110638.jpg,IMG20260822110638.jpg
KU1120,家庭生活,2026,2026-08-22,day,个人相册,0.7513,2,人物、孩子、大人,02_家庭生活/2026/2026-08-22_IMG20260822110648.jpg,IMG20260822110648.jpg
KU2020,家庭生活,2026,2026-08-22,day,个人相册,0.6802,2,建筑、交通工具、台阶,02_家庭生活/2026/2026-08-22_IMG20260822110702.jpg,IMG20260822110702.jpg
KU1033,家庭生活,2026,2026-08-22,day,个人相册,0.7574,2,建筑、人物、围栏,02_家庭生活/2026/2026-08-22_IMG20260822110705.jpg,IMG20260822110705.jpg
KU1611,家庭生活,2026,2026-08-22,day,个人相册,0.7156,2,人物、大人、孩子,02_家庭生活/2026/2026-08-22_IMG20260822110820.jpg,IMG20260822110820.jpg
KU1126,家庭生活,2026,2026-08-22,day,个人相册,0.7507,2,人物、孩子、建筑,02_家庭生活/2026/2026-08-22_IMG20260822110843.jpg,IMG20260822110843.jpg
KU1269,家庭生活,2026,2026-08-22,day,个人相册,0.7408,1,建筑、围栏、人物,02_家庭生活/2026/2026-08-22_IMG20260822110843_01.jpg,IMG20260822110843_01.jpg
KU0964,家庭生活,2026,2026-08-22,day,个人相册,0.762,1,人物、孩子、建筑,02_家庭生活/2026/2026-08-22_IMG20260822110851.jpg,IMG20260822110851.jpg
KU0821,家庭生活,2026,2026-08-22,day,个人相册,0.7727,1,人物、孩子、建筑,02_家庭生活/2026/2026-08-22_IMG20260822110852.jpg,IMG20260822110852.jpg
KU1543,家庭生活,2026,2026-08-22,day,个人相册,0.721,1,人物、孩子、建筑,02_家庭生活/2026/2026-08-22_IMG20260822110908.jpg,IMG20260822110908.jpg
KU1495,家庭生活,2026,2026-08-22,day,个人相册,0.7249,1,人物、孩子、建筑,02_家庭生活/2026/2026-08-22_IMG20260822110912.jpg,IMG20260822110912.jpg
KU0996,家庭生活,2026,2026-08-22,day,个人相册,0.7599,1,人物、孩子、建筑,02_家庭生活/2026/2026-08-22_IMG20260822110915.jpg,IMG20260822110915.jpg
KU0704,家庭生活,2026,2026-08-22,day,个人相册,0.7858,1,人物、孩子、建筑,02_家庭生活/2026/2026-08-22_IMG20260822110919.jpg,IMG20260822110919.jpg
KU0832,家庭生活,2026,2026-08-22,day,个人相册,0.7721,1,人物、孩子、建筑,02_家庭生活/2026/2026-08-22_IMG20260822110925.jpg,IMG20260822110925.jpg
KU0507,家庭生活,2026,2026-08-22,day,个人相册,0.828,2,人物、大人、孩子,02_家庭生活/2026/2026-08-22_IMG20260822111054.jpg,IMG20260822111054.jpg
KU0664,家庭生活,2026,2026-08-22,day,个人相册,0.7905,2,人物、大人、document,02_家庭生活/2026/2026-08-22_IMG20260822111055.jpg,IMG20260822111055.jpg
KU2100,家庭生活,2026,2026-08-22,day,个人相册,0.6721,2,人物、大人、孩子,02_家庭生活/2026/2026-08-22_IMG20260822111125.jpg,IMG20260822111125.jpg
KU1660,家庭生活,2026,2026-08-22,day,个人相册,0.7109,2,人物、建筑、指示牌,02_家庭生活/2026/2026-08-22_IMG20260822111127.jpg,IMG20260822111127.jpg
KU1830,家庭生活,2026,2026-08-22,day,个人相册,0.6968,2,人物、大人、建筑,02_家庭生活/2026/2026-08-22_IMG20260822111135.jpg,IMG20260822111135.jpg
KU2036,家庭生活,2026,2026-08-22,day,个人相册,0.6783,2,人物、大人、建筑,02_家庭生活/2026/2026-08-22_IMG20260822111136.jpg,IMG20260822111136.jpg
KU2172,家庭生活,2026,2026-08-22,day,个人相册,0.6637,2,人物、大人、建筑,02_家庭生活/2026/2026-08-22_IMG20260822111137.jpg,IMG20260822111137.jpg
KU2337,家庭生活,2026,2026-08-22,day,个人相册,0.6346,2,建筑、指示牌、人物,02_家庭生活/2026/2026-08-22_IMG20260822111140.jpg,IMG20260822111140.jpg
KU2067,家庭生活,2026,2026-08-22,day,个人相册,0.6762,2,人物、大人、建筑,02_家庭生活/2026/2026-08-22_IMG20260822111147.jpg,IMG20260822111147.jpg
KU1627,家庭生活,2026,2026-08-22,day,个人相册,0.714,2,人物、大人、建筑,02_家庭生活/2026/2026-08-22_IMG20260822111149.jpg,IMG20260822111149.jpg
KU1631,家庭生活,2026,2026-08-22,day,个人相册,0.7135,2,人物、大人、document,02_家庭生活/2026/2026-08-22_IMG20260822111150.jpg,IMG20260822111150.jpg
KU2075,家庭生活,2026,2026-08-22,day,个人相册,0.6752,2,人物、大人、建筑,02_家庭生活/2026/2026-08-22_IMG20260822111153.jpg,IMG20260822111153.jpg
KU2086,家庭生活,2026,2026-08-22,day,个人相册,0.6742,2,人物、大人、建筑,02_家庭生活/2026/2026-08-22_IMG20260822111154.jpg,IMG20260822111154.jpg
KU2002,家庭生活,2026,2026-08-22,day,个人相册,0.6816,2,人物、大人、建筑,02_家庭生活/2026/2026-08-22_IMG20260822111155.jpg,IMG20260822111155.jpg
KU1781,家庭生活,2026,2026-08-22,day,个人相册,0.7005,2,人物、大人、建筑,02_家庭生活/2026/2026-08-22_IMG20260822111156.jpg,IMG20260822111156.jpg
KU1275,家庭生活,2026,2026-08-22,day,个人相册,0.7405,1,建筑、围栏、木制品,02_家庭生活/2026/2026-08-22_IMG20260822112424.jpg,IMG20260822112424.jpg
KU2048,家庭生活,2026,2026-08-22,day,个人相册,0.6775,1,户外、天空、建筑,02_家庭生活/2026/2026-08-22_IMG20260822112831.jpg,IMG20260822112831.jpg
KU1658,家庭生活,2026,2026-08-22,day,个人相册,0.7111,1,户外、天空、多云,02_家庭生活/2026/2026-08-22_IMG20260822113026.jpg,IMG20260822113026.jpg
KU0584,家庭生活,2026,2026-08-22,day,个人相册,0.803,1,户外、天空、多云,02_家庭生活/2026/2026-08-22_IMG20260822113051.jpg,IMG20260822113051.jpg
KU1183,家庭生活,2026,2026-08-22,day,个人相册,0.7466,1,户外、天空、多云,02_家庭生活/2026/2026-08-22_IMG20260822113052.jpg,IMG20260822113052.jpg
KU1004,家庭生活,2026,2026-08-22,day,个人相册,0.7594,1,人物、孩子、建筑,02_家庭生活/2026/2026-08-22_IMG20260822121422.jpg,IMG20260822121422.jpg
KU1674,家庭生活,2026,2026-08-22,day,个人相册,0.7096,2,人物、户外、天空,02_家庭生活/2026/2026-08-22_IMG_9068.jpg,_heic_jpg/IMG_9068.jpg
KU1490,家庭生活,2026,2026-08-22,day,个人相册,0.7252,2,人物、大人、户外,02_家庭生活/2026/2026-08-22_IMG_9069.jpg,_heic_jpg/IMG_9069.jpg
KU2177,家庭生活,2026,2026-08-22,day,个人相册,0.6631,2,户外、天空、多云,02_家庭生活/2026/2026-08-22_IMG_9070.jpg,_heic_jpg/IMG_9070.jpg
KU1875,家庭生活,2026,2026-08-22,day,个人相册,0.6924,2,户外、天空、人物,02_家庭生活/2026/2026-08-22_IMG_9071.jpg,_heic_jpg/IMG_9071.jpg
KU2407,家庭生活,2026,2026-08-22,day,个人相册,0.62,2,人物、大人、户外,02_家庭生活/2026/2026-08-22_IMG_9076.jpg,_heic_jpg/IMG_9076.jpg
KU2252,家庭生活,2026,2026-08-22,day,个人相册,0.6493,2,机械、车辆、watercraft,02_家庭生活/2026/2026-08-22_IMG_9083.jpg,_heic_jpg/IMG_9083.jpg
KU2182,家庭生活,2026,2026-08-22,day,个人相册,0.6616,2,户外、天空、机械,02_家庭生活/2026/2026-08-22_IMG_9096.jpg,_heic_jpg/IMG_9096.jpg
KU2490,家庭生活,2026,2026-08-22,day,个人相册,0.5986,2,户外、天空、机械,02_家庭生活/2026/2026-08-22_IMG_9097.jpg,_heic_jpg/IMG_9097.jpg
KU2529,家庭生活,2026,2026-08-22,day,个人相册,0.5815,2,机械、车辆、watercraft,02_家庭生活/2026/2026-08-22_IMG_9098.jpg,_heic_jpg/IMG_9098.jpg
KU0697,家庭生活,2026,2026-08-22,day,个人相册,0.7864,5,人物、户外、天空,02_家庭生活/2026/2026-08-22_IMG_9103.jpg,_heic_jpg/IMG_9103.jpg
KU2241,家庭生活,2026,2026-08-22,day,个人相册,0.6507,2,建筑、户外、天空,02_家庭生活/2026/2026-08-22_IMG_9107.jpg,_heic_jpg/IMG_9107.jpg
KU2196,家庭生活,2026,2026-08-22,day,个人相册,0.6591,2,建筑、户外、天空,02_家庭生活/2026/2026-08-22_IMG_9108.jpg,_heic_jpg/IMG_9108.jpg
KU1941,家庭生活,2026,2026-08-22,day,个人相册,0.6866,4,建筑、户外、天空,02_家庭生活/2026/2026-08-22_IMG_9111.jpg,_heic_jpg/IMG_9111.jpg
KU1401,家庭生活,2026,2026-08-22,day,个人相册,0.7321,4,人物、大人、户外,02_家庭生活/2026/2026-08-22_IMG_9115.jpg,_heic_jpg/IMG_9115.jpg
KU2539,家庭生活,2026,2026-08-22,day,个人相册,0.5767,2,户外、天空、多云,02_家庭生活/2026/2026-08-22_IMG_9123.jpg,_heic_jpg/IMG_9123.jpg
KU1664,家庭生活,2026,2026-08-22,day,个人相册,0.7104,2,户外、天空、多云,02_家庭生活/2026/2026-08-22_IMG_9128.jpg,_heic_jpg/IMG_9128.jpg
KU1332,家庭生活,2026,2026-08-22,day,个人相册,0.7366,3,户外、天空、多云,02_家庭生活/2026/2026-08-22_IMG_9172.jpg,_heic_jpg/IMG_9172.jpg
KU2290,家庭生活,2026,2026-08-22,day,个人相册,0.6418,2,户外、天空、人物,02_家庭生活/2026/2026-08-22_IMG_9182.jpg,_heic_jpg/IMG_9182.jpg
KU1230,家庭生活,2026,2026-08-22,day,个人相册,0.7437,3,户外、天空、多云,02_家庭生活/2026/2026-08-22_IMG_9183.jpg,_heic_jpg/IMG_9183.jpg
KU2492,家庭生活,2026,2026-08-22,day,个人相册,0.5981,4,人物、大人、户外,02_家庭生活/2026/2026-08-22_IMG_9199.jpg,_heic_jpg/IMG_9199.jpg
KU1023,家庭生活,2026,2026-08-22,day,个人相册,0.7579,2,人物、大人、孩子,02_家庭生活/2026/2026-08-22_IMG_9227.jpg,_heic_jpg/IMG_9227.jpg
KU1460,家庭生活,2026,2026-08-22,day,个人相册,0.7279,5,lifesaver、户外、天空,02_家庭生活/2026/2026-08-22_IMG_9254.jpg,_heic_jpg/IMG_9254.jpg
KU2110,家庭生活,2026,2026-08-22,day,个人相册,0.6706,5,lifesaver、建筑、户外,02_家庭生活/2026/2026-08-22_IMG_9259.jpg,_heic_jpg/IMG_9259.jpg
KU0693,家庭生活,2026,2026-08-22,day,个人相册,0.7868,5,户外、天空、多云,02_家庭生活/2026/2026-08-22_IMG_9261.jpg,_heic_jpg/IMG_9261.jpg
KU1388,家庭生活,2026,2026-08-22,day,个人相册,0.733,5,lifesaver、户外、天空,02_家庭生活/2026/2026-08-22_IMG_9262.jpg,_heic_jpg/IMG_9262.jpg
KU1224,家庭生活,2026,2026-08-22,day,个人相册,0.7442,5,户外、天空、lifesaver,02_家庭生活/2026/2026-08-22_IMG_9263.jpg,_heic_jpg/IMG_9263.jpg
KU1477,家庭生活,2026,2026-08-22,day,个人相册,0.7266,5,户外、天空、多云,02_家庭生活/2026/2026-08-22_IMG_9264.jpg,_heic_jpg/IMG_9264.jpg
KU0737,家庭生活,2026,2026-08-22,day,个人相册,0.7813,1,人物、大人、衣物,02_家庭生活/2026/2026-08-22_IMG_9269.jpg,_heic_jpg/IMG_9269.jpg
KU1353,家庭生活,2026,2026-08-22,day,个人相册,0.7353,1,人物、大人、建筑,02_家庭生活/2026/2026-08-22_IMG_9276.jpg,_heic_jpg/IMG_9276.jpg
KU1161,家庭生活,2026,2026-08-22,day,个人相册,0.7475,1,建筑、交通工具、台阶,02_家庭生活/2026/2026-08-22_IMG_9278.jpg,_heic_jpg/IMG_9278.jpg
KU0677,家庭生活,2026,2026-08-22,day,个人相册,0.788,1,人物、大人、建筑,02_家庭生活/2026/2026-08-22_IMG_9279.jpg,_heic_jpg/IMG_9279.jpg
KU1394,家庭生活,2026,2026-08-22,day,个人相册,0.7325,1,人物、大人、建筑,02_家庭生活/2026/2026-08-22_IMG_9280.jpg,_heic_jpg/IMG_9280.jpg
KU1527,家庭生活,2026,2026-08-22,day,个人相册,0.7223,1,人物、建筑、大人,02_家庭生活/2026/2026-08-22_IMG_9282.jpg,_heic_jpg/IMG_9282.jpg
KU1098,家庭生活,2026,2026-08-22,day,个人相册,0.7531,1,人物、孩子、建筑,02_家庭生活/2026/2026-08-22_IMG_9284.jpg,_heic_jpg/IMG_9284.jpg
KU1828,家庭生活,2026,2026-08-22,day,个人相册,0.697,1,人物、孩子、建筑,02_家庭生活/2026/2026-08-22_IMG_9290.jpg,_heic_jpg/IMG_9290.jpg
KU1159,家庭生活,2026,2026-08-22,day,个人相册,0.7477,1,人物、孩子、建筑,02_家庭生活/2026/2026-08-22_IMG_9291.jpg,_heic_jpg/IMG_9291.jpg
KU1534,家庭生活,2026,2026-08-22,day,个人相册,0.7219,1,人物、大人、建筑,02_家庭生活/2026/2026-08-22_IMG_9299.jpg,_heic_jpg/IMG_9299.jpg
KU1754,家庭生活,2026,2026-08-22,day,个人相册,0.703,1,人物、大人、建筑,02_家庭生活/2026/2026-08-22_IMG_9308.jpg,_heic_jpg/IMG_9308.jpg
KU1091,家庭生活,2026,2026-08-22,day,个人相册,0.7534,1,户外、天空、多云,02_家庭生活/2026/2026-08-22_IMG_9319.jpg,_heic_jpg/IMG_9319.jpg
KU1808,家庭生活,2026,2026-08-22,day,个人相册,0.6984,1,户外、天空、多云,02_家庭生活/2026/2026-08-22_IMG_9321.jpg,_heic_jpg/IMG_9321.jpg
KU1019,家庭生活,2026,2026-08-22,day,个人相册,0.7581,1,户外、天空、人物,02_家庭生活/2026/2026-08-22_IMG_9326.jpg,_heic_jpg/IMG_9326.jpg
KU0896,家庭生活,2026,2026-08-22,day,个人相册,0.7667,2,户外、天空、多云,02_家庭生活/2026/2026-08-22_IMG_9343.jpg,_heic_jpg/IMG_9343.jpg
KU0942,家庭生活,2026,2026-08-22,day,个人相册,0.7633,2,户外、天空、多云,02_家庭生活/2026/2026-08-22_IMG_9352.jpg,_heic_jpg/IMG_9352.jpg
KU2322,家庭生活,2026,2026-08-22,day,个人相册,0.637,2,户外、天空、多云,02_家庭生活/2026/2026-08-22_IMG_9392.jpg,_heic_jpg/IMG_9392.jpg
KU2146,家庭生活,2026,2026-08-22,day,个人相册,0.6672,4,人物、大人、户外,02_家庭生活/2026/2026-08-22_IMG_9393.jpg,_heic_jpg/IMG_9393.jpg
KU1036,家庭生活,2026,2026-08-22,day,个人相册,0.7569,3,户外、天空、多云,02_家庭生活/2026/2026-08-22_IMG_9447.jpg,_heic_jpg/IMG_9447.jpg
KU1840,家庭生活,2026,2026-08-22,day,个人相册,0.6955,3,户外、天空、多云,02_家庭生活/2026/2026-08-22_IMG_9448.jpg,_heic_jpg/IMG_9448.jpg
KU0789,家庭生活,2026,2026-08-22,day,个人相册,0.7759,3,人物、大人、户外,02_家庭生活/2026/2026-08-22_IMG_9449.jpg,_heic_jpg/IMG_9449.jpg
KU1876,家庭生活,2026,2026-08-22,day,个人相册,0.6924,3,人物、大人、户外,02_家庭生活/2026/2026-08-22_IMG_9454.jpg,_heic_jpg/IMG_9454.jpg
KU0705,家庭生活,2026,2026-08-22,day,个人相册,0.7856,2,人物、大人、建筑,02_家庭生活/2026/2026-08-22_IMG_9468.jpg,_heic_jpg/IMG_9468.jpg
KU0574,家庭生活,2026,2026-08-22,day,个人相册,0.8051,1,人物、孩子、户外,02_家庭生活/2026/2026-08-22_IMG_9497.jpg,_heic_jpg/IMG_9497.jpg
KU0650,家庭生活,2026,2026-08-22,day,个人相册,0.7927,2,人物、孩子、户外,02_家庭生活/2026/2026-08-22_IMG_9498.jpg,_heic_jpg/IMG_9498.jpg
KU0659,家庭生活,2026,2026-08-22,day,个人相册,0.7915,3,人物、孩子、大人,02_家庭生活/2026/2026-08-22_IMG_9502.jpg,_heic_jpg/IMG_9502.jpg
KU0643,家庭生活,2026,2026-08-22,day,个人相册,0.7937,1,人物、孩子、frozen,02_家庭生活/2026/2026-08-22_IMG_9504.jpg,_heic_jpg/IMG_9504.jpg
KU0959,家庭生活,2026,2026-08-22,day,个人相册,0.7623,1,人物、孩子、frozen,02_家庭生活/2026/2026-08-22_IMG_9505.jpg,_heic_jpg/IMG_9505.jpg
KU1341,家庭生活,2026,2026-08-22,day,个人相册,0.7359,3,人物、孩子、frozen,02_家庭生活/2026/2026-08-22_IMG_9507.jpg,_heic_jpg/IMG_9507.jpg
KU0724,家庭生活,2026,2026-08-22,day,个人相册,0.7829,3,人物、liquid、水面,02_家庭生活/2026/2026-08-22_IMG_9508.jpg,_heic_jpg/IMG_9508.jpg
KU1552,家庭生活,2026,2026-08-22,day,个人相册,0.7204,2,人物、孩子、大人,02_家庭生活/2026/2026-08-22_IMG_9509.jpg,_heic_jpg/IMG_9509.jpg
KU1118,家庭生活,2026,2026-08-22,day,个人相册,0.7514,2,人物、孩子、frozen,02_家庭生活/2026/2026-08-22_IMG_9510.jpg,_heic_jpg/IMG_9510.jpg
KU0933,家庭生活,2026,2026-08-22,day,个人相册,0.764,1,人物、孩子、大人,02_家庭生活/2026/2026-08-22_IMG_9512.jpg,_heic_jpg/IMG_9512.jpg
KU1066,家庭生活,2026,2026-08-22,day,个人相册,0.7549,2,人物、大人、孩子,02_家庭生活/2026/2026-08-22_IMG_9514.jpg,_heic_jpg/IMG_9514.jpg
KU0847,家庭生活,2026,2026-08-22,day,个人相册,0.7704,2,人物、孩子、衣物,02_家庭生活/2026/2026-08-22_IMG_9515.jpg,_heic_jpg/IMG_9515.jpg
KU2012,家庭生活,2026,2026-08-22,day,个人相册,0.6808,1,人物、大人、建筑,02_家庭生活/2026/2026-08-22_IMG_9518.jpg,_heic_jpg/IMG_9518.jpg
KU1197,家庭生活,2026,2026-08-22,day,个人相册,0.7458,1,人物、大人、建筑,02_家庭生活/2026/2026-08-22_IMG_9519.jpg,_heic_jpg/IMG_9519.jpg
KU1945,家庭生活,2026,2026-08-22,day,个人相册,0.6864,1,人物、孩子、frozen,02_家庭生活/2026/2026-08-22_IMG_9522.jpg,_heic_jpg/IMG_9522.jpg
KU2000,家庭生活,2026,2026-08-22,day,个人相册,0.6817,1,人物、孩子、户外,02_家庭生活/2026/2026-08-22_IMG_9523.jpg,_heic_jpg/IMG_9523.jpg
KU1060,家庭生活,2026,2026-08-22,day,个人相册,0.7554,2,户外、天空、frozen,02_家庭生活/2026/2026-08-22_IMG_9524.jpg,_heic_jpg/IMG_9524.jpg
KU0797,家庭生活,2026,2026-08-22,day,个人相册,0.7748,2,户外、天空、蓝天,02_家庭生活/2026/2026-08-22_IMG_9525.jpg,_heic_jpg/IMG_9525.jpg
KU0765,家庭生活,2026,2026-08-22,day,个人相册,0.7789,1,衣物、外套、人物,02_家庭生活/2026/2026-08-22_IMG_9528.jpg,_heic_jpg/IMG_9528.jpg
KU0817,家庭生活,2026,2026-08-22,day,个人相册,0.773,1,衣物、外套、人物,02_家庭生活/2026/2026-08-22_IMG_9529.jpg,_heic_jpg/IMG_9529.jpg
KU1750,家庭生活,2026,2026-08-22,day,个人相册,0.7037,1,人物、孩子、建筑,02_家庭生活/2026/2026-08-22_IMG_9537.jpg,_heic_jpg/IMG_9537.jpg
KU1515,家庭生活,2026,2026-08-22,day,个人相册,0.7232,2,人物、孩子、衣物,02_家庭生活/2026/2026-08-22_IMG_9543.jpg,_heic_jpg/IMG_9543.jpg
KU2154,家庭生活,2026,2026-08-22,day,个人相册,0.6658,2,人物、孩子、娱乐设施,02_家庭生活/2026/2026-08-22_IMG_9544.jpg,_heic_jpg/IMG_9544.jpg
KU2024,家庭生活,2026,2026-08-22,day,个人相册,0.6797,1,娱乐设施、ice_skating、skating,02_家庭生活/2026/2026-08-22_IMG_9552.jpg,_heic_jpg/IMG_9552.jpg
KU1942,家庭生活,2026,2026-08-22,day,个人相册,0.6866,1,娱乐设施、ice_skating、skating,02_家庭生活/2026/2026-08-22_IMG_9554.jpg,_heic_jpg/IMG_9554.jpg
KU2286,家庭生活,2026,2026-08-22,day,个人相册,0.6423,1,娱乐设施、ice_skating、skating,02_家庭生活/2026/2026-08-22_IMG_9555.jpg,_heic_jpg/IMG_9555.jpg
KU0848,家庭生活,2026,2026-08-22,day,个人相册,0.7704,1,人物、孩子、娱乐设施,02_家庭生活/2026/2026-08-22_IMG_9556.jpg,_heic_jpg/IMG_9556.jpg
KU1358,家庭生活,2026,2026-08-22,day,个人相册,0.735,1,人物、孩子、娱乐设施,02_家庭生活/2026/2026-08-22_IMG_9557.jpg,_heic_jpg/IMG_9557.jpg
KU0900,家庭生活,2026,2026-08-22,day,个人相册,0.7664,1,人物、孩子、衣物,02_家庭生活/2026/2026-08-22_IMG_9558.jpg,_heic_jpg/IMG_9558.jpg
KU0898,家庭生活,2026,2026-08-22,day,个人相册,0.7666,1,人物、孩子、衣物,02_家庭生活/2026/2026-08-22_IMG_9559.jpg,_heic_jpg/IMG_9559.jpg
KU0931,家庭生活,2026,2026-08-22,day,个人相册,0.7641,1,衣物、外套、人物,02_家庭生活/2026/2026-08-22_IMG_9560.jpg,_heic_jpg/IMG_9560.jpg
KU1723,家庭生活,2026,2026-08-22,day,个人相册,0.7061,1,人物、孩子、衣物,02_家庭生活/2026/2026-08-22_IMG_9564.jpg,_heic_jpg/IMG_9564.jpg
KU1284,家庭生活,2026,2026-08-22,day,个人相册,0.7399,1,人物、孩子、衣物,02_家庭生活/2026/2026-08-22_IMG_9565.jpg,_heic_jpg/IMG_9565.jpg
KU1807,家庭生活,2026,2026-08-22,day,个人相册,0.6984,1,人物、衣物、外套,02_家庭生活/2026/2026-08-22_IMG_9566.jpg,_heic_jpg/IMG_9566.jpg
KU1993,家庭生活,2026,2026-08-22,day,个人相册,0.6821,1,人物、孩子、衣物,02_家庭生活/2026/2026-08-22_IMG_9567.jpg,_heic_jpg/IMG_9567.jpg
KU2455,家庭生活,2026,2026-08-22,day,个人相册,0.6084,1,人物、大人、孩子,02_家庭生活/2026/2026-08-22_IMG_9568.jpg,_heic_jpg/IMG_9568.jpg
KU1385,家庭生活,2026,2026-08-22,day,个人相册,0.733,1,人物、孩子、衣物,02_家庭生活/2026/2026-08-22_IMG_9570.jpg,_heic_jpg/IMG_9570.jpg
KU1599,家庭生活,2026,2026-08-22,day,个人相册,0.7163,1,人物、孩子、大人,02_家庭生活/2026/2026-08-22_IMG_9571.jpg,_heic_jpg/IMG_9571.jpg
KU2108,家庭生活,2026,2026-08-22,day,个人相册,0.6709,1,人物、孩子、衣物,02_家庭生活/2026/2026-08-22_IMG_9572.jpg,_heic_jpg/IMG_9572.jpg
KU1597,家庭生活,2026,2026-08-22,day,个人相册,0.7164,1,人物、孩子、衣物,02_家庭生活/2026/2026-08-22_IMG_9576.jpg,_heic_jpg/IMG_9576.jpg
KU1822,家庭生活,2026,2026-08-22,day,个人相册,0.6975,2,人物、孩子、大人,02_家庭生活/2026/2026-08-22_IMG_9577.jpg,_heic_jpg/IMG_9577.jpg
KU1704,家庭生活,2026,2026-08-22,day,个人相册,0.7075,3,人物、孩子、大人,02_家庭生活/2026/2026-08-22_IMG_9578.jpg,_heic_jpg/IMG_9578.jpg
KU2162,家庭生活,2026,2026-08-22,day,个人相册,0.665,2,人物、孩子、大人,02_家庭生活/2026/2026-08-22_IMG_9579.jpg,_heic_jpg/IMG_9579.jpg
KU1992,家庭生活,2026,2026-08-22,day,个人相册,0.6822,2,人物、孩子、大人,02_家庭生活/2026/2026-08-22_IMG_9580.jpg,_heic_jpg/IMG_9580.jpg
KU0501,家庭生活,2026,2026-08-22,day,个人相册,0.8317,1,人物、孩子、建筑,02_家庭生活/2026/2026-08-22_mmexport0c7c8373cea6de361713db42d812f605_1787379189614.jpeg,mmexport0c7c8373cea6de361713db42d812f605_1787379189614.jpeg
KU0687,家庭生活,2026,2026-08-22,day,个人相册,0.7872,1,建筑、围栏、人物,02_家庭生活/2026/2026-08-22_mmexport390324795f22e702638e76ca6781aa4f_1787379020989.jpeg,mmexport390324795f22e702638e76ca6781aa4f_1787379020989.jpeg
KU2384,家庭生活,2026,2026-08-22,day,个人相册,0.6265,6,建筑、人物、大人,02_家庭生活/2026/2026-08-22_mmexport3e22d3b7a0f9d88eeaa785405a1c55da_1787379123760.jpeg,mmexport3e22d3b7a0f9d88eeaa785405a1c55da_1787379123760.jpeg
KU0685,家庭生活,2026,2026-08-22,day,个人相册,0.7873,1,人物、孩子、建筑,02_家庭生活/2026/2026-08-22_mmexport53bd7d4e1f539b526650f3f1af800d3d_1787379202980.jpeg,mmexport53bd7d4e1f539b526650f3f1af800d3d_1787379202980.jpeg
KU0542,家庭生活,2026,2026-08-22,day,个人相册,0.8119,1,建筑、围栏、optical_equipment,02_家庭生活/2026/2026-08-22_mmexport7e343620f28d0b16f3d45a4be7342758_1787379050436.jpeg,mmexport7e343620f28d0b16f3d45a4be7342758_1787379050436.jpeg
KU0585,家庭生活,2026,2026-08-22,day,个人相册,0.8029,1,建筑、木制品、户外,02_家庭生活/2026/2026-08-22_mmexport8e89aae9e386cbabddaddc1195484679_1787379002763.jpeg,mmexport8e89aae9e386cbabddaddc1195484679_1787379002763.jpeg
KU2127,家庭生活,2026,2026-08-22,day,个人相册,0.6692,3,建筑、围栏、人物,02_家庭生活/2026/2026-08-22_mmexportc261424e9049739342aab74c5a247243_1787379084989.jpeg,mmexportc261424e9049739342aab74c5a247243_1787379084989.jpeg
KU0634,家庭生活,2026,2026-08-22,day,个人相册,0.7947,1,人物、孩子、建筑,02_家庭生活/2026/2026-08-22_mmexportc5bef463d88e1f6f42805cf497289efb_1787379175076.jpeg,mmexportc5bef463d88e1f6f42805cf497289efb_1787379175076.jpeg
KU0653,家庭生活,2026,2026-08-22,day,个人相册,0.7922,1,户外、天空、建筑,02_家庭生活/2026/2026-08-22_mmexportd566d49f4e9edfb8f77e20e04ad0aa83_1787379034736.jpeg,mmexportd566d49f4e9edfb8f77e20e04ad0aa83_1787379034736.jpeg
KU0858,家庭生活,2026,2026-08-22,day,个人相册,0.7698,1,建筑、交通工具、台阶,02_家庭生活/2026/2026-08-22_mmexporteb9ac73e6bd90b948e6c702e9f3a96f5_1787379160709.jpeg,mmexporteb9ac73e6bd90b948e6c702e9f3a96f5_1787379160709.jpeg
KU0723,家庭生活,2026,2026-08-23,day,个人相册,0.783,1,户外、陆地、road,02_家庭生活/2026/2026-08-23_IMG20260823101713.jpg,IMG20260823101713.jpg
KU0667,家庭生活,2026,2026-08-23,day,个人相册,0.7897,1,人物、孩子、户外,02_家庭生活/2026/2026-08-23_IMG20260823101714.jpg,IMG20260823101714.jpg
KU0624,家庭生活,2026,2026-08-23,day,个人相册,0.7958,1,人物、孩子、户外,02_家庭生活/2026/2026-08-23_IMG20260823101715.jpg,IMG20260823101715.jpg
KU1930,家庭生活,2026,2026-08-23,day,个人相册,0.6873,4,人物、孩子、建筑,02_家庭生活/2026/2026-08-23_IMG20260823163343.jpg,IMG20260823163343.jpg
KU0642,家庭生活,2026,2026-08-23,day,个人相册,0.7937,2,人物、孩子、建筑,02_家庭生活/2026/2026-08-23_IMG20260823163344.jpg,IMG20260823163344.jpg
KU1076,家庭生活,2026,2026-08-23,day,个人相册,0.7543,2,人物、孩子、建筑,02_家庭生活/2026/2026-08-23_IMG20260823163346.jpg,IMG20260823163346.jpg
KU0520,家庭生活,2026,2026-08-23,day,个人相册,0.8198,2,人物、孩子、建筑,02_家庭生活/2026/2026-08-23_IMG20260823163350.jpg,IMG20260823163350.jpg
KU1844,家庭生活,2026,2026-08-23,day,个人相册,0.6953,3,人物、孩子、建筑,02_家庭生活/2026/2026-08-23_IMG20260823163557.jpg,IMG20260823163557.jpg
KU0918,家庭生活,2026,2026-08-23,day,个人相册,0.7652,2,人物、孩子、建筑,02_家庭生活/2026/2026-08-23_IMG20260823164253.jpg,IMG20260823164253.jpg
KU1101,家庭生活,2026,2026-08-23,day,个人相册,0.7528,2,人物、孩子、建筑,02_家庭生活/2026/2026-08-23_IMG20260823164255.jpg,IMG20260823164255.jpg
KU1375,家庭生活,2026,2026-08-23,day,个人相册,0.7336,3,建筑、木制品、人物,02_家庭生活/2026/2026-08-23_IMG20260823164308.jpg,IMG20260823164308.jpg
KU0892,家庭生活,2026,2026-08-23,day,个人相册,0.7669,1,人物、孩子、建筑,02_家庭生活/2026/2026-08-23_IMG20260823165519.jpg,IMG20260823165519.jpg
KU0981,家庭生活,2026,2026-08-23,day,个人相册,0.7607,1,人物、孩子、室内空间,02_家庭生活/2026/2026-08-23_IMG20260823204025.jpg,IMG20260823204025.jpg
KU1892,家庭生活,2026,2026-08-26,day,个人相册,0.6911,2,人物、孩子、大人,02_家庭生活/2026/2026-08-26_IMG20260826204025.jpg,IMG20260826204025.jpg
KU1539,家庭生活,2026,2026-08-26,day,个人相册,0.7213,2,人物、孩子、大人,02_家庭生活/2026/2026-08-26_IMG20260826204027.jpg,IMG20260826204027.jpg
KU0563,家庭生活,2026,2026-08-29,day,个人相册,0.8063,1,建筑、围栏、人物,02_家庭生活/2026/2026-08-29_IMG20260829160341.jpg,IMG20260829160341.jpg
KU0571,家庭生活,2026,2026-08-29,day,个人相册,0.8056,1,户外、陆地、road,02_家庭生活/2026/2026-08-29_IMG20260829160342.jpg,IMG20260829160342.jpg
KU2144,家庭生活,2026,2026-08-29,day,个人相册,0.6673,2,人物、孩子、大人,02_家庭生活/2026/2026-08-29_IMG20260829191252.jpg,IMG20260829191252.jpg
KU0799,家庭生活,2026,2026-08-29,day,个人相册,0.7747,1,人物、孩子、建筑,02_家庭生活/2026/2026-08-29_IMG20260829191309.jpg,IMG20260829191309.jpg
KU0903,家庭生活,2026,2026-08-29,day,个人相册,0.7661,1,人物、孩子、建筑,02_家庭生活/2026/2026-08-29_IMG20260829191310.jpg,IMG20260829191310.jpg
KU2060,家庭生活,2026,2026-08-29,day,个人相册,0.6766,1,人物、孩子、建筑,02_家庭生活/2026/2026-08-29_IMG20260829191312.jpg,IMG20260829191312.jpg
KU0695,家庭生活,2026,2026-08-29,day,个人相册,0.7865,2,人物、孩子、建筑,02_家庭生活/2026/2026-08-29_IMG20260829202025.jpg,IMG20260829202025.jpg
KU1832,家庭生活,2026,2026-08-30,day,个人相册,0.6967,4,建筑、木制品、人物,02_家庭生活/2026/2026-08-30_IMG20260830125849.jpg,IMG20260830125849.jpg
KU2026,家庭生活,2026,2026-08-30,day,个人相册,0.6794,4,建筑、木制品、人物,02_家庭生活/2026/2026-08-30_IMG20260830125852.jpg,IMG20260830125852.jpg
KU1273,家庭生活,2026,2026-08-30,day,个人相册,0.7407,4,建筑、木制品、人物,02_家庭生活/2026/2026-08-30_IMG20260830125901.jpg,IMG20260830125901.jpg
KU1465,家庭生活,2026,2026-08-30,day,个人相册,0.7276,4,建筑、木制品、人物,02_家庭生活/2026/2026-08-30_IMG20260830125902.jpg,IMG20260830125902.jpg
KU2015,家庭生活,2026,2026-08-30,day,个人相册,0.6806,4,建筑、木制品、人物,02_家庭生活/2026/2026-08-30_IMG20260830125904.jpg,IMG20260830125904.jpg
KU1881,家庭生活,2026,2026-08-30,day,个人相册,0.6921,4,人物、大人、建筑,02_家庭生活/2026/2026-08-30_IMG20260830125924.jpg,IMG20260830125924.jpg
KU1422,家庭生活,2026,2026-08-30,day,个人相册,0.7305,5,人物、大人、建筑,02_家庭生活/2026/2026-08-30_IMG20260830131608.jpg,IMG20260830131608.jpg
KU1513,家庭生活,2026,2026-08-30,day,个人相册,0.7236,4,室内空间、餐厅、人物,02_家庭生活/2026/2026-08-30_IMG20260830131610.jpg,IMG20260830131610.jpg
KU1249,家庭生活,2026,2026-08-30,day,个人相册,0.7423,4,人物、大人、室内空间,02_家庭生活/2026/2026-08-30_IMG20260830131639.jpg,IMG20260830131639.jpg
KU1056,家庭生活,2026,2026-08-30,day,个人相册,0.7555,4,人物、大人、建筑,02_家庭生活/2026/2026-08-30_IMG20260830131640.jpg,IMG20260830131640.jpg
KU0983,家庭生活,2026,2026-08-30,day,个人相册,0.7607,5,人物、大人、建筑,02_家庭生活/2026/2026-08-30_IMG20260830131642.jpg,IMG20260830131642.jpg
KU0999,家庭生活,2026,2026-08-30,day,个人相册,0.7595,4,人物、大人、建筑,02_家庭生活/2026/2026-08-30_IMG20260830131658.jpg,IMG20260830131658.jpg
KU2132,家庭生活,2026,2026-08-30,day,个人相册,0.6687,3,人物、孩子、衣物,02_家庭生活/2026/2026-08-30_IMG20260830153336.jpg,IMG20260830153336.jpg
KU1145,家庭生活,2026,2026-08-30,day,个人相册,0.7493,3,人物、孩子、衣物,02_家庭生活/2026/2026-08-30_IMG20260830153337.jpg,IMG20260830153337.jpg
KU2181,家庭生活,2026,2026-08-30,day,个人相册,0.6616,1,衣物、人物、孩子,02_家庭生活/2026/2026-08-30_IMG20260830154251.jpg,IMG20260830154251.jpg
KU2571,家庭生活,2026,2026-08-30,day,个人相册,0.5564,2,frozen、liquid、水面,02_家庭生活/2026/2026-08-30_IMG20260830154252.jpg,IMG20260830154252.jpg
KU1667,家庭生活,2026,2026-08-30,day,个人相册,0.7102,2,人物、孩子、衣物,02_家庭生活/2026/2026-08-30_IMG20260830154253.jpg,IMG20260830154253.jpg
KU2397,家庭生活,2026,2026-08-30,day,个人相册,0.6224,1,人物、孩子、衣物,02_家庭生活/2026/2026-08-30_IMG20260830160302.jpg,IMG20260830160302.jpg
KU2552,家庭生活,2026,2026-08-30,day,个人相册,0.5668,1,人物、孩子、衣物,02_家庭生活/2026/2026-08-30_IMG20260830160305.jpg,IMG20260830160305.jpg
KU2538,家庭生活,2026,2026-08-30,day,个人相册,0.577,1,人物、孩子、衣物,02_家庭生活/2026/2026-08-30_IMG20260830160306.jpg,IMG20260830160306.jpg
KU2440,家庭生活,2026,2026-08-30,day,个人相册,0.6125,1,人物、孩子、衣物,02_家庭生活/2026/2026-08-30_IMG20260830160307.jpg,IMG20260830160307.jpg
KU0531,家庭生活,2026,2026-09-01,day,个人相册,0.8153,2,人物、孩子、建筑,02_家庭生活/2026/2026-09-01_mmexport1788260328965.jpg,mmexport1788260328965.jpg
KU1166,家庭生活,2026,2026-09-06,day,个人相册,0.7472,1,建筑、木制品、人物,02_家庭生活/2026/2026-09-06_IMG20260906162038.jpg,IMG20260906162038.jpg
KU1439,家庭生活,2026,2026-09-06,day,个人相册,0.7296,1,建筑、木制品、人物,02_家庭生活/2026/2026-09-06_IMG20260906162223.jpg,IMG20260906162223.jpg
KU0841,家庭生活,2026,2026-09-06,day,个人相册,0.771,1,人物、孩子、建筑,02_家庭生活/2026/2026-09-06_IMG20260906162226.jpg,IMG20260906162226.jpg
KU1540,家庭生活,2026,2026-09-06,day,个人相册,0.7212,1,人物、孩子、大人,02_家庭生活/2026/2026-09-06_IMG20260906180723.jpg,IMG20260906180723.jpg
KU0941,家庭生活,2026,2026-09-12,day,个人相册,0.7634,4,人物、大人、孩子,02_家庭生活/2026/2026-09-12_IMG20260912113521.jpg,IMG20260912113521.jpg
KU1722,家庭生活,2026,2026-09-12,day,个人相册,0.7061,2,人物、孩子、衣物,02_家庭生活/2026/2026-09-12_IMG20260912121739.jpg,IMG20260912121739.jpg
KU2113,家庭生活,2026,2026-09-12,day,个人相册,0.6705,1,人物、孩子、衣物,02_家庭生活/2026/2026-09-12_IMG20260912121740.jpg,IMG20260912121740.jpg
KU1452,家庭生活,2026,2026-09-13,day,个人相册,0.7286,2,人物、孩子、材质,02_家庭生活/2026/2026-09-13_IMG20260913111159.jpg,IMG20260913111159.jpg
KU2244,家庭生活,2026,2026-09-13,day,个人相册,0.6506,1,人物、孩子、衣物,02_家庭生活/2026/2026-09-13_IMG20260913111204.jpg,IMG20260913111204.jpg
KU2381,家庭生活,2026,2026-09-13,day,个人相册,0.6275,5,人物、孩子、大人,02_家庭生活/2026/2026-09-13_IMG20260913112306.jpg,IMG20260913112306.jpg
KU1821,家庭生活,2026,2026-09-13,day,个人相册,0.6975,4,人物、孩子、衣物,02_家庭生活/2026/2026-09-13_IMG20260913114059.jpg,IMG20260913114059.jpg
KU2058,家庭生活,2026,2026-09-13,day,个人相册,0.6769,2,人物、孩子、大人,02_家庭生活/2026/2026-09-13_IMG20260913114202.jpg,IMG20260913114202.jpg
KU1628,家庭生活,2026,2026-09-13,day,个人相册,0.714,2,人物、孩子、衣物,02_家庭生活/2026/2026-09-13_mmexport1789295504065.jpg,mmexport1789295504065.jpg
KU1866,家庭生活,2026,2026-09-13,day,个人相册,0.6933,2,人物、孩子、衣物,02_家庭生活/2026/2026-09-13_mmexport1789295507400.jpg,mmexport1789295507400.jpg
KU1357,家庭生活,2026,2026-09-13,day,个人相册,0.7351,2,人物、孩子、衣物,02_家庭生活/2026/2026-09-13_mmexport1789295511233.jpg,mmexport1789295511233.jpg
KU1842,家庭生活,2026,2026-09-13,day,个人相册,0.6954,2,人物、孩子、植物,02_家庭生活/2026/2026-09-13_mmexport1789299102611.jpg,mmexport1789299102611.jpg
KU1742,家庭生活,2026,2026-09-16,day,个人相册,0.7049,4,人物、孩子、材质,02_家庭生活/2026/2026-09-16_mmexport1789534197161.jpg,mmexport1789534197161.jpg
KU2207,家庭生活,2026,2026-09-16,day,个人相册,0.6564,5,人物、孩子、材质,02_家庭生活/2026/2026-09-16_mmexport1789534201165.jpg,mmexport1789534201165.jpg
KU1044,家庭生活,未知年份,,none,个人相册,0.7562,2,人物、孩子、婴儿,02_家庭生活/未知年份/0000-00-00_00120E08_IMG_0214.PNG,00120E08_IMG_0214.PNG
KU2084,家庭生活,未知年份,,none,个人相册,0.6744,1,人物、孩子、材质,02_家庭生活/未知年份/0000-00-00_016F9505_IMG_3550.JPG,016F9505_IMG_3550.JPG
KU2249,家庭生活,未知年份,,none,个人相册,0.6499,2,人物、孩子、婴儿,02_家庭生活/未知年份/0000-00-00_027B9A76_IMG_0171.PNG,027B9A76_IMG_0171.PNG
KU2068,家庭生活,未知年份,,none,个人相册,0.676,3,人物、孩子、建筑,02_家庭生活/未知年份/0000-00-00_0323E152_IMG_0197.PNG,0323E152_IMG_0197.PNG
KU1638,家庭生活,未知年份,,none,个人相册,0.713,1,人物、孩子、艺术,02_家庭生活/未知年份/0000-00-00_03838006_IMG_0100.JPG,03838006_IMG_0100.JPG
KU1053,家庭生活,未知年份,,none,个人相册,0.7556,1,人物、孩子、机械,02_家庭生活/未知年份/0000-00-00_04009B25_IMG_0142.PNG,04009B25_IMG_0142.PNG
KU1128,家庭生活,未知年份,,none,个人相册,0.7507,1,人物、孩子、室内空间,02_家庭生活/未知年份/0000-00-00_068A47F3_IMG_2511.JPG,068A47F3_IMG_2511.JPG
KU1149,家庭生活,未知年份,,none,个人相册,0.7487,1,机械、wheel、人物,02_家庭生活/未知年份/0000-00-00_09D9B82B_IMG_2576.JPG,09D9B82B_IMG_2576.JPG
KU1688,家庭生活,未知年份,,none,个人相册,0.7085,1,人物、孩子、建筑,02_家庭生活/未知年份/0000-00-00_0AD98791_IMG_0145.PNG,0AD98791_IMG_0145.PNG
KU0835,家庭生活,未知年份,,none,个人相册,0.7716,1,人物、孩子、婴儿,02_家庭生活/未知年份/0000-00-00_0B19F054_IMG_3659.JPG,0B19F054_IMG_3659.JPG
KU1818,家庭生活,未知年份,,none,个人相册,0.6978,2,人物、孩子、建筑,02_家庭生活/未知年份/0000-00-00_0CC845B9_IMG_9493.JPG,0CC845B9_IMG_9493.JPG
KU0888,家庭生活,未知年份,,none,个人相册,0.767,3,人物、孩子、建筑,02_家庭生活/未知年份/0000-00-00_0E36082B_IMG_3668.JPG,0E36082B_IMG_3668.JPG
KU1706,家庭生活,未知年份,,none,个人相册,0.7074,1,艺术、装饰、frame,02_家庭生活/未知年份/0000-00-00_0F2E4470_IMG_2744.JPG,0F2E4470_IMG_2744.JPG
KU1104,家庭生活,未知年份,,none,个人相册,0.7525,2,人物、孩子、衣物,02_家庭生活/未知年份/0000-00-00_0F6EC04D_IMG_0176.PNG,0F6EC04D_IMG_0176.PNG
KU1236,家庭生活,未知年份,,none,个人相册,0.743,1,户外、陆地、公园,02_家庭生活/未知年份/0000-00-00_1051E1EA_IMG_9496.JPG,1051E1EA_IMG_9496.JPG
KU1586,家庭生活,未知年份,,none,个人相册,0.7173,4,人物、孩子、衣物,02_家庭生活/未知年份/0000-00-00_1137E084_IMG_3535.JPG,1137E084_IMG_3535.JPG
KU0938,家庭生活,未知年份,,none,个人相册,0.7636,1,人物、孩子、建筑,02_家庭生活/未知年份/0000-00-00_137E16A0_IMG_1660.JPG,137E16A0_IMG_1660.JPG
KU0489,家庭生活,未知年份,,none,个人相册,0.8398,1,建筑、人物、孩子,02_家庭生活/未知年份/0000-00-00_1906E717_IMG_3562.JPG,1906E717_IMG_3562.JPG
KU2446,家庭生活,未知年份,,none,个人相册,0.6113,3,户外、蓝天、天空,02_家庭生活/未知年份/0000-00-00_1A82B358_IMG_2210.JPG,1A82B358_IMG_2210.JPG
KU1402,家庭生活,未知年份,,none,个人相册,0.732,6,人物、孩子、大人,02_家庭生活/未知年份/0000-00-00_1B63566F_IMG_0210.PNG,1B63566F_IMG_0210.PNG
KU1669,家庭生活,未知年份,,none,个人相册,0.71,2,人物、孩子、建筑,02_家庭生活/未知年份/0000-00-00_1C8E0725_IMG_3595.JPG,1C8E0725_IMG_3595.JPG
KU0991,家庭生活,未知年份,,none,个人相册,0.7603,1,人物、孩子、户外,02_家庭生活/未知年份/0000-00-00_1D94253D_IMG_0199.PNG,1D94253D_IMG_0199.PNG
KU2403,家庭生活,未知年份,,none,个人相册,0.6212,2,人物、孩子、机械,02_家庭生活/未知年份/0000-00-00_1FA8CE66_IMG_0201.PNG,1FA8CE66_IMG_0201.PNG
KU1882,家庭生活,未知年份,,none,个人相册,0.6921,1,人物、孩子、艺术,02_家庭生活/未知年份/0000-00-00_201E24B2_IMG_0101.JPG,201E24B2_IMG_0101.JPG
KU0498,家庭生活,未知年份,,none,个人相册,0.8341,1,人物、孩子、建筑,02_家庭生活/未知年份/0000-00-00_2509BD24_IMG_3551.JPG,2509BD24_IMG_3551.JPG
KU0766,家庭生活,未知年份,,none,个人相册,0.7787,1,户外、人物、孩子,02_家庭生活/未知年份/0000-00-00_26B3CB4C_IMG_9495.JPG,26B3CB4C_IMG_9495.JPG
KU2285,家庭生活,未知年份,,none,个人相册,0.6428,5,人物、孩子、婴儿,02_家庭生活/未知年份/0000-00-00_273EFF6E_IMG_0168.PNG,273EFF6E_IMG_0168.PNG
KU2064,家庭生活,未知年份,,none,个人相册,0.6765,2,人物、孩子、大人,02_家庭生活/未知年份/0000-00-00_2AC50CE4_IMG_0213.PNG,2AC50CE4_IMG_0213.PNG
KU2320,家庭生活,未知年份,,none,个人相册,0.6371,1,人物、孩子、材质,02_家庭生活/未知年份/0000-00-00_2E55546A_IMG_8938.JPG,2E55546A_IMG_8938.JPG
KU1379,家庭生活,未知年份,,none,个人相册,0.7333,1,人物、孩子、建筑,02_家庭生活/未知年份/0000-00-00_30C11E37_IMG_0146.PNG,30C11E37_IMG_0146.PNG
KU1186,家庭生活,未知年份,,none,个人相册,0.7463,1,人物、孩子、材质,02_家庭生活/未知年份/0000-00-00_30E18E72_IMG_1674.JPG,30E18E72_IMG_1674.JPG
KU2212,家庭生活,未知年份,,none,个人相册,0.6552,2,人物、建筑、木制品,02_家庭生活/未知年份/0000-00-00_31AD6F7F_IMG_1137.JPG,31AD6F7F_IMG_1137.JPG
KU1171,家庭生活,未知年份,,none,个人相册,0.7471,1,建筑、木制品、人物,02_家庭生活/未知年份/0000-00-00_320DD038_IMG_1873.JPG,320DD038_IMG_1873.JPG
KU1701,家庭生活,未知年份,,none,个人相册,0.7078,1,机械、wheel、人物,02_家庭生活/未知年份/0000-00-00_349E94F5_IMG_2573.JPG,349E94F5_IMG_2573.JPG
KU1235,家庭生活,未知年份,,none,个人相册,0.7432,3,人物、孩子、材质,02_家庭生活/未知年份/0000-00-00_35B53B02_IMG_0178.PNG,35B53B02_IMG_0178.PNG
KU1933,家庭生活,未知年份,,none,个人相册,0.6872,1,人物、孩子、brick,02_家庭生活/未知年份/0000-00-00_35E0FAD8_IMG_2711.JPG,35E0FAD8_IMG_2711.JPG
KU2099,家庭生活,未知年份,,none,个人相册,0.6725,1,陆地、户外、草地,02_家庭生活/未知年份/0000-00-00_3670CDA5_IMG_2588.JPG,3670CDA5_IMG_2588.JPG
KU1435,家庭生活,未知年份,,none,个人相册,0.7298,1,孩子、人物、植物,02_家庭生活/未知年份/0000-00-00_377C68D9_IMG_2572.JPG,377C68D9_IMG_2572.JPG
KU0997,家庭生活,未知年份,,none,个人相册,0.7597,1,人物、孩子、球,02_家庭生活/未知年份/0000-00-00_37C8E901_IMG_9482.JPG,37C8E901_IMG_9482.JPG
KU2396,家庭生活,未知年份,,none,个人相册,0.6228,9,人物、大人、孩子,02_家庭生活/未知年份/0000-00-00_38844FEA_IMG_0150.PNG,38844FEA_IMG_0150.PNG
KU2080,家庭生活,未知年份,,none,个人相册,0.6747,2,人物、孩子、建筑,02_家庭生活/未知年份/0000-00-00_38A8F5CF_IMG_0192.PNG,38A8F5CF_IMG_0192.PNG
KU2231,家庭生活,未知年份,,none,个人相册,0.6522,1,建筑、木制品、材质,02_家庭生活/未知年份/0000-00-00_396A725C_IMG_2554.JPG,396A725C_IMG_2554.JPG
KU0483,家庭生活,未知年份,,none,个人相册,0.8449,1,人物、孩子、建筑,02_家庭生活/未知年份/0000-00-00_3B67FC2D_IMG_3594.JPG,3B67FC2D_IMG_3594.JPG
KU2372,家庭生活,未知年份,,none,个人相册,0.6295,1,人物、孩子、optical_equipment,02_家庭生活/未知年份/0000-00-00_3B9CE2AD_IMG_3140.JPG,3B9CE2AD_IMG_3140.JPG
KU2111,家庭生活,未知年份,,none,个人相册,0.6706,1,建筑、木制品、人物,02_家庭生活/未知年份/0000-00-00_3C73075E_IMG_1693.JPG,3C73075E_IMG_1693.JPG
KU2028,家庭生活,未知年份,,none,个人相册,0.679,1,人物、孩子、建筑,02_家庭生活/未知年份/0000-00-00_3DE84BCC_IMG_0568.JPG,3DE84BCC_IMG_0568.JPG
KU1180,家庭生活,未知年份,,none,个人相册,0.7466,2,人物、孩子、衣物,02_家庭生活/未知年份/0000-00-00_3F209B99_IMG_0173.PNG,3F209B99_IMG_0173.PNG
KU1588,家庭生活,未知年份,,none,个人相册,0.7173,1,人物、孩子、衣物,02_家庭生活/未知年份/0000-00-00_4012A860_IMG_1929.JPG,4012A860_IMG_1929.JPG
KU2109,家庭生活,未知年份,,none,个人相册,0.6707,1,建筑、木制品、人物,02_家庭生活/未知年份/0000-00-00_420C0125_IMG_3281.JPG,420C0125_IMG_3281.JPG
KU0602,家庭生活,未知年份,,none,个人相册,0.7992,2,人物、婴儿、孩子,02_家庭生活/未知年份/0000-00-00_427BAB53_IMG_0147.PNG,427BAB53_IMG_0147.PNG
KU1624,家庭生活,未知年份,,none,个人相册,0.7142,2,人物、孩子、建筑,02_家庭生活/未知年份/0000-00-00_42FEDE1B_IMG_9494.JPG,42FEDE1B_IMG_9494.JPG
KU2334,家庭生活,未知年份,,none,个人相册,0.6348,3,人物、孩子、建筑,02_家庭生活/未知年份/0000-00-00_450D78F7_IMG_0207.PNG,450D78F7_IMG_0207.PNG
KU1324,家庭生活,未知年份,,none,个人相册,0.7372,1,建筑、木制品、玩具,02_家庭生活/未知年份/0000-00-00_4575529E_IMG_1545.JPG,4575529E_IMG_1545.JPG
KU0785,家庭生活,未知年份,,none,个人相册,0.7763,2,人物、孩子、建筑,02_家庭生活/未知年份/0000-00-00_45EC5830_IMG_3567.JPG,45EC5830_IMG_3567.JPG
KU0874,家庭生活,未知年份,,none,个人相册,0.7686,3,人物、孩子、艺术,02_家庭生活/未知年份/0000-00-00_465F9694_IMG_0219.PNG,465F9694_IMG_0219.PNG
KU1815,家庭生活,未知年份,,none,个人相册,0.6979,3,人物、孩子、材质,02_家庭生活/未知年份/0000-00-00_4662EAB0_IMG_0170.PNG,4662EAB0_IMG_0170.PNG
KU1155,家庭生活,未知年份,,none,个人相册,0.7484,7,人物、大人、孩子,02_家庭生活/未知年份/0000-00-00_46646684_IMG_0156.PNG,46646684_IMG_0156.PNG
KU2218,家庭生活,未知年份,,none,个人相册,0.6547,5,人物、大人、孩子,02_家庭生活/未知年份/0000-00-00_4886673D_IMG_9887.JPG,4886673D_IMG_9887.JPG
KU1509,家庭生活,未知年份,,none,个人相册,0.7237,1,建筑、人物、孩子,02_家庭生活/未知年份/0000-00-00_48B539AD_IMG_3661.JPG,48B539AD_IMG_3661.JPG
KU1946,家庭生活,未知年份,,none,个人相册,0.6863,8,人物、大人、孩子,02_家庭生活/未知年份/0000-00-00_495785BE_IMG_0165.PNG,495785BE_IMG_0165.PNG
KU2561,家庭生活,未知年份,,none,个人相册,0.5622,2,材质、curtain、pillow,02_家庭生活/未知年份/0000-00-00_4C205425_IMG_3304.JPG,4C205425_IMG_3304.JPG
KU2443,家庭生活,未知年份,,none,个人相册,0.6115,2,建筑、木制品、材质,02_家庭生活/未知年份/0000-00-00_4C4A474F_IMG_9032.JPG,4C4A474F_IMG_9032.JPG
KU0732,家庭生活,未知年份,,none,个人相册,0.7815,2,建筑、木制品、人物,02_家庭生活/未知年份/0000-00-00_4CA07749_IMG_3687.JPG,4CA07749_IMG_3687.JPG
KU1853,家庭生活,未知年份,,none,个人相册,0.6944,3,户外、蓝天、天空,02_家庭生活/未知年份/0000-00-00_4CAA14A7_IMG_2214.JPG,4CAA14A7_IMG_2214.JPG
KU1222,家庭生活,未知年份,,none,个人相册,0.7443,3,人物、孩子、建筑,02_家庭生活/未知年份/0000-00-00_4D39D4EA_IMG_0230.PNG,4D39D4EA_IMG_0230.PNG
KU1048,家庭生活,未知年份,,none,个人相册,0.7559,1,人物、孩子、建筑,02_家庭生活/未知年份/0000-00-00_506C64F7_IMG_3544.JPG,506C64F7_IMG_3544.JPG
KU0776,家庭生活,未知年份,,none,个人相册,0.7777,4,衣物、人物、孩子,02_家庭生活/未知年份/0000-00-00_5097DCC7_IMG_0157.PNG,5097DCC7_IMG_0157.PNG
KU2336,家庭生活,未知年份,,none,个人相册,0.6346,2,户外、天空、蓝天,02_家庭生活/未知年份/0000-00-00_51332974_IMG_2215.JPG,51332974_IMG_2215.JPG
KU0994,家庭生活,未知年份,,none,个人相册,0.7601,4,人物、孩子、衣物,02_家庭生活/未知年份/0000-00-00_521D113F_IMG_3534.JPG,521D113F_IMG_3534.JPG
KU1505,家庭生活,未知年份,,none,个人相册,0.724,1,户外、陆地、草地,02_家庭生活/未知年份/0000-00-00_53C6E8C4_IMG_9388.JPG,53C6E8C4_IMG_9388.JPG
KU1974,家庭生活,未知年份,,none,个人相册,0.6841,2,建筑、衣物、人物,02_家庭生活/未知年份/0000-00-00_5DCD468A_IMG_2474.JPG,5DCD468A_IMG_2474.JPG
KU2357,家庭生活,未知年份,,none,个人相册,0.6323,1,人物、孩子、teen,02_家庭生活/未知年份/0000-00-00_5F9D5BFF_IMG_8843.JPG,5F9D5BFF_IMG_8843.JPG
KU0478,家庭生活,未知年份,,none,个人相册,0.8497,1,建筑、木制品、人物,02_家庭生活/未知年份/0000-00-00_5FA13EF6_IMG_3573.JPG,5FA13EF6_IMG_3573.JPG
KU2393,家庭生活,未知年份,,none,个人相册,0.6235,10,人物、孩子、婴儿,02_家庭生活/未知年份/0000-00-00_617A9C8A_IMG_0167.PNG,617A9C8A_IMG_0167.PNG
KU2133,家庭生活,未知年份,,none,个人相册,0.6685,1,材质、织物、人物,02_家庭生活/未知年份/0000-00-00_61E9D5BC_IMG_0581.JPG,61E9D5BC_IMG_0581.JPG
KU1175,家庭生活,未知年份,,none,个人相册,0.7468,3,人物、孩子、建筑,02_家庭生活/未知年份/0000-00-00_63E62A55_IMG_0200.PNG,63E62A55_IMG_0200.PNG
KU1697,家庭生活,未知年份,,none,个人相册,0.708,1,人物、孩子、建筑,02_家庭生活/未知年份/0000-00-00_64B80B13_IMG_3593.JPG,64B80B13_IMG_3593.JPG
KU1757,家庭生活,未知年份,,none,个人相册,0.7029,8,建筑、人物、孩子,02_家庭生活/未知年份/0000-00-00_65F757A5_IMG_3654.JPG,65F757A5_IMG_3654.JPG
KU1368,家庭生活,未知年份,,none,个人相册,0.7342,2,人物、孩子、婴儿,02_家庭生活/未知年份/0000-00-00_66A20CBB_IMG_0188.PNG,66A20CBB_IMG_0188.PNG
KU1801,家庭生活,未知年份,,none,个人相册,0.6987,2,人物、孩子、大人,02_家庭生活/未知年份/0000-00-00_6737F76F_IMG_9822.JPG,6737F76F_IMG_9822.JPG
KU1928,家庭生活,未知年份,,none,个人相册,0.6878,2,人物、大人、建筑,02_家庭生活/未知年份/0000-00-00_67C8B468_IMG_9464.JPG,67C8B468_IMG_9464.JPG
KU1577,家庭生活,未知年份,,none,个人相册,0.7182,2,chess、games、人物,02_家庭生活/未知年份/0000-00-00_6A2DF422_IMG_0184.PNG,6A2DF422_IMG_0184.PNG
KU1560,家庭生活,未知年份,,none,个人相册,0.7198,2,人物、孩子、衣物,02_家庭生活/未知年份/0000-00-00_6E9F12B8_IMG_0186.PNG,6E9F12B8_IMG_0186.PNG
KU0923,家庭生活,未知年份,,none,个人相册,0.765,2,人物、孩子、大人,02_家庭生活/未知年份/0000-00-00_6F6C6180_IMG_0218.PNG,6F6C6180_IMG_0218.PNG
KU0568,家庭生活,未知年份,,none,个人相册,0.8057,2,人物、孩子、植物,02_家庭生活/未知年份/0000-00-00_7008F62D_IMG_3559.JPG,7008F62D_IMG_3559.JPG
KU2106,家庭生活,未知年份,,none,个人相册,0.6713,3,人物、孩子、婴儿,02_家庭生活/未知年份/0000-00-00_70D42940_IMG_0152.PNG,70D42940_IMG_0152.PNG
KU1559,家庭生活,未知年份,,none,个人相册,0.72,6,人物、孩子、艺术,02_家庭生活/未知年份/0000-00-00_74028714_IMG_0169.PNG,74028714_IMG_0169.PNG
KU1287,家庭生活,未知年份,,none,个人相册,0.7398,2,chess、games、人物,02_家庭生活/未知年份/0000-00-00_7456CCF8_IMG_0182.PNG,7456CCF8_IMG_0182.PNG
KU1510,家庭生活,未知年份,,none,个人相册,0.7237,4,人物、孩子、建筑,02_家庭生活/未知年份/0000-00-00_751B5C7D_IMG_3734.JPG,751B5C7D_IMG_3734.JPG
KU1430,家庭生活,未知年份,,none,个人相册,0.73,3,人物、孩子、建筑,02_家庭生活/未知年份/0000-00-00_753662CF_IMG_0202.PNG,753662CF_IMG_0202.PNG
KU1260,家庭生活,未知年份,,none,个人相册,0.7413,3,人物、孩子、建筑,02_家庭生活/未知年份/0000-00-00_7570C95A_IMG_0181.PNG,7570C95A_IMG_0181.PNG
KU1595,家庭生活,未知年份,,none,个人相册,0.7165,5,人物、孩子、大人,02_家庭生活/未知年份/0000-00-00_766B5244_IMG_0227.PNG,766B5244_IMG_0227.PNG
KU1308,家庭生活,未知年份,,none,个人相册,0.7381,1,建筑、木制品、人物,02_家庭生活/未知年份/0000-00-00_7797548F_IMG_1620.JPG,7797548F_IMG_1620.JPG
KU1871,家庭生活,未知年份,,none,个人相册,0.6929,1,建筑、人物、孩子,02_家庭生活/未知年份/0000-00-00_78980091_IMG_1385.JPG,78980091_IMG_1385.JPG
KU1068,家庭生活,未知年份,,none,个人相册,0.7547,2,人物、孩子、建筑,02_家庭生活/未知年份/0000-00-00_79B873E7_IMG_0204.PNG,79B873E7_IMG_0204.PNG
KU0978,家庭生活,未知年份,,none,个人相册,0.7611,1,chess、games、人物,02_家庭生活/未知年份/0000-00-00_7D70A5EE_IMG_0179.PNG,7D70A5EE_IMG_0179.PNG
KU0576,家庭生活,未知年份,,none,个人相册,0.8046,2,人物、孩子、植物,02_家庭生活/未知年份/0000-00-00_7F1AF453_IMG_3733.JPG,7F1AF453_IMG_3733.JPG
KU0618,家庭生活,未知年份,,none,个人相册,0.7964,2,人物、孩子、建筑,02_家庭生活/未知年份/0000-00-00_808057FB_IMG_3686.JPG,808057FB_IMG_3686.JPG
KU2291,家庭生活,未知年份,,none,个人相册,0.6418,1,户外、草地、陆地,02_家庭生活/未知年份/0000-00-00_81575AA0_IMG_0610.JPG,81575AA0_IMG_0610.JPG
KU1177,家庭生活,未知年份,,none,个人相册,0.7468,1,建筑、木制品、人物,02_家庭生活/未知年份/0000-00-00_831C064F_IMG_9028.JPG,831C064F_IMG_9028.JPG
KU1420,家庭生活,未知年份,,none,个人相册,0.7306,1,建筑、交通工具、台阶,02_家庭生活/未知年份/0000-00-00_8457F58C_IMG_3154.JPG,8457F58C_IMG_3154.JPG
KU2321,家庭生活,未知年份,,none,个人相册,0.6371,1,户外、天空、蓝天,02_家庭生活/未知年份/0000-00-00_852AA38A_IMG_2589.JPG,852AA38A_IMG_2589.JPG
KU1767,家庭生活,未知年份,,none,个人相册,0.7019,2,人物、孩子、大人,02_家庭生活/未知年份/0000-00-00_85DF2C2A_IMG_0195.PNG,85DF2C2A_IMG_0195.PNG
KU2398,家庭生活,未知年份,,none,个人相册,0.6221,3,户外、天空、蓝天,02_家庭生活/未知年份/0000-00-00_871C8375_IMG_2213.JPG,871C8375_IMG_2213.JPG
KU2362,家庭生活,未知年份,,none,个人相册,0.6314,1,人物、孩子、材质,02_家庭生活/未知年份/0000-00-00_876074BA_IMG_1232.JPG,876074BA_IMG_1232.JPG
KU1594,家庭生活,未知年份,,none,个人相册,0.7166,6,人物、大人、孩子,02_家庭生活/未知年份/0000-00-00_87ECD5ED_IMG_0154.PNG,87ECD5ED_IMG_0154.PNG
KU1785,家庭生活,未知年份,,none,个人相册,0.7,1,户外、天空、多云,02_家庭生活/未知年份/0000-00-00_8AEBEEB9_IMG_9785.JPG,8AEBEEB9_IMG_9785.JPG
KU2484,家庭生活,未知年份,,none,个人相册,0.5998,2,人物、孩子、cord,02_家庭生活/未知年份/0000-00-00_8AF096A9_IMG_9537.JPG,8AF096A9_IMG_9537.JPG
KU1728,家庭生活,未知年份,,none,个人相册,0.7057,1,人物、孩子、衣物,02_家庭生活/未知年份/0000-00-00_8CB80609_IMG_2500.JPG,8CB80609_IMG_2500.JPG
KU1529,家庭生活,未知年份,,none,个人相册,0.7221,3,人物、孩子、建筑,02_家庭生活/未知年份/0000-00-00_8DB82CD0_IMG_0232.PNG,8DB82CD0_IMG_0232.PNG
KU2312,家庭生活,未知年份,,none,个人相册,0.6389,1,人物、孩子、户外,02_家庭生活/未知年份/0000-00-00_8DEEAFA8_IMG_2755.JPG,8DEEAFA8_IMG_2755.JPG
KU1806,家庭生活,未知年份,,none,个人相册,0.6984,1,人物、孩子、玩具,02_家庭生活/未知年份/0000-00-00_8F060571_IMG_1411.JPG,8F060571_IMG_1411.JPG
KU1250,家庭生活,未知年份,,none,个人相册,0.7422,2,人物、孩子、建筑,02_家庭生活/未知年份/0000-00-00_9140AFD8_IMG_0206.PNG,9140AFD8_IMG_0206.PNG
KU1075,家庭生活,未知年份,,none,个人相册,0.7544,1,人物、孩子、建筑,02_家庭生活/未知年份/0000-00-00_919939FC_IMG_9784.JPG,919939FC_IMG_9784.JPG
KU0916,家庭生活,未知年份,,none,个人相册,0.7653,2,人物、孩子、衣物,02_家庭生活/未知年份/0000-00-00_91ABCFC3_IMG_0174.PNG,91ABCFC3_IMG_0174.PNG
KU0826,家庭生活,未知年份,,none,个人相册,0.7724,2,人物、孩子、建筑,02_家庭生活/未知年份/0000-00-00_92E7D29A_IMG_0234.PNG,92E7D29A_IMG_0234.PNG
KU1152,家庭生活,未知年份,,none,个人相册,0.7485,1,建筑、木制品、人物,02_家庭生活/未知年份/0000-00-00_9300AFF5_IMG_9336.JPG,9300AFF5_IMG_9336.JPG
KU2534,家庭生活,未知年份,,none,个人相册,0.58,1,建筑、木制品、材质,02_家庭生活/未知年份/0000-00-00_93E33666_IMG_1497.JPG,93E33666_IMG_1497.JPG
KU1796,家庭生活,未知年份,,none,个人相册,0.6989,3,人物、大人、婴儿,02_家庭生活/未知年份/0000-00-00_97D14C66_IMG_0148.PNG,97D14C66_IMG_0148.PNG
KU1773,家庭生活,未知年份,,none,个人相册,0.7014,1,建筑、户外、围栏,02_家庭生活/未知年份/0000-00-00_9A973190_IMG_2574.JPG,9A973190_IMG_2574.JPG
KU1758,家庭生活,未知年份,,none,个人相册,0.7027,3,人物、孩子、建筑,02_家庭生活/未知年份/0000-00-00_9B9D05D1_IMG_0175.PNG,9B9D05D1_IMG_0175.PNG
KU1536,家庭生活,未知年份,,none,个人相册,0.7217,1,建筑、木制品、人物,02_家庭生活/未知年份/0000-00-00_9C135B8E_IMG_9566.JPG,9C135B8E_IMG_9566.JPG
KU1604,家庭生活,未知年份,,none,个人相册,0.7159,2,建筑、人物、大人,02_家庭生活/未知年份/0000-00-00_9C7E662D_IMG_2475.JPG,9C7E662D_IMG_2475.JPG
KU2240,家庭生活,未知年份,,none,个人相册,0.6507,3,户外、天空、蓝天,02_家庭生活/未知年份/0000-00-00_9D012E9F_IMG_2211.JPG,9D012E9F_IMG_2211.JPG
KU1434,家庭生活,未知年份,,none,个人相册,0.7299,6,人物、孩子、衣物,02_家庭生活/未知年份/0000-00-00_9EDAD314_IMG_0143.PNG,9EDAD314_IMG_0143.PNG
KU1867,家庭生活,未知年份,,none,个人相册,0.6932,2,人物、大人、孩子,02_家庭生活/未知年份/0000-00-00_9F45C3DE_IMG_9821.JPG,9F45C3DE_IMG_9821.JPG
KU1766,家庭生活,未知年份,,none,个人相册,0.7019,1,人物、孩子、建筑,02_家庭生活/未知年份/0000-00-00_A0C834E0_IMG_3305.JPG,A0C834E0_IMG_3305.JPG
KU1218,家庭生活,未知年份,,none,个人相册,0.7446,1,人物、孩子、建筑,02_家庭生活/未知年份/0000-00-00_A1210EE7_IMG_3153.JPG,A1210EE7_IMG_3153.JPG
KU1468,家庭生活,未知年份,,none,个人相册,0.7272,5,人物、孩子、婴儿,02_家庭生活/未知年份/0000-00-00_A54B4622_IMG_0226.PNG,A54B4622_IMG_0226.PNG
KU2088,家庭生活,未知年份,,none,个人相册,0.674,2,人物、孩子、大人,02_家庭生活/未知年份/0000-00-00_A81BF85A_IMG_0191.PNG,A81BF85A_IMG_0191.PNG
KU1689,家庭生活,未知年份,,none,个人相册,0.7085,2,人物、孩子、材质,02_家庭生活/未知年份/0000-00-00_A9165473_IMG_0172.PNG,A9165473_IMG_0172.PNG
KU1079,家庭生活,未知年份,,none,个人相册,0.7539,2,人物、孩子、建筑,02_家庭生活/未知年份/0000-00-00_AC881C41_IMG_0231.PNG,AC881C41_IMG_0231.PNG
KU1395,家庭生活,未知年份,,none,个人相册,0.7325,1,人物、孩子、陆地,02_家庭生活/未知年份/0000-00-00_AD6CD895_IMG_3572.JPG,AD6CD895_IMG_3572.JPG
KU1315,家庭生活,未知年份,,none,个人相册,0.7377,2,人物、孩子、大人,02_家庭生活/未知年份/0000-00-00_AE2EB05D_IMG_0180.PNG,AE2EB05D_IMG_0180.PNG
KU2287,家庭生活,未知年份,,none,个人相册,0.6421,2,人物、孩子、建筑,02_家庭生活/未知年份/0000-00-00_AF7FF8E4_IMG_9942.JPG,AF7FF8E4_IMG_9942.JPG
KU1173,家庭生活,未知年份,,none,个人相册,0.747,4,人物、孩子、婴儿,02_家庭生活/未知年份/0000-00-00_AF97B0CC_IMG_0159.PNG,AF97B0CC_IMG_0159.PNG
KU0530,家庭生活,未知年份,,none,个人相册,0.8153,5,人物、孩子、建筑,02_家庭生活/未知年份/0000-00-00_B127FF56_IMG_3685.JPG,B127FF56_IMG_3685.JPG
KU1317,家庭生活,未知年份,,none,个人相册,0.7376,3,人物、孩子、container,02_家庭生活/未知年份/0000-00-00_B1AD6659_IMG_0215.PNG,B1AD6659_IMG_0215.PNG
KU1816,家庭生活,未知年份,,none,个人相册,0.6979,2,人物、孩子、fishbowl,02_家庭生活/未知年份/0000-00-00_B1D25912_IMG_0193.PNG,B1D25912_IMG_0193.PNG
KU0928,家庭生活,未知年份,,none,个人相册,0.7644,1,人物、孩子、建筑,02_家庭生活/未知年份/0000-00-00_B2ABEF4F_IMG_1913.JPG,B2ABEF4F_IMG_1913.JPG
KU1110,家庭生活,未知年份,,none,个人相册,0.7518,1,人物、孩子、建筑,02_家庭生活/未知年份/0000-00-00_B84AEB61_IMG_3549.JPG,B84AEB61_IMG_3549.JPG
KU1755,家庭生活,未知年份,,none,个人相册,0.703,1,材质、织物、人物,02_家庭生活/未知年份/0000-00-00_B8949A76_IMG_1166.JPG,B8949A76_IMG_1166.JPG
KU2465,家庭生活,未知年份,,none,个人相册,0.6049,1,人物、孩子、建筑,02_家庭生活/未知年份/0000-00-00_B973272C_IMG_9375.JPG,B973272C_IMG_9375.JPG
KU0957,家庭生活,未知年份,,none,个人相册,0.7623,3,chess、games、人物,02_家庭生活/未知年份/0000-00-00_B9E5B513_IMG_0183.PNG,B9E5B513_IMG_0183.PNG
KU1404,家庭生活,未知年份,,none,个人相册,0.7319,3,人物、孩子、建筑,02_家庭生活/未知年份/0000-00-00_BAC964C0_IMG_9370.JPG,BAC964C0_IMG_9370.JPG
KU1327,家庭生活,未知年份,,none,个人相册,0.7369,6,人物、孩子、大人,02_家庭生活/未知年份/0000-00-00_BB34AA20_IMG_0149.PNG,BB34AA20_IMG_0149.PNG
KU1095,家庭生活,未知年份,,none,个人相册,0.7531,2,人物、孩子、document,02_家庭生活/未知年份/0000-00-00_BBF95484_IMG_0208.PNG,BBF95484_IMG_0208.PNG
KU2039,家庭生活,未知年份,,none,个人相册,0.6781,2,人物、eyeglasses、optical_equipment,02_家庭生活/未知年份/0000-00-00_BE25E10A_IMG_0573.JPG,BE25E10A_IMG_0573.JPG
KU1641,家庭生活,未知年份,,none,个人相册,0.7125,3,人物、孩子、婴儿,02_家庭生活/未知年份/0000-00-00_BF313994_IMG_0190.PNG,BF313994_IMG_0190.PNG
KU1786,家庭生活,未知年份,,none,个人相册,0.7,3,人物、孩子、大人,02_家庭生活/未知年份/0000-00-00_C1435D74_IMG_0177.PNG,C1435D74_IMG_0177.PNG
KU2342,家庭生活,未知年份,,none,个人相册,0.6338,2,建筑、人物、孩子,02_家庭生活/未知年份/0000-00-00_C22C7B27_IMG_0196.PNG,C22C7B27_IMG_0196.PNG
KU0884,家庭生活,未知年份,,none,个人相册,0.7676,2,人物、孩子、建筑,02_家庭生活/未知年份/0000-00-00_C230E34E_IMG_0209.PNG,C230E34E_IMG_0209.PNG
KU0869,家庭生活,未知年份,,none,个人相册,0.7691,6,人物、大人、孩子,02_家庭生活/未知年份/0000-00-00_C38EAD79_IMG_0144.PNG,C38EAD79_IMG_0144.PNG
KU2120,家庭生活,未知年份,,none,个人相册,0.6697,2,人物、孩子、艺术,02_家庭生活/未知年份/0000-00-00_C3D0A0AC_IMG_0220.PNG,C3D0A0AC_IMG_0220.PNG
KU2502,家庭生活,未知年份,,none,个人相册,0.5945,5,户外、陆地、草地,02_家庭生活/未知年份/0000-00-00_C7E23C81_IMG_9461.JPG,C7E23C81_IMG_9461.JPG
KU1633,家庭生活,未知年份,,none,个人相册,0.7134,2,人物、孩子、大人,02_家庭生活/未知年份/0000-00-00_CC87E910_IMG_0222.PNG,CC87E910_IMG_0222.PNG
KU1955,家庭生活,未知年份,,none,个人相册,0.6858,1,人物、孩子、document,02_家庭生活/未知年份/0000-00-00_CCCCDAD3_IMG_0194.PNG,CCCCDAD3_IMG_0194.PNG
KU0993,家庭生活,未知年份,,none,个人相册,0.7602,1,人物、婴儿、材质,02_家庭生活/未知年份/0000-00-00_CD5E2EE0_IMG_3560.JPG,CD5E2EE0_IMG_3560.JPG
KU2188,家庭生活,未知年份,,none,个人相册,0.6604,11,人物、大人、孩子,02_家庭生活/未知年份/0000-00-00_CE703706_IMG_0166.PNG,CE703706_IMG_0166.PNG
KU1392,家庭生活,未知年份,,none,个人相册,0.7327,3,人物、孩子、建筑,02_家庭生活/未知年份/0000-00-00_CE9C0CF5_IMG_0212.PNG,CE9C0CF5_IMG_0212.PNG
KU1039,家庭生活,未知年份,,none,个人相册,0.7566,1,户外、建筑、天空,02_家庭生活/未知年份/0000-00-00_CEF3EB6B_IMG_2575.JPG,CEF3EB6B_IMG_2575.JPG
KU1458,家庭生活,未知年份,,none,个人相册,0.7281,1,人物、孩子、大人,02_家庭生活/未知年份/0000-00-00_D265A837_IMG_9378.JPG,D265A837_IMG_9378.JPG
KU1414,家庭生活,未知年份,,none,个人相册,0.731,1,人物、孩子、大人,02_家庭生活/未知年份/0000-00-00_D338B1C2_IMG_0217.PNG,D338B1C2_IMG_0217.PNG
KU2373,家庭生活,未知年份,,none,个人相册,0.6294,1,fishbowl、建筑、人物,02_家庭生活/未知年份/0000-00-00_D4D98DB1_IMG_0189.PNG,D4D98DB1_IMG_0189.PNG
KU1288,家庭生活,未知年份,,none,个人相册,0.7397,3,人物、孩子、婴儿,02_家庭生活/未知年份/0000-00-00_D7699086_IMG_0187.PNG,D7699086_IMG_0187.PNG
KU1749,家庭生活,未知年份,,none,个人相册,0.7038,1,建筑、人物、孩子,02_家庭生活/未知年份/0000-00-00_D8E5E941_IMG_9480.JPG,D8E5E941_IMG_9480.JPG
KU2003,家庭生活,未知年份,,none,个人相册,0.6815,3,人物、孩子、document,02_家庭生活/未知年份/0000-00-00_D975B4E2_IMG_0198.PNG,D975B4E2_IMG_0198.PNG
KU1178,家庭生活,未知年份,,none,个人相册,0.7467,2,人物、孩子、婴儿,02_家庭生活/未知年份/0000-00-00_DA65EA66_IMG_0216.PNG,DA65EA66_IMG_0216.PNG
KU1950,家庭生活,未知年份,,none,个人相册,0.6861,8,建筑、人物、孩子,02_家庭生活/未知年份/0000-00-00_DB737443_IMG_3655.JPG,DB737443_IMG_3655.JPG
KU2273,家庭生活,未知年份,,none,个人相册,0.645,3,户外、天空、蓝天,02_家庭生活/未知年份/0000-00-00_E1EB0201_IMG_2212.JPG,E1EB0201_IMG_2212.JPG
KU1551,家庭生活,未知年份,,none,个人相册,0.7205,1,人物、孩子、衣物,02_家庭生活/未知年份/0000-00-00_E2BD4AB3_IMG_2501.JPG,E2BD4AB3_IMG_2501.JPG
KU0833,家庭生活,未知年份,,none,个人相册,0.772,4,人物、孩子、衣物,02_家庭生活/未知年份/0000-00-00_E348EE02_IMG_0223.PNG,E348EE02_IMG_0223.PNG
KU1659,家庭生活,未知年份,,none,个人相册,0.711,3,人物、孩子、建筑,02_家庭生活/未知年份/0000-00-00_E38B9728_IMG_0221.PNG,E38B9728_IMG_0221.PNG
KU1847,家庭生活,未知年份,,none,个人相册,0.695,1,人物、孩子、玩具,02_家庭生活/未知年份/0000-00-00_E7D63157_IMG_9667.JPG,E7D63157_IMG_9667.JPG
KU1136,家庭生活,未知年份,,none,个人相册,0.7499,3,人物、孩子、建筑,02_家庭生活/未知年份/0000-00-00_E839B205_IMG_0233.PNG,E839B205_IMG_0233.PNG
KU0742,家庭生活,未知年份,,none,个人相册,0.7807,2,人物、孩子、建筑,02_家庭生活/未知年份/0000-00-00_E9C913B8_IMG_3660.JPG,E9C913B8_IMG_3660.JPG
KU0480,家庭生活,未知年份,,none,个人相册,0.8477,1,建筑、孩子、人物,02_家庭生活/未知年份/0000-00-00_E9EEB4DA_IMG_3652.JPG,E9EEB4DA_IMG_3652.JPG
KU1331,家庭生活,未知年份,,none,个人相册,0.7367,1,人物、孩子、材质,02_家庭生活/未知年份/0000-00-00_E9F91F4D_IMG_3688.JPG,E9F91F4D_IMG_3688.JPG
KU2408,家庭生活,未知年份,,none,个人相册,0.6197,2,人物、孩子、户外,02_家庭生活/未知年份/0000-00-00_EA8440E1_IMG_9941.JPG,EA8440E1_IMG_9941.JPG
KU1386,家庭生活,未知年份,,none,个人相册,0.733,5,人物、孩子、大人,02_家庭生活/未知年份/0000-00-00_ED2FBD7A_IMG_0161.PNG,ED2FBD7A_IMG_0161.PNG
KU1695,家庭生活,未知年份,,none,个人相册,0.7081,3,chess、games、人物,02_家庭生活/未知年份/0000-00-00_ED42DD29_IMG_0185.PNG,ED42DD29_IMG_0185.PNG
KU1612,家庭生活,未知年份,,none,个人相册,0.7154,3,人物、孩子、建筑,02_家庭生活/未知年份/0000-00-00_EF3551DB_IMG_3545.JPG,EF3551DB_IMG_3545.JPG
KU0555,家庭生活,未知年份,,none,个人相册,0.8087,1,人物、孩子、餐具,02_家庭生活/未知年份/0000-00-00_F15DAAF7_IMG_3730.JPG,F15DAAF7_IMG_3730.JPG
KU1621,家庭生活,未知年份,,none,个人相册,0.7145,2,人物、孩子、材质,02_家庭生活/未知年份/0000-00-00_F1CABE6F_IMG_9492.JPG,F1CABE6F_IMG_9492.JPG
KU2487,家庭生活,未知年份,,none,个人相册,0.599,1,人物、孩子、建筑,02_家庭生活/未知年份/0000-00-00_F231AF4E_IMG_3081.JPG,F231AF4E_IMG_3081.JPG
KU1059,家庭生活,未知年份,,none,个人相册,0.7554,1,人物、孩子、材质,02_家庭生活/未知年份/0000-00-00_F996D325_IMG_1659.JPG,F996D325_IMG_1659.JPG
KU1416,家庭生活,未知年份,,none,个人相册,0.7309,6,人物、大人、孩子,02_家庭生活/未知年份/0000-00-00_FC9A7DA2_IMG_0228.PNG,FC9A7DA2_IMG_0228.PNG
KU1855,家庭生活,未知年份,,none,个人相册,0.6942,3,人物、大人、孩子,02_家庭生活/未知年份/0000-00-00_FCEC263D_IMG_0153.PNG,FCEC263D_IMG_0153.PNG
KU1580,家庭生活,未知年份,,none,个人相册,0.7178,1,人物、孩子、大人,02_家庭生活/未知年份/0000-00-00_FD4BAAA8_IMG_0211.PNG,FD4BAAA8_IMG_0211.PNG
KU2283,家庭生活,未知年份,,none,个人相册,0.6435,3,人物、孩子、建筑,02_家庭生活/未知年份/0000-00-00_FDDF6419_IMG_9503.JPG,FDDF6419_IMG_9503.JPG
KU1672,家庭生活,未知年份,,none,个人相册,0.7097,6,人物、孩子、martial_arts,02_家庭生活/未知年份/0000-00-00_FDE90649_IMG_0158.PNG,FDE90649_IMG_0158.PNG
KU1902,家庭生活,未知年份,,none,个人相册,0.6899,4,人物、大人、孩子,02_家庭生活/未知年份/0000-00-00_FE047192_IMG_0917.JPG,FE047192_IMG_0917.JPG
KU2432,家庭生活,未知年份,,none,个人相册,0.6152,4,人物、大人、户外,02_家庭生活/未知年份/0000-00-00_IMG_20260102_090348.jpg,IMG_20260102_090348.jpg
KU1108,家庭生活,未知年份,,none,个人相册,0.752,5,人物、大人、户外,02_家庭生活/未知年份/0000-00-00_IMG_20260103_094519.jpg,IMG_20260103_094519.jpg
KU0752,家庭生活,未知年份,,none,个人相册,0.7799,1,建筑、户外、天空,02_家庭生活/未知年份/0000-00-00_IMG_9479.JPG,IMG_9479.JPG
KU1042,家庭生活,未知年份,,none,个人相册,0.7563,1,建筑、围栏、人物,02_家庭生活/未知年份/0000-00-00_IMG_9480.JPG,IMG_9480.JPG
KU0676,家庭生活,未知年份,,none,个人相册,0.7882,1,户外、天空、建筑,02_家庭生活/未知年份/0000-00-00_IMG_9481.JPG,IMG_9481.JPG
KU0590,家庭生活,未知年份,,none,个人相册,0.8018,1,建筑、围栏、optical_equipment,02_家庭生活/未知年份/0000-00-00_IMG_9482.JPG,IMG_9482.JPG
KU2056,家庭生活,未知年份,,none,个人相册,0.677,1,建筑、木制品、衣物,02_家庭生活/未知年份/2028-04-11_dreamina_7605183907062975795_1770719917976.jpg,dreamina_7605183907062975795_1770719917976.jpg
KU2053,家庭生活,未知年份,,none,个人相册,0.6773,1,建筑、木制品、人物,02_家庭生活/未知年份/2028-04-11_dreamina_7605183907062992179_1770719921492.jpg,dreamina_7605183907062992179_1770719921492.jpg
KU2081,家庭生活,未知年份,,none,个人相册,0.6746,1,建筑、木制品、人物,02_家庭生活/未知年份/2028-04-11_dreamina_7605183907063008563_1770719924806.jpg,dreamina_7605183907063008563_1770719924806.jpg
KU1921,家庭生活,未知年份,,none,个人相册,0.6887,1,建筑、木制品、衣物,02_家庭生活/未知年份/2028-04-11_dreamina_7605183907063024947_1770719928788.jpg,dreamina_7605183907063024947_1770719928788.jpg
KU1923,家庭生活,未知年份,,none,个人相册,0.6885,1,人物、孩子、材质,02_家庭生活/未知年份/2028-11-09_dreamina_7605185732541484326_1770720336394.jpg,dreamina_7605185732541484326_1770720336394.jpg
KU1736,家庭生活,未知年份,,none,个人相册,0.7052,1,人物、孩子、衣物,02_家庭生活/未知年份/2028-11-09_dreamina_7605185732541517094_1770720341737.jpg,dreamina_7605185732541517094_1770720341737.jpg
KU1407,幼儿园,家长拍摄·2024,2024-07-21,day,个人相册,0.7317,7,人物、大人、建筑,01_幼儿园/家长拍摄·2024/1E799BAF_IMG_9863.jpg,1E799BAF_IMG_9863.jpg
KU1827,幼儿园,家长拍摄·2024,2024-07-21,day,个人相册,0.6971,6,人物、大人、建筑,01_幼儿园/家长拍摄·2024/8C27812C_IMG_9866.jpg,8C27812C_IMG_9866.jpg
KU2366,幼儿园,家长拍摄·2025,2025-07-12,day,个人相册,0.6307,6,人物、大人、材质,01_幼儿园/家长拍摄·2025/81554F47_IMG_3504.jpg,81554F47_IMG_3504.jpg
KU0925,幼儿园,家长拍摄·2025,2025-07-28,day,个人相册,0.7647,4,人物、孩子、建筑,01_幼儿园/家长拍摄·2025/mmexport1753693098625.jpg,mmexport1753693098625.jpg
KU0533,幼儿园,家长拍摄·2025,2025-07-29,day,个人相册,0.8152,1,建筑、木制品、人物,01_幼儿园/家长拍摄·2025/mmexport1753780059742.jpg,mmexport1753780059742.jpg
KU1268,幼儿园,家长拍摄·2025,2025-08-05,day,个人相册,0.7409,5,人物、孩子、建筑,01_幼儿园/家长拍摄·2025/mmexport1754383258524.jpg,mmexport1754383258524.jpg
KU2011,幼儿园,家长拍摄·2025,2025-08-05,day,个人相册,0.6808,3,人物、孩子、建筑,01_幼儿园/家长拍摄·2025/mmexport1754383271409.jpg,mmexport1754383271409.jpg
KU1045,幼儿园,家长拍摄·2025,2025-08-05,day,个人相册,0.7561,5,人物、孩子、建筑,01_幼儿园/家长拍摄·2025/mmexport1754383329711.jpg,mmexport1754383329711.jpg
KU1343,幼儿园,家长拍摄·2025,2025-08-05,day,个人相册,0.7357,3,人物、孩子、建筑,01_幼儿园/家长拍摄·2025/mmexport1754383341374.jpg,mmexport1754383341374.jpg
KU1010,幼儿园,家长拍摄·2025,2025-08-05,day,个人相册,0.759,3,人物、孩子、衣物,01_幼儿园/家长拍摄·2025/mmexport1754383352034.jpg,mmexport1754383352034.jpg
KU0678,幼儿园,家长拍摄·2025,2025-08-05,day,个人相册,0.7879,5,建筑、木制品、人物,01_幼儿园/家长拍摄·2025/mmexport1754383357874.jpg,mmexport1754383357874.jpg
KU1071,幼儿园,家长拍摄·2025,2025-08-06,day,个人相册,0.7546,4,人物、孩子、建筑,01_幼儿园/家长拍摄·2025/mmexport1754470909961.jpg,mmexport1754470909961.jpg
KU0773,幼儿园,家长拍摄·2025,2025-08-08,day,个人相册,0.778,3,人物、孩子、材质,01_幼儿园/家长拍摄·2025/mmexport1754645179614.jpg,mmexport1754645179614.jpg
KU0487,幼儿园,家长拍摄·2025,2025-08-11,day,个人相册,0.8422,3,人物、孩子、植物,01_幼儿园/家长拍摄·2025/mmexport1754903274989.jpg,mmexport1754903274989.jpg
KU0945,幼儿园,家长拍摄·2025,2025-08-13,day,个人相册,0.7631,3,人物、孩子、建筑,01_幼儿园/家长拍摄·2025/mmexport1755075142671.jpg,mmexport1755075142671.jpg
KU2434,幼儿园,家长拍摄·2025,2025-08-15,day,个人相册,0.6147,7,人物、孩子、建筑,01_幼儿园/家长拍摄·2025/mmexport1755248638692.jpg,mmexport1755248638692.jpg
KU0792,幼儿园,家长拍摄·2025,2025-08-18,day,个人相册,0.7755,4,人物、孩子、衣物,01_幼儿园/家长拍摄·2025/mmexport1755508406451.jpg,mmexport1755508406451.jpg
KU0824,幼儿园,家长拍摄·2025,2025-08-18,day,个人相册,0.7726,3,人物、孩子、建筑,01_幼儿园/家长拍摄·2025/mmexport1755508409466.jpg,mmexport1755508409466.jpg
KU0728,幼儿园,家长拍摄·2025,2025-08-18,day,个人相册,0.7825,5,人物、孩子、衣物,01_幼儿园/家长拍摄·2025/mmexport1755508423889.jpg,mmexport1755508423889.jpg
KU2070,幼儿园,家长拍摄·2025,2025-08-19,day,个人相册,0.6755,1,建筑、孩子、人物,01_幼儿园/家长拍摄·2025/mmexport1755594953669.jpg,mmexport1755594953669.jpg
KU1768,幼儿园,家长拍摄·2025,2025-08-19,day,个人相册,0.7019,5,人物、孩子、衣物,01_幼儿园/家长拍摄·2025/mmexport1755594971931.jpg,mmexport1755594971931.jpg
KU0646,幼儿园,家长拍摄·2025,2025-08-20,day,个人相册,0.7933,4,人物、孩子、建筑,01_幼儿园/家长拍摄·2025/mmexport1755684789234.jpg,mmexport1755684789234.jpg
KU2001,幼儿园,家长拍摄·2025,2025-08-22,day,个人相册,0.6817,5,人物、孩子、建筑,01_幼儿园/家长拍摄·2025/mmexport1755870521604.jpg,mmexport1755870521604.jpg
QZ0381,幼儿园,小班 · 2025年9月 · 开学,2025-09,month,班级相册,0.62,16,人物、建筑、人群,01_幼儿园/2025-09_小班开学/V5bCgAxMDU4OTkwMDk1.tW6aAqLSDg.jpg,九月份/V5bCgAxMDU4OTkwMDk1.tW6aAqLSDg.jpg
QZ0317,幼儿园,小班 · 2025年9月 · 开学,2025-09,month,班级相册,0.674,2,衣物、鞋类、鞋,01_幼儿园/2025-09_小班开学/V5bCgAxMDU4OTkwMDk13vUaOzuyCU.jpg,九月份/V5bCgAxMDU4OTkwMDk13vUaOzuyCU.jpg
QZ0190,幼儿园,小班 · 2025年9月 · 开学,2025-09,month,班级相册,0.7457,5,人物、孩子、office_supplies,01_幼儿园/2025-09_小班开学/V5bCgAxMDU4OTkwMDk16hW4aHR6xY.jpg,九月份/V5bCgAxMDU4OTkwMDk16hW4aHR6xY.jpg
QZ0294,幼儿园,小班 · 2025年9月 · 开学,2025-09,month,班级相册,0.6905,4,人物、孩子、机械,01_幼儿园/2025-09_小班开学/V5bCgAxMDU4OTkwMDk19GLNaDbmkCg.jpg,九月份/V5bCgAxMDU4OTkwMDk19GLNaDbmkCg.jpg
QZ0191,幼儿园,小班 · 2025年9月 · 开学,2025-09,month,班级相册,0.7453,12,人物、孩子、人群,01_幼儿园/2025-09_小班开学/V5bCgAxMDU4OTkwMDk1HPrYaOje1xA.jpg,九月份/V5bCgAxMDU4OTkwMDk1HPrYaOje1xA.jpg
QZ0343,幼儿园,小班 · 2025年9月 · 开学,2025-09,month,班级相册,0.6477,10,人物、孩子、人群,01_幼儿园/2025-09_小班开学/V5bCgAxMDU4OTkwMDk1HfrYaHGr0RA.jpg,九月份/V5bCgAxMDU4OTkwMDk1HfrYaHGr0RA.jpg
QZ0393,幼儿园,小班 · 2025年9月 · 开学,2025-09,month,班级相册,0.6093,7,人物、建筑、围栏,01_幼儿园/2025-09_小班开学/V5bCgAxMDU4OTkwMDk1HrYaNi5GxE.jpg,九月份/V5bCgAxMDU4OTkwMDk1HrYaNi5GxE.jpg
QZ0131,幼儿园,小班 · 2025年9月 · 开学,2025-09,month,班级相册,0.7752,7,人物、孩子、建筑,01_幼儿园/2025-09_小班开学/V5bCgAxMDU4OTkwMDk1HvrYaLBfVhE.jpg,九月份/V5bCgAxMDU4OTkwMDk1HvrYaLBfVhE.jpg
QZ0081,幼儿园,小班 · 2025年9月 · 开学,2025-09,month,班级相册,0.7995,1,人物、孩子、户外,01_幼儿园/2025-09_小班开学/V5bCgAxMDU4OTkwMDk1YiTBaF3UHRA.jpg,九月份/V5bCgAxMDU4OTkwMDk1YiTBaF3UHRA.jpg
QZ0092,幼儿园,小班 · 2025年9月 · 开学,2025-09,month,班级相册,0.7926,1,人物、孩子、大人,01_幼儿园/2025-09_小班开学/V5bCgAxMDU4OTkwMDk1YyTBaKkHRA.jpg,九月份/V5bCgAxMDU4OTkwMDk1YyTBaKkHRA.jpg
QZ0303,幼儿园,小班 · 2025年9月 · 开学,2025-09,month,班级相册,0.6865,4,人物、孩子、建筑,01_幼儿园/2025-09_小班开学/V5bCgAxMDU4OTkwMDk1Z5PWaJoBKjg.jpg,九月份/V5bCgAxMDU4OTkwMDk1Z5PWaJoBKjg.jpg
QZ0236,幼儿园,小班 · 2025年9月 · 开学,2025-09,month,班级相册,0.7193,6,人物、孩子、建筑,01_幼儿园/2025-09_小班开学/V5bCgAxMDU4OTkwMDk1aJPWaOQ08Dc.jpg,九月份/V5bCgAxMDU4OTkwMDk1aJPWaOQ08Dc.jpg
QZ0301,幼儿园,小班 · 2025年9月 · 开学,2025-09,month,班级相册,0.6871,7,人物、建筑、木制品,01_幼儿园/2025-09_小班开学/V5bCgAxMDU4OTkwMDk1bvKaFWaCTg.jpg,九月份/V5bCgAxMDU4OTkwMDk1bvKaFWaCTg.jpg
QZ0287,幼儿园,小班 · 2025年9月 · 开学,2025-09,month,班级相册,0.6932,1,人物、孩子、衣物,01_幼儿园/2025-09_小班开学/V5bCgAxMDU4OTkwMDk1cgbIaPSmCRQ.jpg,九月份/V5bCgAxMDU4OTkwMDk1cgbIaPSmCRQ.jpg
QZ0227,幼儿园,小班 · 2025年9月 · 开学,2025-09,month,班级相册,0.7266,1,人物、孩子、衣物,01_幼儿园/2025-09_小班开学/V5bCgAxMDU4OTkwMDk1dAbIaFeqBBQ.jpg,九月份/V5bCgAxMDU4OTkwMDk1dAbIaFeqBBQ.jpg
QZ0454,幼儿园,小班 · 2025年9月 · 开学,2025-09,month,班级相册,0.5567,12,人物、材质、建筑,01_幼儿园/2025-09_小班开学/V5bCgAxMDU4OTkwMDk1dW6aPvzQjg.jpg,九月份/V5bCgAxMDU4OTkwMDk1dW6aPvzQjg.jpg
QZ0238,幼儿园,小班 · 2025年9月 · 开学,2025-09,month,班级相册,0.7187,5,人物、孩子、建筑,01_幼儿园/2025-09_小班开学/V5bCgAxMDU4OTkwMDk1eiJaHkODRc.jpg,九月份/V5bCgAxMDU4OTkwMDk1eiJaHkODRc.jpg
QZ0213,幼儿园,小班 · 2025年9月 · 开学,2025-09,month,班级相册,0.732,4,人物、孩子、建筑,01_幼儿园/2025-09_小班开学/V5bCgAxMDU4OTkwMDk1exC4aKFJhhI.jpg,九月份/V5bCgAxMDU4OTkwMDk1exC4aKFJhhI.jpg
QZ0279,幼儿园,小班 · 2025年9月 · 开学,2025-09,month,班级相册,0.6974,1,人物、孩子、材质,01_幼儿园/2025-09_小班开学/V5bCgAxMDU4OTkwMDk1fvKaLxS2zc.jpg,九月份/V5bCgAxMDU4OTkwMDk1fvKaLxS2zc.jpg
QZ0423,幼儿园,小班 · 2025年9月 · 开学,2025-09,month,班级相册,0.5825,1,人物、孩子、建筑,01_幼儿园/2025-09_小班开学/V5bCgAxMDU4OTkwMDk1gyTBaCcoqw8.jpg,九月份/V5bCgAxMDU4OTkwMDk1gyTBaCcoqw8.jpg
QZ0034,幼儿园,小班 · 2025年9月 · 开学,2025-09,month,班级相册,0.8316,4,人物、孩子、建筑,01_幼儿园/2025-09_小班开学/V5bCgAxMDU4OTkwMDk1juC4aEC9CiQ.jpg,九月份/V5bCgAxMDU4OTkwMDk1juC4aEC9CiQ.jpg
QZ0415,幼儿园,小班 · 2025年9月 · 开学,2025-09,month,班级相册,0.5921,3,人物、孩子、材质,01_幼儿园/2025-09_小班开学/V5bCgAxMDU4OTkwMDk1kYPKaLC3.Rk.jpg,九月份/V5bCgAxMDU4OTkwMDk1kYPKaLC3.Rk.jpg
QZ0104,幼儿园,小班 · 2025年9月 · 开学,2025-09,month,班级相册,0.7843,1,建筑、木制品、人物,01_幼儿园/2025-09_小班开学/V5bCgAxMDU4OTkwMDk1l.C4aIDU4yM.jpg,九月份/V5bCgAxMDU4OTkwMDk1l.C4aIDU4yM.jpg
QZ0097,幼儿园,小班 · 2025年9月 · 开学,2025-09,month,班级相册,0.7868,1,人物、孩子、建筑,01_幼儿园/2025-09_小班开学/V5bCgAxMDU4OTkwMDk1p8K6aAY4ZQM.jpg,九月份/V5bCgAxMDU4OTkwMDk1p8K6aAY4ZQM.jpg
QZ0184,幼儿园,小班 · 2025年9月 · 开学,2025-09,month,班级相册,0.7517,2,人物、孩子、utensil,01_幼儿园/2025-09_小班开学/V5bCgAxMDU4OTkwMDk1pAjZaAeoZQM.jpg,九月份/V5bCgAxMDU4OTkwMDk1pAjZaAeoZQM.jpg
QZ0094,幼儿园,小班 · 2025年9月 · 开学,2025-09,month,班级相册,0.7906,4,人物、孩子、建筑,01_幼儿园/2025-09_小班开学/V5bCgAxMDU4OTkwMDk1qNO2aMNiehQ.jpg,九月份/V5bCgAxMDU4OTkwMDk1qNO2aMNiehQ.jpg
QZ0426,幼儿园,小班 · 2025年9月 · 开学,2025-09,month,班级相册,0.5808,2,cord、rope、人物,01_幼儿园/2025-09_小班开学/V5bCgAxMDU4OTkwMDk1s866aDTPkgY.jpg,九月份/V5bCgAxMDU4OTkwMDk1s866aDTPkgY.jpg
QZ0271,幼儿园,小班 · 2025年9月 · 开学,2025-09,month,班级相册,0.7021,1,人物、孩子、cord,01_幼儿园/2025-09_小班开学/V5bCgAxMDU4OTkwMDk1tM66aE47gAY.jpg,九月份/V5bCgAxMDU4OTkwMDk1tM66aE47gAY.jpg
QZ0378,幼儿园,小班 · 2025年9月 · 开学,2025-09,month,班级相册,0.6234,17,人物、材质、curtain,01_幼儿园/2025-09_小班开学/V5bCgAxMDU4OTkwMDk1tW6aDBaQjg.jpg,九月份/V5bCgAxMDU4OTkwMDk1tW6aDBaQjg.jpg
QZ0329,幼儿园,小班 · 2025年9月 · 开学,2025-09,month,班级相册,0.6602,2,人物、孩子、玩具,01_幼儿园/2025-09_小班开学/V5bCgAxMDU4OTkwMDk1uM66aLTTeAY.jpg,九月份/V5bCgAxMDU4OTkwMDk1uM66aLTTeAY.jpg
QZ0175,幼儿园,小班 · 2025年9月 · 开学,2025-09,month,班级相册,0.7549,1,人物、孩子、utensil,01_幼儿园/2025-09_小班开学/V5bCgAxMDU4OTkwMDk1vAjZaM6m1wE.jpg,九月份/V5bCgAxMDU4OTkwMDk1vAjZaM6m1wE.jpg
QZ0163,幼儿园,小班 · 2025年9月 · 开学,2025-09,month,班级相册,0.76,5,人物、孩子、材质,01_幼儿园/2025-09_小班开学/V5bCgAxMDU4OTkwMDk1vc66aARQYgY.jpg,九月份/V5bCgAxMDU4OTkwMDk1vc66aARQYgY.jpg
QZ0304,幼儿园,小班 · 2025年9月 · 开学,2025-09,month,班级相册,0.6832,7,艺术、装饰、balloon,01_幼儿园/2025-09_小班开学/V5bCgAxMDU4OTkwMDk1wgjZaGAougE.jpg,九月份/V5bCgAxMDU4OTkwMDk1wgjZaGAougE.jpg
QZ0212,幼儿园,小班 · 2025年9月 · 开学,2025-09,month,班级相册,0.7321,7,艺术、装饰、balloon,01_幼儿园/2025-09_小班开学/V5bCgAxMDU4OTkwMDk1wwjZaBgjugE.jpg,九月份/V5bCgAxMDU4OTkwMDk1wwjZaBgjugE.jpg
QZ0275,幼儿园,小班 · 2025年9月 · 开学,2025-09,month,班级相册,0.699,29,人物、建筑、木制品,01_幼儿园/2025-09_小班开学/V5bCgAxMDU4OTkwMDk1x8K6aO10cgI.jpg,九月份/V5bCgAxMDU4OTkwMDk1x8K6aO10cgI.jpg
QZ0311,幼儿园,小班 · 2025年9月 · 开学,2025-09,month,班级相册,0.6775,30,人物、建筑、木制品,01_幼儿园/2025-09_小班开学/V5bCgAxMDU4OTkwMDk1yMK6aDwHXQI.jpg,九月份/V5bCgAxMDU4OTkwMDk1yMK6aDwHXQI.jpg
QZ0358,幼儿园,小班 · 2025年9月 · 开学,2025-09,month,班级相册,0.6354,21,人物、孩子、人群,01_幼儿园/2025-09_小班开学/V5bCgAxMDU4OTkwMDk1yRW4aHn6nio.jpg,九月份/V5bCgAxMDU4OTkwMDk1yRW4aHn6nio.jpg
QZ0261,幼儿园,小班 · 2025年9月 · 开学,2025-09,month,班级相册,0.7074,30,人物、人群、建筑,01_幼儿园/2025-09_小班开学/V5bCgAxMDU4OTkwMDk1ycK6aEpQVwI.jpg,九月份/V5bCgAxMDU4OTkwMDk1ycK6aEpQVwI.jpg
QZ0066,幼儿园,小班 · 2025年9月 · 开学,2025-09,month,班级相册,0.8091,25,人物、孩子、人群,01_幼儿园/2025-09_小班开学/V5bCgAxMDU4OTkwMDk1yhW4aKHsnSo.jpg,九月份/V5bCgAxMDU4OTkwMDk1yhW4aKHsnSo.jpg
QZ0026,幼儿园,小班 · 2025年9月 · 开学,2025-09,month,班级相册,0.8414,30,人物、人群、建筑,01_幼儿园/2025-09_小班开学/V5bCgAxMDU4OTkwMDk1ysK6aJLXRQI.jpg,九月份/V5bCgAxMDU4OTkwMDk1ysK6aJLXRQI.jpg
QZ0324,幼儿园,小班 · 2025年9月 · 开学,2025-09,month,班级相册,0.6661,27,人物、孩子、人群,01_幼儿园/2025-09_小班开学/V5bCgAxMDU4OTkwMDk1yxW4aJZKnio.jpg,九月份/V5bCgAxMDU4OTkwMDk1yxW4aJZKnio.jpg
QZ0098,幼儿园,小班 · 2025年9月 · 开学,2025-09,month,班级相册,0.7863,30,人物、建筑、木制品,01_幼儿园/2025-09_小班开学/V5bCgAxMDU4OTkwMDk1zMK6aEoMQQI.jpg,九月份/V5bCgAxMDU4OTkwMDk1zMK6aEoMQQI.jpg
KU0660,幼儿园,家长拍摄·2025,2025-09-02,day,个人相册,0.7911,10,人物、孩子、建筑,01_幼儿园/家长拍摄·2025/mmexport1756800737815.jpg,mmexport1756800737815.jpg
QZ0369,幼儿园,小班 · 2025年10月,2025-10,month,班级相册,0.6284,5,人物、孩子、衣物,01_幼儿园/2025-10_小班/V5bCgAxMDU4OTkwMDk1.L1aK125Tc.jpg,十月份/V5bCgAxMDU4OTkwMDk1.L1aK125Tc.jpg
QZ0437,幼儿园,小班 · 2025年10月,2025-10,month,班级相册,0.5702,7,人物、孩子、材质,01_幼儿园/2025-10_小班/V5bCgAxMDU4OTkwMDk1.b1aOpo5Tc.jpg,十月份/V5bCgAxMDU4OTkwMDk1.b1aOpo5Tc.jpg
QZ0473,幼儿园,小班 · 2025年10月,2025-10,month,班级相册,0.5502,6,人物、孩子、建筑,01_幼儿园/2025-10_小班/V5bCgAxMDU4OTkwMDk1.jYAaYt9uy4.jpg,十月份/V5bCgAxMDU4OTkwMDk1.jYAaYt9uy4.jpg
QZ0386,幼儿园,小班 · 2025年10月,2025-10,month,班级相册,0.6153,7,人物、孩子、材质,01_幼儿园/2025-10_小班/V5bCgAxMDU4OTkwMDk1.r1aPyk5Tc.jpg,十月份/V5bCgAxMDU4OTkwMDk1.r1aPyk5Tc.jpg
QZ0166,幼儿园,小班 · 2025年10月,2025-10,month,班级相册,0.7592,9,人物、孩子、大人,01_幼儿园/2025-10_小班/V5bCgAxMDU4OTkwMDk1771aOje9jc.jpg,十月份/V5bCgAxMDU4OTkwMDk1771aOje9jc.jpg
QZ0203,幼儿园,小班 · 2025年10月,2025-10,month,班级相册,0.7372,10,人物、孩子、建筑,01_幼儿园/2025-10_小班/V5bCgAxMDU4OTkwMDk17L1aNjJATg.jpg,十月份/V5bCgAxMDU4OTkwMDk17L1aNjJATg.jpg
QZ0195,幼儿园,小班 · 2025年10月,2025-10,month,班级相册,0.7423,1,人物、孩子、建筑,01_幼儿园/2025-10_小班/V5bCgAxMDU4OTkwMDk1ADcAad3Xii4.jpg,十月份/V5bCgAxMDU4OTkwMDk1ADcAad3Xii4.jpg
QZ0197,幼儿园,小班 · 2025年10月,2025-10,month,班级相册,0.7414,1,人物、孩子、建筑,01_幼儿园/2025-10_小班/V5bCgAxMDU4OTkwMDk1BDcAaSBdWi4.jpg,十月份/V5bCgAxMDU4OTkwMDk1BDcAaSBdWi4.jpg
QZ0254,幼儿园,小班 · 2025年10月,2025-10,month,班级相册,0.7098,1,人物、孩子、户外,01_幼儿园/2025-10_小班/V5bCgAxMDU4OTkwMDk1ETDyaPVqkiA.jpg,十月份/V5bCgAxMDU4OTkwMDk1ETDyaPVqkiA.jpg
QZ0075,幼儿园,小班 · 2025年10月,2025-10,month,班级相册,0.8022,1,人物、孩子、户外,01_幼儿园/2025-10_小班/V5bCgAxMDU4OTkwMDk1EjDyaEZYjSA.jpg,十月份/V5bCgAxMDU4OTkwMDk1EjDyaEZYjSA.jpg
QZ0000,幼儿园,小班 · 2025年10月,2025-10,month,班级相册,0.9023,1,人物、孩子、户外,01_幼儿园/2025-10_小班/V5bCgAxMDU4OTkwMDk1EzDyaCEojCA.jpg,十月份/V5bCgAxMDU4OTkwMDk1EzDyaCEojCA.jpg
QZ0003,幼儿园,小班 · 2025年10月,2025-10,month,班级相册,0.883,1,人物、孩子、户外,01_幼儿园/2025-10_小班/V5bCgAxMDU4OTkwMDk1FDDyaIQtjCA.jpg,十月份/V5bCgAxMDU4OTkwMDk1FDDyaIQtjCA.jpg
QZ0005,幼儿园,小班 · 2025年10月,2025-10,month,班级相册,0.882,1,人物、孩子、户外,01_幼儿园/2025-10_小班/V5bCgAxMDU4OTkwMDk1FTDyaJYuZSA.jpg,十月份/V5bCgAxMDU4OTkwMDk1FTDyaJYuZSA.jpg
QZ0313,幼儿园,小班 · 2025年10月,2025-10,month,班级相册,0.6761,4,人物、孩子、户外,01_幼儿园/2025-10_小班/V5bCgAxMDU4OTkwMDk1LTDyaPl5uh8.jpg,十月份/V5bCgAxMDU4OTkwMDk1LTDyaPl5uh8.jpg
QZ0398,幼儿园,小班 · 2025年10月,2025-10,month,班级相册,0.606,10,人物、孩子、人群,01_幼儿园/2025-10_小班/V5bCgAxMDU4OTkwMDk1NtntaHrmVQc.jpg,十月份/V5bCgAxMDU4OTkwMDk1NtntaHrmVQc.jpg
QZ0243,幼儿园,小班 · 2025年10月,2025-10,month,班级相册,0.7158,6,人物、孩子、建筑,01_幼儿园/2025-10_小班/V5bCgAxMDU4OTkwMDk1P7fwaC95RgM.jpg,十月份/V5bCgAxMDU4OTkwMDk1P7fwaC95RgM.jpg
QZ0115,幼儿园,小班 · 2025年10月,2025-10,month,班级相册,0.7791,4,人物、孩子、建筑,01_幼儿园/2025-10_小班/V5bCgAxMDU4OTkwMDk1PdntaKkASAc.jpg,十月份/V5bCgAxMDU4OTkwMDk1PdntaKkASAc.jpg
QZ0192,幼儿园,小班 · 2025年10月,2025-10,month,班级相册,0.7452,3,utensil、餐具、碗,01_幼儿园/2025-10_小班/V5bCgAxMDU4OTkwMDk1RPD5aHnizRo.jpg,十月份/V5bCgAxMDU4OTkwMDk1RPD5aHnizRo.jpg
QZ0333,幼儿园,小班 · 2025年10月,2025-10,month,班级相册,0.658,1,人物、孩子、建筑,01_幼儿园/2025-10_小班/V5bCgAxMDU4OTkwMDk1YkLaF6DBgs.jpg,十月份/V5bCgAxMDU4OTkwMDk1YkLaF6DBgs.jpg
QZ0382,幼儿园,小班 · 2025年10月,2025-10,month,班级相册,0.6184,2,人物、孩子、建筑,01_幼儿园/2025-10_小班/V5bCgAxMDU4OTkwMDk1akLaAFv1Ao.jpg,十月份/V5bCgAxMDU4OTkwMDk1akLaAFv1Ao.jpg
QZ0361,幼儿园,小班 · 2025年10月,2025-10,month,班级相册,0.6351,6,人物、孩子、大人,01_幼儿园/2025-10_小班/V5bCgAxMDU4OTkwMDk1coQAadUkviM.jpg,十月份/V5bCgAxMDU4OTkwMDk1coQAadUkviM.jpg
QZ0356,幼儿园,小班 · 2025年10月,2025-10,month,班级相册,0.6362,6,人物、孩子、大人,01_幼儿园/2025-10_小班/V5bCgAxMDU4OTkwMDk1dYQAaUSVvSM.jpg,十月份/V5bCgAxMDU4OTkwMDk1dYQAaUSVvSM.jpg
QZ0135,幼儿园,小班 · 2025年10月,2025-10,month,班级相册,0.7729,10,人物、孩子、建筑,01_幼儿园/2025-10_小班/V5bCgAxMDU4OTkwMDk1e0LaMLDTAo.jpg,十月份/V5bCgAxMDU4OTkwMDk1e0LaMLDTAo.jpg
QZ0111,幼儿园,小班 · 2025年10月,2025-10,month,班级相册,0.7806,5,人物、孩子、建筑,01_幼儿园/2025-10_小班/V5bCgAxMDU4OTkwMDk1e20MaeXrrQw.jpg,十月份/V5bCgAxMDU4OTkwMDk1e20MaeXrrQw.jpg
QZ0180,幼儿园,小班 · 2025年10月,2025-10,month,班级相册,0.7535,6,人物、孩子、建筑,01_幼儿园/2025-10_小班/V5bCgAxMDU4OTkwMDk1ekLaNLdSwo.jpg,十月份/V5bCgAxMDU4OTkwMDk1ekLaNLdSwo.jpg
QZ0168,幼儿园,小班 · 2025年10月,2025-10,month,班级相册,0.7575,8,人物、孩子、教室,01_幼儿园/2025-10_小班/V5bCgAxMDU4OTkwMDk1eoQAaWxRNSY.jpg,十月份/V5bCgAxMDU4OTkwMDk1eoQAaWxRNSY.jpg
QZ0240,幼儿园,小班 · 2025年10月,2025-10,month,班级相册,0.7181,10,人物、孩子、建筑,01_幼儿园/2025-10_小班/V5bCgAxMDU4OTkwMDk1fELaLI3Rgo.jpg,十月份/V5bCgAxMDU4OTkwMDk1fELaLI3Rgo.jpg
QZ0043,幼儿园,小班 · 2025年10月,2025-10,month,班级相册,0.8259,5,人物、孩子、教室,01_幼儿园/2025-10_小班/V5bCgAxMDU4OTkwMDk1l5UEabsVVwg.jpg,十月份/V5bCgAxMDU4OTkwMDk1l5UEabsVVwg.jpg
QZ0053,幼儿园,小班 · 2025年10月,2025-10,month,班级相册,0.8212,4,人物、孩子、教室,01_幼儿园/2025-10_小班/V5bCgAxMDU4OTkwMDk1mJUEaVJnVAg.jpg,十月份/V5bCgAxMDU4OTkwMDk1mJUEaVJnVAg.jpg
QZ0187,幼儿园,小班 · 2025年10月,2025-10,month,班级相册,0.7508,4,人物、孩子、建筑,01_幼儿园/2025-10_小班/V5bCgAxMDU4OTkwMDk1mi8Dadhcch8.jpg,十月份/V5bCgAxMDU4OTkwMDk1mi8Dadhcch8.jpg
QZ0404,幼儿园,小班 · 2025年10月,2025-10,month,班级相册,0.6014,4,人物、孩子、户外,01_幼儿园/2025-10_小班/V5bCgAxMDU4OTkwMDk1nkLaOF8MA4.jpg,十月份/V5bCgAxMDU4OTkwMDk1nkLaOF8MA4.jpg
QZ0463,幼儿园,小班 · 2025年10月,2025-10,month,班级相册,0.5532,32,人物、人群、大人,01_幼儿园/2025-10_小班/V5bCgAxMDU4OTkwMDk1t3UIaVCtFQg.jpg,十月份/V5bCgAxMDU4OTkwMDk1t3UIaVCtFQg.jpg
QZ0134,幼儿园,小班 · 2025年10月,2025-10,month,班级相册,0.7743,27,人物、人群、陆地,01_幼儿园/2025-10_小班/V5bCgAxMDU4OTkwMDk1v3UIaVYlwc.jpg,十月份/V5bCgAxMDU4OTkwMDk1v3UIaVYlwc.jpg
QZ0467,幼儿园,小班 · 2025年10月,2025-10,month,班级相册,0.5523,2,建筑、木制品、人物,01_幼儿园/2025-10_小班/V5bCgAxMDU4OTkwMDk1vRITaVSWFik.jpg,十月份/V5bCgAxMDU4OTkwMDk1vRITaVSWFik.jpg
QZ0245,幼儿园,小班 · 2025年10月,2025-10,month,班级相册,0.7156,1,人物、孩子、建筑,01_幼儿园/2025-10_小班/V5bCgAxMDU4OTkwMDk1vtYBaXrdkww.jpg,十月份/V5bCgAxMDU4OTkwMDk1vtYBaXrdkww.jpg
QZ0290,幼儿园,小班 · 2025年10月,2025-10,month,班级相册,0.693,31,人物、陆地、户外,01_幼儿园/2025-10_小班/V5bCgAxMDU4OTkwMDk1w3UIabb19Qc.jpg,十月份/V5bCgAxMDU4OTkwMDk1w3UIabb19Qc.jpg
QZ0255,幼儿园,小班 · 2025年10月,2025-10,month,班级相册,0.7097,29,人物、陆地、户外,01_幼儿园/2025-10_小班/V5bCgAxMDU4OTkwMDk1wHUIaTMWgc.jpg,十月份/V5bCgAxMDU4OTkwMDk1wHUIaTMWgc.jpg
QZ0127,幼儿园,小班 · 2025年10月,2025-10,month,班级相册,0.7761,2,人物、孩子、建筑,01_幼儿园/2025-10_小班/V5bCgAxMDU4OTkwMDk1wNYBaX9aiAw.jpg,十月份/V5bCgAxMDU4OTkwMDk1wNYBaX9aiAw.jpg
QZ0130,幼儿园,小班 · 2025年10月,2025-10,month,班级相册,0.7752,29,人物、户外、陆地,01_幼儿园/2025-10_小班/V5bCgAxMDU4OTkwMDk1wXUIadt09gc.jpg,十月份/V5bCgAxMDU4OTkwMDk1wXUIadt09gc.jpg
QZ0265,幼儿园,小班 · 2025年10月,2025-10,month,班级相册,0.7051,30,人物、户外、陆地,01_幼儿园/2025-10_小班/V5bCgAxMDU4OTkwMDk1wnUIaWHf9Qc.jpg,十月份/V5bCgAxMDU4OTkwMDk1wnUIaWHf9Qc.jpg
QZ0109,幼儿园,小班 · 2025年10月,2025-10,month,班级相册,0.7809,27,人物、陆地、户外,01_幼儿园/2025-10_小班/V5bCgAxMDU4OTkwMDk1x3UIaaxr2Ac.jpg,十月份/V5bCgAxMDU4OTkwMDk1x3UIaaxr2Ac.jpg
QZ0176,幼儿园,小班 · 2025年10月,2025-10,month,班级相册,0.7546,25,人物、草地、陆地,01_幼儿园/2025-10_小班/V5bCgAxMDU4OTkwMDk1xHUIaXXm4Qc.jpg,十月份/V5bCgAxMDU4OTkwMDk1xHUIaXXm4Qc.jpg
QZ0339,幼儿园,小班 · 2025年10月,2025-10,month,班级相册,0.6505,6,人物、孩子、建筑,01_幼儿园/2025-10_小班/V5bCgAxMDU4OTkwMDk1xNYBaYKyfww.jpg,十月份/V5bCgAxMDU4OTkwMDk1xNYBaYKyfww.jpg
QZ0100,幼儿园,小班 · 2025年10月,2025-10,month,班级相册,0.7859,28,人物、陆地、户外,01_幼儿园/2025-10_小班/V5bCgAxMDU4OTkwMDk1xXUIaQDh4gc.jpg,十月份/V5bCgAxMDU4OTkwMDk1xXUIaQDh4gc.jpg
QZ0405,幼儿园,小班 · 2025年10月,2025-10,month,班级相册,0.5962,3,人物、大人、建筑,01_幼儿园/2025-10_小班/V5bCgAxMDU4OTkwMDk1xhITaSyCyis.jpg,十月份/V5bCgAxMDU4OTkwMDk1xhITaSyCyis.jpg
QZ0019,幼儿园,小班 · 2025年10月,2025-10,month,班级相册,0.8486,27,人物、孩子、草地,01_幼儿园/2025-10_小班/V5bCgAxMDU4OTkwMDk1xnUIaQJi2Qc.jpg,十月份/V5bCgAxMDU4OTkwMDk1xnUIaQJi2Qc.jpg
QZ0250,幼儿园,小班 · 2025年10月,2025-10,month,班级相册,0.7129,4,人物、孩子、玩具,01_幼儿园/2025-10_小班/V5bCgAxMDU4OTkwMDk1zxITaYOH6yg.jpg,十月份/V5bCgAxMDU4OTkwMDk1zxITaYOH6yg.jpg
QZ0436,幼儿园,小班 · 2025年12月,2025-12,month,班级相册,0.5704,5,衣物、apron、人物,01_幼儿园/2025-12_小班/V5bCgAxMDU4OTkwMDk1.KhLaW8bwAg.jpg,十二月/V5bCgAxMDU4OTkwMDk1.KhLaW8bwAg.jpg
QZ0182,幼儿园,小班 · 2025年12月,2025-12,month,班级相册,0.7525,5,人物、孩子、户外,01_幼儿园/2025-12_小班/V5bCgAxMDU4OTkwMDk1.ahLaW90xgg.jpg,十二月/V5bCgAxMDU4OTkwMDk1.ahLaW90xgg.jpg
QZ0340,幼儿园,小班 · 2025年12月,2025-12,month,班级相册,0.6495,9,人物、建筑、交通工具,01_幼儿园/2025-12_小班/V5bCgAxMDU4OTkwMDk1.e83aS8EdCY.jpg,十二月/V5bCgAxMDU4OTkwMDk1.e83aS8EdCY.jpg
QZ0280,幼儿园,小班 · 2025年12月,2025-12,month,班级相册,0.6972,3,人物、孩子、建筑,01_幼儿园/2025-12_小班/V5bCgAxMDU4OTkwMDk10Ng7aeApaDA.jpg,十二月/V5bCgAxMDU4OTkwMDk10Ng7aeApaDA.jpg
QZ0198,幼儿园,小班 · 2025年12月,2025-12,month,班级相册,0.7411,9,人物、孩子、大人,01_幼儿园/2025-12_小班/V5bCgAxMDU4OTkwMDk10ckadO5Owc.jpg,十二月/V5bCgAxMDU4OTkwMDk10ckadO5Owc.jpg
QZ0299,幼儿园,小班 · 2025年12月,2025-12,month,班级相册,0.6877,3,人物、孩子、建筑,01_幼儿园/2025-12_小班/V5bCgAxMDU4OTkwMDk10dg7aUvdaDA.jpg,十二月/V5bCgAxMDU4OTkwMDk10dg7aUvdaDA.jpg
QZ0259,幼儿园,小班 · 2025年12月,2025-12,month,班级相册,0.7081,8,人物、孩子、衣物,01_幼儿园/2025-12_小班/V5bCgAxMDU4OTkwMDk10skabQtOQc.jpg,十二月/V5bCgAxMDU4OTkwMDk10skabQtOQc.jpg
QZ0167,幼儿园,小班 · 2025年12月,2025-12,month,班级相册,0.7585,8,人物、孩子、艺术,01_幼儿园/2025-12_小班/V5bCgAxMDU4OTkwMDk11MkaS.XMQc.jpg,十二月/V5bCgAxMDU4OTkwMDk11MkaS.XMQc.jpg
QZ0162,幼儿园,小班 · 2025年12月,2025-12,month,班级相册,0.7602,9,人物、孩子、建筑,01_幼儿园/2025-12_小班/V5bCgAxMDU4OTkwMDk11ckaSVNJwc.jpg,十二月/V5bCgAxMDU4OTkwMDk11ckaSVNJwc.jpg
QZ0292,幼儿园,小班 · 2025年12月,2025-12,month,班级相册,0.6927,1,人物、孩子、草地,01_幼儿园/2025-12_小班/V5bCgAxMDU4OTkwMDk142QyaYHy5RU.jpg,十二月/V5bCgAxMDU4OTkwMDk142QyaYHy5RU.jpg
QZ0022,幼儿园,小班 · 2025年12月,2025-12,month,班级相册,0.8477,1,人物、孩子、玩具,01_幼儿园/2025-12_小班/V5bCgAxMDU4OTkwMDk17A4xaeiigDE.jpg,十二月/V5bCgAxMDU4OTkwMDk17A4xaeiigDE.jpg
QZ0433,幼儿园,小班 · 2025年12月,2025-12,month,班级相册,0.5724,5,人物、孩子、建筑,01_幼儿园/2025-12_小班/V5bCgAxMDU4OTkwMDk196hLaZz5xQg.jpg,十二月/V5bCgAxMDU4OTkwMDk196hLaZz5xQg.jpg
QZ0432,幼儿园,小班 · 2025年12月,2025-12,month,班级相册,0.5727,10,人物、孩子、衣物,01_幼儿园/2025-12_小班/V5bCgAxMDU4OTkwMDk19qhLaV3Ixwg.jpg,十二月/V5bCgAxMDU4OTkwMDk19qhLaV3Ixwg.jpg
QZ0067,幼儿园,小班 · 2025年12月,2025-12,month,班级相册,0.8075,1,人物、孩子、建筑,01_幼儿园/2025-12_小班/V5bCgAxMDU4OTkwMDk1B2UyaQOAbBU.jpg,十二月/V5bCgAxMDU4OTkwMDk1B2UyaQOAbBU.jpg
QZ0091,幼儿园,小班 · 2025年12月,2025-12,month,班级相册,0.795,1,人物、孩子、utensil,01_幼儿园/2025-12_小班/V5bCgAxMDU4OTkwMDk1Dg8xaWykLjE.jpg,十二月/V5bCgAxMDU4OTkwMDk1Dg8xaWykLjE.jpg
QZ0300,幼儿园,小班 · 2025年12月,2025-12,month,班级相册,0.6874,26,人物、人群、孩子,01_幼儿园/2025-12_小班/V5bCgAxMDU4OTkwMDk1F5lTaT0N7RU.jpg,十二月/V5bCgAxMDU4OTkwMDk1F5lTaT0N7RU.jpg
QZ0116,幼儿园,小班 · 2025年12月,2025-12,month,班级相册,0.7789,25,人物、人群、孩子,01_幼儿园/2025-12_小班/V5bCgAxMDU4OTkwMDk1FplTaT277BU.jpg,十二月/V5bCgAxMDU4OTkwMDk1FplTaT277BU.jpg
QZ0302,幼儿园,小班 · 2025年12月,2025-12,month,班级相册,0.6866,25,人物、人群、孩子,01_幼儿园/2025-12_小班/V5bCgAxMDU4OTkwMDk1G5lTabFq4xU.jpg,十二月/V5bCgAxMDU4OTkwMDk1G5lTabFq4xU.jpg
QZ0268,幼儿园,小班 · 2025年12月,2025-12,month,班级相册,0.7032,26,人物、人群、孩子,01_幼儿园/2025-12_小班/V5bCgAxMDU4OTkwMDk1GJlTaTr65BU.jpg,十二月/V5bCgAxMDU4OTkwMDk1GJlTaTr65BU.jpg
QZ0165,幼儿园,小班 · 2025年12月,2025-12,month,班级相册,0.7593,26,人物、孩子、人群,01_幼儿园/2025-12_小班/V5bCgAxMDU4OTkwMDk1GZlTaW2BCxY.jpg,十二月/V5bCgAxMDU4OTkwMDk1GZlTaW2BCxY.jpg
QZ0121,幼儿园,小班 · 2025年12月,2025-12,month,班级相册,0.777,26,人物、孩子、人群,01_幼儿园/2025-12_小班/V5bCgAxMDU4OTkwMDk1GplTaQPG8hU.jpg,十二月/V5bCgAxMDU4OTkwMDk1GplTaQPG8hU.jpg
QZ0364,幼儿园,小班 · 2025年12月,2025-12,month,班级相册,0.6317,1,人物、孩子、衣物,01_幼儿园/2025-12_小班/V5bCgAxMDU4OTkwMDk1HBZFadkn6hY.jpg,十二月/V5bCgAxMDU4OTkwMDk1HBZFadkn6hY.jpg
QZ0325,幼儿园,小班 · 2025年12月,2025-12,month,班级相册,0.6647,26,人物、孩子、人群,01_幼儿园/2025-12_小班/V5bCgAxMDU4OTkwMDk1HJlTaVHa4RU.jpg,十二月/V5bCgAxMDU4OTkwMDk1HJlTaVHa4RU.jpg
QZ0141,幼儿园,小班 · 2025年12月,2025-12,month,班级相册,0.7711,2,人物、孩子、户外,01_幼儿园/2025-12_小班/V5bCgAxMDU4OTkwMDk1JFc2aek3xzc.jpg,十二月/V5bCgAxMDU4OTkwMDk1JFc2aek3xzc.jpg
QZ0296,幼儿园,小班 · 2025年12月,2025-12,month,班级相册,0.6891,2,人物、孩子、衣物,01_幼儿园/2025-12_小班/V5bCgAxMDU4OTkwMDk1QjM5aXDt9hU.jpg,十二月/V5bCgAxMDU4OTkwMDk1QjM5aXDt9hU.jpg
QZ0208,幼儿园,小班 · 2025年12月,2025-12,month,班级相册,0.7343,2,人物、孩子、衣物,01_幼儿园/2025-12_小班/V5bCgAxMDU4OTkwMDk1QzM5aYnr9hU.jpg,十二月/V5bCgAxMDU4OTkwMDk1QzM5aYnr9hU.jpg
QZ0099,幼儿园,小班 · 2025年12月,2025-12,month,班级相册,0.7863,1,人物、孩子、衣物,01_幼儿园/2025-12_小班/V5bCgAxMDU4OTkwMDk1RDM5aQyt9hU.jpg,十二月/V5bCgAxMDU4OTkwMDk1RDM5aQyt9hU.jpg
QZ0286,幼儿园,小班 · 2025年12月,2025-12,month,班级相册,0.6933,1,人物、孩子、衣物,01_幼儿园/2025-12_小班/V5bCgAxMDU4OTkwMDk1RTM5aWB.zBU.jpg,十二月/V5bCgAxMDU4OTkwMDk1RTM5aWB.zBU.jpg
QZ0384,幼儿园,小班 · 2025年12月,2025-12,month,班级相册,0.6164,3,人物、孩子、婴儿,01_幼儿园/2025-12_小班/V5bCgAxMDU4OTkwMDk1RjM5aRJDzBU.jpg,十二月/V5bCgAxMDU4OTkwMDk1RjM5aRJDzBU.jpg
QZ0409,幼儿园,小班 · 2025年12月,2025-12,month,班级相册,0.5944,2,人物、孩子、婴儿,01_幼儿园/2025-12_小班/V5bCgAxMDU4OTkwMDk1RzM5aRJRvxU.jpg,十二月/V5bCgAxMDU4OTkwMDk1RzM5aRJRvxU.jpg
QZ0146,幼儿园,小班 · 2025年12月,2025-12,month,班级相册,0.7677,1,人物、孩子、fire,01_幼儿园/2025-12_小班/V5bCgAxMDU4OTkwMDk1SEhTaYfbdCw.jpg,十二月/V5bCgAxMDU4OTkwMDk1SEhTaYfbdCw.jpg
QZ0277,幼儿园,小班 · 2025年12月,2025-12,month,班级相册,0.6983,14,人物、孩子、建筑,01_幼儿园/2025-12_小班/V5bCgAxMDU4OTkwMDk1VEhTaXBfRio.jpg,十二月/V5bCgAxMDU4OTkwMDk1VEhTaXBfRio.jpg
QZ0309,幼儿园,小班 · 2025年12月,2025-12,month,班级相册,0.6783,9,人物、孩子、建筑,01_幼儿园/2025-12_小班/V5bCgAxMDU4OTkwMDk1W0BSaVNqQQg.jpg,十二月/V5bCgAxMDU4OTkwMDk1W0BSaVNqQQg.jpg
QZ0468,幼儿园,小班 · 2025年12月,2025-12,month,班级相册,0.5509,3,人物、孩子、衣物,01_幼儿园/2025-12_小班/V5bCgAxMDU4OTkwMDk1WARJaYgeGDg.jpg,十二月/V5bCgAxMDU4OTkwMDk1WARJaYgeGDg.jpg
QZ0442,幼儿园,小班 · 2025年12月,2025-12,month,班级相册,0.5657,4,人物、孩子、建筑,01_幼儿园/2025-12_小班/V5bCgAxMDU4OTkwMDk1WgRJaZHCGDg.jpg,十二月/V5bCgAxMDU4OTkwMDk1WgRJaZHCGDg.jpg
QZ0025,幼儿园,小班 · 2025年12月,2025-12,month,班级相册,0.8425,4,人物、孩子、建筑,01_幼儿园/2025-12_小班/V5bCgAxMDU4OTkwMDk1YEBSadlN6Ac.jpg,十二月/V5bCgAxMDU4OTkwMDk1YEBSadlN6Ac.jpg
QZ0072,幼儿园,小班 · 2025年12月,2025-12,month,班级相册,0.804,1,人物、孩子、建筑,01_幼儿园/2025-12_小班/V5bCgAxMDU4OTkwMDk1YgRJaXV5xzc.jpg,十二月/V5bCgAxMDU4OTkwMDk1YgRJaXV5xzc.jpg
QZ0434,幼儿园,小班 · 2025年12月,2025-12,month,班级相册,0.572,1,人物、孩子、衣物,01_幼儿园/2025-12_小班/V5bCgAxMDU4OTkwMDk1e3ZCaZYp3hc.jpg,十二月/V5bCgAxMDU4OTkwMDk1e3ZCaZYp3hc.jpg
QZ0289,幼儿园,小班 · 2025年12月,2025-12,month,班级相册,0.693,1,人物、孩子、材质,01_幼儿园/2025-12_小班/V5bCgAxMDU4OTkwMDk1eZpUaXz3gBM.jpg,十二月/V5bCgAxMDU4OTkwMDk1eZpUaXz3gBM.jpg
QZ0027,幼儿园,小班 · 2025年12月,2025-12,month,班级相册,0.8413,1,人物、孩子、材质,01_幼儿园/2025-12_小班/V5bCgAxMDU4OTkwMDk1eppUaVoughM.jpg,十二月/V5bCgAxMDU4OTkwMDk1eppUaVoughM.jpg
QZ0457,幼儿园,小班 · 2025年12月,2025-12,month,班级相册,0.5546,5,人物、孩子、草地,01_幼儿园/2025-12_小班/V5bCgAxMDU4OTkwMDk1k1g2aXhsJRI.jpg,十二月/V5bCgAxMDU4OTkwMDk1k1g2aXhsJRI.jpg
QZ0021,幼儿园,小班 · 2025年12月,2025-12,month,班级相册,0.8481,1,人物、孩子、建筑,01_幼儿园/2025-12_小班/V5bCgAxMDU4OTkwMDk1k5pUaTumPhM.jpg,十二月/V5bCgAxMDU4OTkwMDk1k5pUaTumPhM.jpg
QZ0196,幼儿园,小班 · 2025年12月,2025-12,month,班级相册,0.7416,1,人物、孩子、container,01_幼儿园/2025-12_小班/V5bCgAxMDU4OTkwMDk1kppUae.6PhM.jpg,十二月/V5bCgAxMDU4OTkwMDk1kppUae.6PhM.jpg
QZ0440,幼儿园,小班 · 2025年12月,2025-12,month,班级相册,0.5674,2,人物、孩子、建筑,01_幼儿园/2025-12_小班/V5bCgAxMDU4OTkwMDk1kqhLaZTgDQM.jpg,十二月/V5bCgAxMDU4OTkwMDk1kqhLaZTgDQM.jpg
QZ0350,幼儿园,小班 · 2025年12月,2025-12,month,班级相册,0.6436,6,人物、孩子、建筑,01_幼儿园/2025-12_小班/V5bCgAxMDU4OTkwMDk1mQyafisnBU.jpg,十二月/V5bCgAxMDU4OTkwMDk1mQyafisnBU.jpg
QZ0283,幼儿园,小班 · 2025年12月,2025-12,month,班级相册,0.6943,4,人物、孩子、衣物,01_幼儿园/2025-12_小班/V5bCgAxMDU4OTkwMDk1pKhTaSaw7xU.jpg,十二月/V5bCgAxMDU4OTkwMDk1pKhTaSaw7xU.jpg
QZ0062,幼儿园,小班 · 2025年12月,2025-12,month,班级相册,0.8148,5,人物、孩子、衣物,01_幼儿园/2025-12_小班/V5bCgAxMDU4OTkwMDk1pahTaRdu4hU.jpg,十二月/V5bCgAxMDU4OTkwMDk1pahTaRdu4hU.jpg
QZ0472,幼儿园,小班 · 2025年12月,2025-12,month,班级相册,0.5505,4,人物、孩子、建筑,01_幼儿园/2025-12_小班/V5bCgAxMDU4OTkwMDk1sIM6aWRWvh0.jpg,十二月/V5bCgAxMDU4OTkwMDk1sIM6aWRWvh0.jpg
QZ0462,幼儿园,小班 · 2025年12月,2025-12,month,班级相册,0.5533,4,人物、孩子、衣物,01_幼儿园/2025-12_小班/V5bCgAxMDU4OTkwMDk1tRFJadPu0RQ.jpg,十二月/V5bCgAxMDU4OTkwMDk1tRFJadPu0RQ.jpg
QZ0345,幼儿园,小班 · 2025年12月,2025-12,month,班级相册,0.6469,5,人物、孩子、建筑,01_幼儿园/2025-12_小班/V5bCgAxMDU4OTkwMDk1u83aTAReyU.jpg,十二月/V5bCgAxMDU4OTkwMDk1u83aTAReyU.jpg
QZ0101,幼儿园,小班 · 2025年12月,2025-12,month,班级相册,0.7858,2,人物、孩子、室内空间,01_幼儿园/2025-12_小班/V5bCgAxMDU4OTkwMDk1xvw4aeqG8Bg.jpg,十二月/V5bCgAxMDU4OTkwMDk1xvw4aeqG8Bg.jpg
QZ0452,幼儿园,小班 · 2025年12月,2025-12,month,班级相册,0.5569,3,人物、孩子、建筑,01_幼儿园/2025-12_小班/V5bCgAxMDU4OTkwMDk1xw4aVVE5xg.jpg,十二月/V5bCgAxMDU4OTkwMDk1xw4aVVE5xg.jpg
QZ0390,幼儿园,小班 · 2025年12月,2025-12,month,班级相册,0.6114,7,人物、孩子、建筑,01_幼儿园/2025-12_小班/V5bCgAxMDU4OTkwMDk1y9g7aQJnojA.jpg,十二月/V5bCgAxMDU4OTkwMDk1y9g7aQJnojA.jpg
QZ0425,幼儿园,小班 · 2025年12月,2025-12,month,班级相册,0.581,5,人物、孩子、建筑,01_幼儿园/2025-12_小班/V5bCgAxMDU4OTkwMDk1ytg7aZ8rTA.jpg,十二月/V5bCgAxMDU4OTkwMDk1ytg7aZ8rTA.jpg
KU2101,幼儿园,家长拍摄·2025,2025-12-02,day,个人相册,0.6721,13,人物、衣物、外套,01_幼儿园/家长拍摄·2025/mmexport1764635613825.jpg,mmexport1764635613825.jpg
KU1714,幼儿园,家长拍摄·2025,2025-12-05,day,个人相册,0.7066,4,人物、孩子、材质,01_幼儿园/家长拍摄·2025/mmexport1764927621097.jpg,mmexport1764927621097.jpg
KU0702,幼儿园,家长拍摄·2025,2025-12-20,day,个人相册,0.786,11,人物、孩子、建筑,01_幼儿园/家长拍摄·2025/mmexport1766194216710.jpg,mmexport1766194216710.jpg
KU1380,幼儿园,家长拍摄·2025,2025-12-20,day,个人相册,0.7333,16,人物、孩子、机械,01_幼儿园/家长拍摄·2025/mmexport1766194225801.jpg,mmexport1766194225801.jpg
KU1437,幼儿园,家长拍摄·2025,2025-12-26,day,个人相册,0.7297,6,人物、大人、孩子,01_幼儿园/家长拍摄·2025/mmexport1766714216888.jpg,mmexport1766714216888.jpg
KU1932,幼儿园,家长拍摄·2025,2025-12-26,day,个人相册,0.6873,7,人物、孩子、大人,01_幼儿园/家长拍摄·2025/mmexport1766714222855.jpg,mmexport1766714222855.jpg
KU1202,幼儿园,家长拍摄·2025,2025-12-26,day,个人相册,0.7456,3,人物、衣物、孩子,01_幼儿园/家长拍摄·2025/mmexport1766714224864.jpg,mmexport1766714224864.jpg
KU2478,幼儿园,家长拍摄·2025,2025-12-26,day,个人相册,0.6008,4,人物、大人、建筑,01_幼儿园/家长拍摄·2025/mmexport1766717142076.jpg,mmexport1766717142076.jpg
QZ0086,幼儿园,小班 · 2026年1月,2026-01,month,班级相册,0.7969,2,人物、孩子、衣物,01_幼儿园/2026-01_小班/V5bCgAxMDU4OTkwMDk16ChaaQ7JAxk.jpg,20261/V5bCgAxMDU4OTkwMDk16ChaaQ7JAxk.jpg
QZ0429,幼儿园,小班 · 2026年1月,2026-01,month,班级相册,0.5765,2,人物、孩子、艺术,01_幼儿园/2026-01_小班/V5bCgAxMDU4OTkwMDk1E1pwaZExui4.jpg,20261/V5bCgAxMDU4OTkwMDk1E1pwaZExui4.jpg
QZ0188,幼儿园,小班 · 2026年1月,2026-01,month,班级相册,0.7469,3,人物、孩子、户外,01_幼儿园/2026-01_小班/V5bCgAxMDU4OTkwMDk1E81caenqkR8.jpg,20261/V5bCgAxMDU4OTkwMDk1E81caenqkR8.jpg
QZ0341,幼儿园,小班 · 2026年1月,2026-01,month,班级相册,0.6491,5,人物、孩子、艺术,01_幼儿园/2026-01_小班/V5bCgAxMDU4OTkwMDk1EVpwadJyui4.jpg,20261/V5bCgAxMDU4OTkwMDk1EVpwadJyui4.jpg
QZ0414,幼儿园,小班 · 2026年1月,2026-01,month,班级相册,0.5922,2,人物、孩子、艺术,01_幼儿园/2026-01_小班/V5bCgAxMDU4OTkwMDk1Elpwaf.4uS4.jpg,20261/V5bCgAxMDU4OTkwMDk1Elpwaf.4uS4.jpg
QZ0226,幼儿园,小班 · 2026年1月,2026-01,month,班级相册,0.7277,4,人物、孩子、建筑,01_幼儿园/2026-01_小班/V5bCgAxMDU4OTkwMDk1HMFlaR0FRM.jpg,20261/V5bCgAxMDU4OTkwMDk1HMFlaR0FRM.jpg
QZ0461,幼儿园,小班 · 2026年1月,2026-01,month,班级相册,0.5533,5,人物、孩子、室内空间,01_幼儿园/2026-01_小班/V5bCgAxMDU4OTkwMDk1HP1paSmXjDA.jpg,20261/V5bCgAxMDU4OTkwMDk1HP1paSmXjDA.jpg
QZ0207,幼儿园,小班 · 2026年1月,2026-01,month,班级相册,0.7343,3,人物、孩子、衣物,01_幼儿园/2026-01_小班/V5bCgAxMDU4OTkwMDk1JM1caT4OWx8.jpg,20261/V5bCgAxMDU4OTkwMDk1JM1caT4OWx8.jpg
QZ0446,幼儿园,小班 · 2026年1月,2026-01,month,班级相册,0.5615,5,人物、孩子、大人,01_幼儿园/2026-01_小班/V5bCgAxMDU4OTkwMDk1Kc1caaHzSB8.jpg,20261/V5bCgAxMDU4OTkwMDk1Kc1caaHzSB8.jpg
QZ0305,幼儿园,小班 · 2026年1月,2026-01,month,班级相册,0.68,2,建筑、围栏、人物,01_幼儿园/2026-01_小班/V5bCgAxMDU4OTkwMDk1L81caRj6OR8.jpg,20261/V5bCgAxMDU4OTkwMDk1L81caRj6OR8.jpg
QZ0458,幼儿园,小班 · 2026年1月,2026-01,month,班级相册,0.5543,5,建筑、木制品、家具,01_幼儿园/2026-01_小班/V5bCgAxMDU4OTkwMDk1LIp4aa5poh8.jpg,20261/V5bCgAxMDU4OTkwMDk1LIp4aa5poh8.jpg
QZ0186,幼儿园,小班 · 2026年1月,2026-01,month,班级相册,0.7511,2,人物、孩子、建筑,01_幼儿园/2026-01_小班/V5bCgAxMDU4OTkwMDk1T35kacXPYiU.jpg,20261/V5bCgAxMDU4OTkwMDk1T35kacXPYiU.jpg
QZ0242,幼儿园,小班 · 2026年1月,2026-01,month,班级相册,0.7159,5,人物、孩子、建筑,01_幼儿园/2026-01_小班/V5bCgAxMDU4OTkwMDk1oABqaYQmABU.jpg,20261/V5bCgAxMDU4OTkwMDk1oABqaYQmABU.jpg
QZ0049,幼儿园,小班 · 2026年1月,2026-01,month,班级相册,0.8232,1,人物、孩子、建筑,01_幼儿园/2026-01_小班/V5bCgAxMDU4OTkwMDk1oPZ7aREkjy0.jpg,20261/V5bCgAxMDU4OTkwMDk1oPZ7aREkjy0.jpg
QZ0016,幼儿园,小班 · 2026年1月,2026-01,month,班级相册,0.8537,1,人物、孩子、建筑,01_幼儿园/2026-01_小班/V5bCgAxMDU4OTkwMDk1ofZ7aZdTYi0.jpg,20261/V5bCgAxMDU4OTkwMDk1ofZ7aZdTYi0.jpg
QZ0295,幼儿园,小班 · 2026年1月,2026-01,month,班级相册,0.6894,2,人物、孩子、材质,01_幼儿园/2026-01_小班/V5bCgAxMDU4OTkwMDk1rwBqaUb.1DQ.jpg,20261/V5bCgAxMDU4OTkwMDk1rwBqaUb.1DQ.jpg
QZ0218,幼儿园,小班 · 2026年1月,2026-01,month,班级相册,0.7307,4,人物、孩子、建筑,01_幼儿园/2026-01_小班/V5bCgAxMDU4OTkwMDk1tDx3afR9AQM.jpg,20261/V5bCgAxMDU4OTkwMDk1tDx3afR9AQM.jpg
QZ0181,幼儿园,小班 · 2026年1月,2026-01,month,班级相册,0.7526,1,人物、孩子、材质,01_幼儿园/2026-01_小班/V5bCgAxMDU4OTkwMDk1vct5aVxssys.jpg,20261/V5bCgAxMDU4OTkwMDk1vct5aVxssys.jpg
KU1266,幼儿园,家长拍摄·2026,2026-01-01,day,个人相册,0.7411,7,人物、大人、户外,01_幼儿园/家长拍摄·2026/dji_mimo_20260101_151750_0_1767448355062_burst (1).jpg,dji_mimo_20260101_151750_0_1767448355062_burst (1).jpg
KU0806,幼儿园,家长拍摄·2026,2026-01-02,day,个人相册,0.7742,8,人物、大人、孩子,01_幼儿园/家长拍摄·2026/IMG20260102105701.jpg,IMG20260102105701.jpg
KU2476,幼儿园,家长拍摄·2026,2026-01-02,day,个人相册,0.6017,7,人物、utensil、cup,01_幼儿园/家长拍摄·2026/mmexport1767366076034.jpg,mmexport1767366076034.jpg
KU2222,幼儿园,家长拍摄·2026,2026-01-10,day,个人相册,0.6542,8,人物、孩子、大人,01_幼儿园/家长拍摄·2026/IMG20260110160323.jpg,IMG20260110160323.jpg
KU1937,幼儿园,家长拍摄·2026,2026-02-07,day,个人相册,0.687,12,人物、大人、室内空间,01_幼儿园/家长拍摄·2026/IMG20260207123028.jpg,IMG20260207123028.jpg
KU1680,幼儿园,家长拍摄·2026,2026-02-07,day,个人相册,0.7092,12,人物、大人、室内空间,01_幼儿园/家长拍摄·2026/IMG20260207123032.jpg,IMG20260207123032.jpg
KU1656,幼儿园,家长拍摄·2026,2026-02-07,day,个人相册,0.7111,12,人物、大人、室内空间,01_幼儿园/家长拍摄·2026/IMG20260207123032_01.jpg,IMG20260207123032_01.jpg
QZ0359,幼儿园,小班 · 2026年3月,2026-03,month,班级相册,0.6353,15,人物、孩子、人群,01_幼儿园/2026-03_小班/V5bCgAxMDU4OTkwMDk129bLaRieOiA.jpg,20263/V5bCgAxMDU4OTkwMDk129bLaRieOiA.jpg
QZ0332,幼儿园,小班 · 2026年3月,2026-03,month,班级相册,0.6582,16,人物、孩子、人群,01_幼儿园/2026-03_小班/V5bCgAxMDU4OTkwMDk13NbLaU54OiA.jpg,20263/V5bCgAxMDU4OTkwMDk13NbLaU54OiA.jpg
QZ0088,幼儿园,小班 · 2026年3月,2026-03,month,班级相册,0.7966,3,人物、孩子、建筑,01_幼儿园/2026-03_小班/V5bCgAxMDU4OTkwMDk14xOlacGLng4.jpg,20263/V5bCgAxMDU4OTkwMDk14xOlacGLng4.jpg
QZ0267,幼儿园,小班 · 2026年3月,2026-03,month,班级相册,0.7034,4,人物、孩子、玩具,01_幼儿园/2026-03_小班/V5bCgAxMDU4OTkwMDk163LGaQ8htBM.jpg,20263/V5bCgAxMDU4OTkwMDk163LGaQ8htBM.jpg
QZ0322,幼儿园,小班 · 2026年3月,2026-03,month,班级相册,0.6677,6,人物、孩子、玩具,01_幼儿园/2026-03_小班/V5bCgAxMDU4OTkwMDk16nLGaWzktBM.jpg,20263/V5bCgAxMDU4OTkwMDk16nLGaWzktBM.jpg
QZ0065,幼儿园,小班 · 2026年3月,2026-03,month,班级相册,0.8103,1,人物、孩子、建筑,01_幼儿园/2026-03_小班/V5bCgAxMDU4OTkwMDk19Q.paf0JBxU.jpg,20263/V5bCgAxMDU4OTkwMDk19Q.paf0JBxU.jpg
QZ0042,幼儿园,小班 · 2026年3月,2026-03,month,班级相册,0.8259,5,人物、孩子、食物,01_幼儿园/2026-03_小班/V5bCgAxMDU4OTkwMDk1AHPGaUYVHRM.jpg,20263/V5bCgAxMDU4OTkwMDk1AHPGaUYVHRM.jpg
QZ0253,幼儿园,小班 · 2026年3月,2026-03,month,班级相册,0.71,7,人物、衣物、apron,01_幼儿园/2026-03_小班/V5bCgAxMDU4OTkwMDk1AXPGaXdWHBM.jpg,20263/V5bCgAxMDU4OTkwMDk1AXPGaXdWHBM.jpg
QZ0046,幼儿园,小班 · 2026年3月,2026-03,month,班级相册,0.8247,5,人物、孩子、utensil,01_幼儿园/2026-03_小班/V5bCgAxMDU4OTkwMDk1BHPGabPXCxM.jpg,20263/V5bCgAxMDU4OTkwMDk1BHPGabPXCxM.jpg
QZ0089,幼儿园,小班 · 2026年3月,2026-03,month,班级相册,0.7955,2,人物、孩子、建筑,01_幼儿园/2026-03_小班/V5bCgAxMDU4OTkwMDk1BhKoaV.heRY.jpg,20263/V5bCgAxMDU4OTkwMDk1BhKoaV.heRY.jpg
QZ0055,幼儿园,小班 · 2026年3月,2026-03,month,班级相册,0.82,4,人物、孩子、utensil,01_幼儿园/2026-03_小班/V5bCgAxMDU4OTkwMDk1BnPGaYeS7xI.jpg,20263/V5bCgAxMDU4OTkwMDk1BnPGaYeS7xI.jpg
QZ0156,幼儿园,小班 · 2026年3月,2026-03,month,班级相册,0.7631,8,人物、孩子、utensil,01_幼儿园/2026-03_小班/V5bCgAxMDU4OTkwMDk1CHPGadni3BI.jpg,20263/V5bCgAxMDU4OTkwMDk1CHPGadni3BI.jpg
QZ0288,幼儿园,小班 · 2026年3月,2026-03,month,班级相册,0.6931,8,人物、孩子、utensil,01_幼儿园/2026-03_小班/V5bCgAxMDU4OTkwMDk1DnPGaZtIuhI.jpg,20263/V5bCgAxMDU4OTkwMDk1DnPGaZtIuhI.jpg
QZ0372,幼儿园,小班 · 2026年3月,2026-03,month,班级相册,0.6259,7,人物、孩子、衣物,01_幼儿园/2026-03_小班/V5bCgAxMDU4OTkwMDk1IQeoaZur6iE.jpg,20263/V5bCgAxMDU4OTkwMDk1IQeoaZur6iE.jpg
QZ0206,幼儿园,小班 · 2026年3月,2026-03,month,班级相册,0.7346,3,人物、孩子、建筑,01_幼儿园/2026-03_小班/V5bCgAxMDU4OTkwMDk1J2XCaaU6ESQ.jpg,20263/V5bCgAxMDU4OTkwMDk1J2XCaaU6ESQ.jpg
QZ0402,幼儿园,小班 · 2026年3月,2026-03,month,班级相册,0.6031,6,人物、孩子、建筑,01_幼儿园/2026-03_小班/V5bCgAxMDU4OTkwMDk1KyLFaSSCCQY.jpg,20263/V5bCgAxMDU4OTkwMDk1KyLFaSSCCQY.jpg
QZ0012,幼儿园,小班 · 2026年3月,2026-03,month,班级相册,0.8654,2,人物、孩子、建筑,01_幼儿园/2026-03_小班/V5bCgAxMDU4OTkwMDk1M2WmaTB0pSg.jpg,20263/V5bCgAxMDU4OTkwMDk1M2WmaTB0pSg.jpg
QZ0388,幼儿园,小班 · 2026年3月,2026-03,month,班级相册,0.6136,11,人物、大人、孩子,01_幼儿园/2026-03_小班/V5bCgAxMDU4OTkwMDk1M2XCabkTCY.jpg,20263/V5bCgAxMDU4OTkwMDk1M2XCabkTCY.jpg
QZ0464,幼儿园,小班 · 2026年3月,2026-03,month,班级相册,0.5527,4,人物、孩子、建筑,01_幼儿园/2026-03_小班/V5bCgAxMDU4OTkwMDk1MiLFaVvfywU.jpg,20263/V5bCgAxMDU4OTkwMDk1MiLFaVvfywU.jpg
QZ0448,幼儿园,小班 · 2026年3月,2026-03,month,班级相册,0.5612,2,人物、孩子、utensil,01_幼儿园/2026-03_小班/V5bCgAxMDU4OTkwMDk1S13KaZhsYzI.jpg,20263/V5bCgAxMDU4OTkwMDk1S13KaZhsYzI.jpg
QZ0045,幼儿园,小班 · 2026年3月,2026-03,month,班级相册,0.825,2,人物、孩子、utensil,01_幼儿园/2026-03_小班/V5bCgAxMDU4OTkwMDk1TiLFabEH3gQ.jpg,20263/V5bCgAxMDU4OTkwMDk1TiLFabEH3gQ.jpg
QZ0011,幼儿园,小班 · 2026年3月,2026-03,month,班级相册,0.8658,6,人物、孩子、建筑,01_幼儿园/2026-03_小班/V5bCgAxMDU4OTkwMDk1UGWmaXeR.Cc.jpg,20263/V5bCgAxMDU4OTkwMDk1UGWmaXeR.Cc.jpg
QZ0328,幼儿园,小班 · 2026年3月,2026-03,month,班级相册,0.6615,1,人物、孩子、建筑,01_幼儿园/2026-03_小班/V5bCgAxMDU4OTkwMDk1WU7KaXPqnSQ.jpg,20263/V5bCgAxMDU4OTkwMDk1WU7KaXPqnSQ.jpg
QZ0306,幼儿园,小班 · 2026年3月,2026-03,month,班级相册,0.6798,1,户外、陆地、草地,01_幼儿园/2026-03_小班/V5bCgAxMDU4OTkwMDk1Y0SyaezgTiY.jpg,20263/V5bCgAxMDU4OTkwMDk1Y0SyaezgTiY.jpg
QZ0449,幼儿园,小班 · 2026年3月,2026-03,month,班级相册,0.5612,2,人物、孩子、utensil,01_幼儿园/2026-03_小班/V5bCgAxMDU4OTkwMDk1YE7KafzClzE.jpg,20263/V5bCgAxMDU4OTkwMDk1YE7KafzClzE.jpg
QZ0013,幼儿园,小班 · 2026年3月,2026-03,month,班级相册,0.8601,3,人物、孩子、户外,01_幼儿园/2026-03_小班/V5bCgAxMDU4OTkwMDk1YESyaRQWWCY.jpg,20263/V5bCgAxMDU4OTkwMDk1YESyaRQWWCY.jpg
QZ0015,幼儿园,小班 · 2026年3月,2026-03,month,班级相册,0.8557,3,人物、孩子、衣物,01_幼儿园/2026-03_小班/V5bCgAxMDU4OTkwMDk1YUSyaf0xUiY.jpg,20263/V5bCgAxMDU4OTkwMDk1YUSyaf0xUiY.jpg
QZ0090,幼儿园,小班 · 2026年3月,2026-03,month,班级相册,0.7951,2,人物、孩子、户外,01_幼儿园/2026-03_小班/V5bCgAxMDU4OTkwMDk1YkSyaRkNUSY.jpg,20263/V5bCgAxMDU4OTkwMDk1YkSyaRkNUSY.jpg
QZ0264,幼儿园,小班 · 2026年3月,2026-03,month,班级相册,0.7055,2,人物、孩子、玩具,01_幼儿园/2026-03_小班/V5bCgAxMDU4OTkwMDk1Zzi.aU6ltTk.jpg,20263/V5bCgAxMDU4OTkwMDk1Zzi.aU6ltTk.jpg
QZ0183,幼儿园,小班 · 2026年3月,2026-03,month,班级相册,0.7517,2,人物、孩子、材质,01_幼儿园/2026-03_小班/V5bCgAxMDU4OTkwMDk1aQqwaUjzlSk.jpg,20263/V5bCgAxMDU4OTkwMDk1aQqwaUjzlSk.jpg
QZ0420,幼儿园,小班 · 2026年3月,2026-03,month,班级相册,0.589,3,人物、孩子、衣物,01_幼儿园/2026-03_小班/V5bCgAxMDU4OTkwMDk1bOTMaVxMvR4.jpg,20263/V5bCgAxMDU4OTkwMDk1bOTMaVxMvR4.jpg
QZ0244,幼儿园,小班 · 2026年3月,2026-03,month,班级相册,0.7156,6,人物、孩子、衣物,01_幼儿园/2026-03_小班/V5bCgAxMDU4OTkwMDk1eESyaUMYAyY.jpg,20263/V5bCgAxMDU4OTkwMDk1eESyaUMYAyY.jpg
QZ0039,幼儿园,小班 · 2026年3月,2026-03,month,班级相册,0.8269,2,人物、孩子、建筑,01_幼儿园/2026-03_小班/V5bCgAxMDU4OTkwMDk1jSXNafwZVA0.jpg,20263/V5bCgAxMDU4OTkwMDk1jSXNafwZVA0.jpg
QZ0040,幼儿园,小班 · 2026年3月,2026-03,month,班级相册,0.8266,1,人物、孩子、建筑,01_幼儿园/2026-03_小班/V5bCgAxMDU4OTkwMDk1jiXNabuEUw0.jpg,20263/V5bCgAxMDU4OTkwMDk1jiXNabuEUw0.jpg
QZ0083,幼儿园,小班 · 2026年3月,2026-03,month,班级相册,0.7978,1,人物、孩子、建筑,01_幼儿园/2026-03_小班/V5bCgAxMDU4OTkwMDk1kxK9aVDKkC0.jpg,20263/V5bCgAxMDU4OTkwMDk1kxK9aVDKkC0.jpg
QZ0355,幼儿园,小班 · 2026年3月,2026-03,month,班级相册,0.6383,2,人物、孩子、材质,01_幼儿园/2026-03_小班/V5bCgAxMDU4OTkwMDk1lgnGaXI7KRU.jpg,20263/V5bCgAxMDU4OTkwMDk1lgnGaXI7KRU.jpg
QZ0136,幼儿园,小班 · 2026年3月,2026-03,month,班级相册,0.7724,4,人物、孩子、建筑,01_幼儿园/2026-03_小班/V5bCgAxMDU4OTkwMDk1mryqaWNUhQY.jpg,20263/V5bCgAxMDU4OTkwMDk1mryqaWNUhQY.jpg
QZ0371,幼儿园,小班 · 2026年3月,2026-03,month,班级相册,0.6261,7,人物、孩子、人群,01_幼儿园/2026-03_小班/V5bCgAxMDU4OTkwMDk1nAnGae3VhxQ.jpg,20263/V5bCgAxMDU4OTkwMDk1nAnGae3VhxQ.jpg
QZ0073,幼儿园,小班 · 2026年3月,2026-03,month,班级相册,0.8032,27,艺术、balloon、装饰,01_幼儿园/2026-03_小班/V5bCgAxMDU4OTkwMDk1nBOlaf3urg8.jpg,20263/V5bCgAxMDU4OTkwMDk1nBOlaf3urg8.jpg
QZ0059,幼儿园,小班 · 2026年3月,2026-03,month,班级相册,0.8151,27,人物、艺术、balloon,01_幼儿园/2026-03_小班/V5bCgAxMDU4OTkwMDk1nROlaff1rg8.jpg,20263/V5bCgAxMDU4OTkwMDk1nROlaff1rg8.jpg
QZ0148,幼儿园,小班 · 2026年3月,2026-03,month,班级相册,0.7674,27,人物、艺术、balloon,01_幼儿园/2026-03_小班/V5bCgAxMDU4OTkwMDk1nhOlacC1rw8.jpg,20263/V5bCgAxMDU4OTkwMDk1nhOlacC1rw8.jpg
QZ0143,幼儿园,小班 · 2026年3月,2026-03,month,班级相册,0.7702,27,人物、艺术、balloon,01_幼儿园/2026-03_小班/V5bCgAxMDU4OTkwMDk1nxOlaZ6loA8.jpg,20263/V5bCgAxMDU4OTkwMDk1nxOlaZ6loA8.jpg
QZ0185,幼儿园,小班 · 2026年3月,2026-03,month,班级相册,0.7514,27,人物、艺术、balloon,01_幼儿园/2026-03_小班/V5bCgAxMDU4OTkwMDk1oBOladKenw8.jpg,20263/V5bCgAxMDU4OTkwMDk1oBOladKenw8.jpg
QZ0383,幼儿园,小班 · 2026年3月,2026-03,month,班级相册,0.618,5,人物、孩子、建筑,01_幼儿园/2026-03_小班/V5bCgAxMDU4OTkwMDk1oQnGaQCuhI.jpg,20263/V5bCgAxMDU4OTkwMDk1oQnGaQCuhI.jpg
QZ0018,幼儿园,小班 · 2026年3月,2026-03,month,班级相册,0.8492,4,人物、孩子、建筑,01_幼儿园/2026-03_小班/V5bCgAxMDU4OTkwMDk1tROlaQYUQA8.jpg,20263/V5bCgAxMDU4OTkwMDk1tROlaQYUQA8.jpg
QZ0406,幼儿园,小班 · 2026年3月,2026-03,month,班级相册,0.596,1,建筑、木制品、人物,01_幼儿园/2026-03_小班/V5bCgAxMDU4OTkwMDk1vNjDaUmcFCk.jpg,20263/V5bCgAxMDU4OTkwMDk1vNjDaUmcFCk.jpg
QZ0375,幼儿园,小班 · 2026年3月,2026-03,month,班级相册,0.6247,2,人物、孩子、建筑,01_幼儿园/2026-03_小班/V5bCgAxMDU4OTkwMDk1vdjDaV5OFCk.jpg,20263/V5bCgAxMDU4OTkwMDk1vdjDaV5OFCk.jpg
QZ0395,幼儿园,小班 · 2026年3月,2026-03,month,班级相册,0.6068,2,人物、孩子、玩具,01_幼儿园/2026-03_小班/V5bCgAxMDU4OTkwMDk1xhOlackVjxA.jpg,20263/V5bCgAxMDU4OTkwMDk1xhOlackVjxA.jpg
QZ0412,幼儿园,小班 · 2026年4月,2026-04,month,班级相册,0.593,17,人物、大人、孩子,01_幼儿园/2026-04_小班/V5bCgAxMDU4OTkwMDk1.Xzrab9mKy8.jpg,20264/V5bCgAxMDU4OTkwMDk1.Xzrab9mKy8.jpg
QZ0047,幼儿园,小班 · 2026年4月,2026-04,month,班级相册,0.8245,1,人物、孩子、建筑,01_幼儿园/2026-04_小班/V5bCgAxMDU4OTkwMDk10X3rafqqwDU.jpg,20264/V5bCgAxMDU4OTkwMDk10X3rafqqwDU.jpg
QZ0199,幼儿园,小班 · 2026年4月,2026-04,month,班级相册,0.7402,1,人物、孩子、衣物,01_幼儿园/2026-04_小班/V5bCgAxMDU4OTkwMDk11b3YaVjaXwU.jpg,20264/V5bCgAxMDU4OTkwMDk11b3YaVjaXwU.jpg
QZ0155,幼儿园,小班 · 2026年4月,2026-04,month,班级相册,0.7632,2,人物、孩子、utensil,01_幼儿园/2026-04_小班/V5bCgAxMDU4OTkwMDk15LHZaWAKbSA.jpg,20264/V5bCgAxMDU4OTkwMDk15LHZaWAKbSA.jpg
QZ0170,幼儿园,小班 · 2026年4月,2026-04,month,班级相册,0.757,3,人物、孩子、大人,01_幼儿园/2026-04_小班/V5bCgAxMDU4OTkwMDk15bHZadzzayA.jpg,20264/V5bCgAxMDU4OTkwMDk15bHZadzzayA.jpg
QZ0057,幼儿园,小班 · 2026年4月,2026-04,month,班级相册,0.8191,3,人物、孩子、utensil,01_幼儿园/2026-04_小班/V5bCgAxMDU4OTkwMDk1BpTxaQY70S4.jpg,20264/V5bCgAxMDU4OTkwMDk1BpTxaQY70S4.jpg
QZ0380,幼儿园,小班 · 2026年4月,2026-04,month,班级相册,0.6215,5,人物、孩子、建筑,01_幼儿园/2026-04_小班/V5bCgAxMDU4OTkwMDk1DpTxabAMkC4.jpg,20264/V5bCgAxMDU4OTkwMDk1DpTxabAMkC4.jpg
QZ0051,幼儿园,小班 · 2026年4月,2026-04,month,班级相册,0.8226,3,人物、孩子、utensil,01_幼儿园/2026-04_小班/V5bCgAxMDU4OTkwMDk1ElbzaZV1nwA.jpg,20264/V5bCgAxMDU4OTkwMDk1ElbzaZV1nwA.jpg
QZ0232,幼儿园,小班 · 2026年4月,2026-04,month,班级相册,0.7212,8,人物、孩子、建筑,01_幼儿园/2026-04_小班/V5bCgAxMDU4OTkwMDk1F5TxaZ2uUy4.jpg,20264/V5bCgAxMDU4OTkwMDk1F5TxaZ2uUy4.jpg
QZ0418,幼儿园,小班 · 2026年4月,2026-04,month,班级相册,0.5904,10,人物、大人、机械,01_幼儿园/2026-04_小班/V5bCgAxMDU4OTkwMDk1Hzraa1VBi8.jpg,20264/V5bCgAxMDU4OTkwMDk1Hzraa1VBi8.jpg
QZ0321,幼儿园,小班 · 2026年4月,2026-04,month,班级相册,0.6687,3,人物、孩子、材质,01_幼儿园/2026-04_小班/V5bCgAxMDU4OTkwMDk1JEvOaYnMMRY.jpg,20264/V5bCgAxMDU4OTkwMDk1JEvOaYnMMRY.jpg
QZ0173,幼儿园,小班 · 2026年4月,2026-04,month,班级相册,0.7564,30,人物、人群、孩子,01_幼儿园/2026-04_小班/V5bCgAxMDU4OTkwMDk1MH3raWqzMC0.jpg,20264/V5bCgAxMDU4OTkwMDk1MH3raWqzMC0.jpg
QZ0247,幼儿园,小班 · 2026年4月,2026-04,month,班级相册,0.7148,2,人物、孩子、container,01_幼儿园/2026-04_小班/V5bCgAxMDU4OTkwMDk1PzznaZDoOTo.jpg,20264/V5bCgAxMDU4OTkwMDk1PzznaZDoOTo.jpg
QZ0014,幼儿园,小班 · 2026年4月,2026-04,month,班级相册,0.8566,4,人物、孩子、建筑,01_幼儿园/2026-04_小班/V5bCgAxMDU4OTkwMDk1TH3rafOcWiw.jpg,20264/V5bCgAxMDU4OTkwMDk1TH3rafOcWiw.jpg
QZ0219,幼儿园,小班 · 2026年4月,2026-04,month,班级相册,0.7305,1,人物、孩子、建筑,01_幼儿园/2026-04_小班/V5bCgAxMDU4OTkwMDk1UR7faXkcxwE.jpg,20264/V5bCgAxMDU4OTkwMDk1UR7faXkcxwE.jpg
QZ0138,幼儿园,小班 · 2026年4月,2026-04,month,班级相册,0.7719,3,建筑、木制品、人物,01_幼儿园/2026-04_小班/V5bCgAxMDU4OTkwMDk1VjznaYXyqzk.jpg,20264/V5bCgAxMDU4OTkwMDk1VjznaYXyqzk.jpg
QZ0079,幼儿园,小班 · 2026年4月,2026-04,month,班级相册,0.8005,1,人物、孩子、建筑,01_幼儿园/2026-04_小班/V5bCgAxMDU4OTkwMDk1VzznaXsXrjk.jpg,20264/V5bCgAxMDU4OTkwMDk1VzznaXsXrjk.jpg
QZ0233,幼儿园,小班 · 2026年4月,2026-04,month,班级相册,0.7211,5,人物、孩子、建筑,01_幼儿园/2026-04_小班/V5bCgAxMDU4OTkwMDk1W37XadPSnBA.jpg,20264/V5bCgAxMDU4OTkwMDk1W37XadPSnBA.jpg
QZ0431,幼儿园,小班 · 2026年4月,2026-04,month,班级相册,0.5736,6,人物、孩子、建筑,01_幼儿园/2026-04_小班/V5bCgAxMDU4OTkwMDk1XMLUaTWkgc.jpg,20264/V5bCgAxMDU4OTkwMDk1XMLUaTWkgc.jpg
QZ0347,幼儿园,小班 · 2026年4月,2026-04,month,班级相册,0.6457,3,人物、孩子、container,01_幼儿园/2026-04_小班/V5bCgAxMDU4OTkwMDk1XX7XaZcDlBA.jpg,20264/V5bCgAxMDU4OTkwMDk1XX7XaZcDlBA.jpg
QZ0276,幼儿园,小班 · 2026年4月,2026-04,month,班级相册,0.6989,1,人物、孩子、材质,01_幼儿园/2026-04_小班/V5bCgAxMDU4OTkwMDk1Z8LUafFpqwc.jpg,20264/V5bCgAxMDU4OTkwMDk1Z8LUafFpqwc.jpg
QZ0270,幼儿园,小班 · 2026年4月,2026-04,month,班级相册,0.7022,5,人物、孩子、建筑,01_幼儿园/2026-04_小班/V5bCgAxMDU4OTkwMDk1dsrdae.XTTo.jpg,20264/V5bCgAxMDU4OTkwMDk1dsrdae.XTTo.jpg
QZ0366,幼儿园,小班 · 2026年4月,2026-04,month,班级相册,0.6306,5,人物、孩子、建筑,01_幼儿园/2026-04_小班/V5bCgAxMDU4OTkwMDk1lSzWaSPUyDA.jpg,20264/V5bCgAxMDU4OTkwMDk1lSzWaSPUyDA.jpg
QZ0368,幼儿园,小班 · 2026年4月,2026-04,month,班级相册,0.6286,3,人物、孩子、艺术,01_幼儿园/2026-04_小班/V5bCgAxMDU4OTkwMDk1nSzWaQPHrTA.jpg,20264/V5bCgAxMDU4OTkwMDk1nSzWaQPHrTA.jpg
QZ0376,幼儿园,小班 · 2026年4月,2026-04,month,班级相册,0.6243,9,人物、大人、陆地,01_幼儿园/2026-04_小班/V5bCgAxMDU4OTkwMDk1nzraeYVAC8.jpg,20264/V5bCgAxMDU4OTkwMDk1nzraeYVAC8.jpg
QZ0428,幼儿园,小班 · 2026年4月,2026-04,month,班级相册,0.5766,3,人物、孩子、建筑,01_幼儿园/2026-04_小班/V5bCgAxMDU4OTkwMDk1oSzWafCmBTE.jpg,20264/V5bCgAxMDU4OTkwMDk1oSzWafCmBTE.jpg
QZ0052,幼儿园,小班 · 2026年4月,2026-04,month,班级相册,0.8223,1,人物、孩子、衣物,01_幼儿园/2026-04_小班/V5bCgAxMDU4OTkwMDk1pUzkaZKqdR8.jpg,20264/V5bCgAxMDU4OTkwMDk1pUzkaZKqdR8.jpg
QZ0363,幼儿园,小班 · 2026年4月,2026-04,month,班级相册,0.6333,2,人物、孩子、建筑,01_幼儿园/2026-04_小班/V5bCgAxMDU4OTkwMDk1pizvaQzkhBE.jpg,20264/V5bCgAxMDU4OTkwMDk1pizvaQzkhBE.jpg
QZ0028,幼儿园,小班 · 2026年4月,2026-04,month,班级相册,0.837,1,孩子、人物、container,01_幼儿园/2026-04_小班/V5bCgAxMDU4OTkwMDk1r4nPaT6JBTU.jpg,20264/V5bCgAxMDU4OTkwMDk1r4nPaT6JBTU.jpg
QZ0320,幼儿园,小班 · 2026年4月,2026-04,month,班级相册,0.6699,1,人物、孩子、建筑,01_幼儿园/2026-04_小班/V5bCgAxMDU4OTkwMDk1rLHZaeQK9CE.jpg,20264/V5bCgAxMDU4OTkwMDk1rLHZaeQK9CE.jpg
QZ0220,幼儿园,小班 · 2026年4月,2026-04,month,班级相册,0.7304,1,人物、孩子、container,01_幼儿园/2026-04_小班/V5bCgAxMDU4OTkwMDk1ronPaV40BTU.jpg,20264/V5bCgAxMDU4OTkwMDk1ronPaV40BTU.jpg
QZ0215,幼儿园,小班 · 2026年4月,2026-04,month,班级相册,0.7314,5,人物、孩子、大人,01_幼儿园/2026-04_小班/V5bCgAxMDU4OTkwMDk1uH3raVOMtTY.jpg,20264/V5bCgAxMDU4OTkwMDk1uH3raVOMtTY.jpg
QZ0370,幼儿园,小班 · 2026年4月,2026-04,month,班级相册,0.6267,3,人物、孩子、玩具,01_幼儿园/2026-04_小班/V5bCgAxMDU4OTkwMDk1vbHZaW7hCE.jpg,20264/V5bCgAxMDU4OTkwMDk1vbHZaW7hCE.jpg
QZ0282,幼儿园,小班 · 2026年4月,2026-04,month,班级相册,0.695,6,人物、孩子、建筑,01_幼儿园/2026-04_小班/V5bCgAxMDU4OTkwMDk1x8TcaVEaDTs.jpg,20264/V5bCgAxMDU4OTkwMDk1x8TcaVEaDTs.jpg
QZ0392,幼儿园,小班 · 2026年4月,2026-04,month,班级相册,0.6107,1,人物、孩子、衣物,01_幼儿园/2026-04_小班/V5bCgAxMDU4OTkwMDk1yX3rab1UETY.jpg,20264/V5bCgAxMDU4OTkwMDk1yX3rab1UETY.jpg
QZ0466,幼儿园,小班 · 2026年4月 · 运动会,2026-04,month,班级相册,0.5523,4,草地、陆地、户外,01_幼儿园/2026-04_运动会/V5bCgAxMDU4OTkwMDk1EFrjaazu9h0.jpg,202604运动会/V5bCgAxMDU4OTkwMDk1EFrjaazu9h0.jpg
QZ0159,幼儿园,小班 · 2026年4月 · 运动会,2026-04,month,班级相册,0.7621,3,人物、户外、草地,01_幼儿园/2026-04_运动会/V5bCgAxMDU4OTkwMDk1dFvjaX3QtS4.jpg,202604运动会/V5bCgAxMDU4OTkwMDk1dFvjaX3QtS4.jpg
QZ0177,幼儿园,小班 · 2026年4月 · 运动会,2026-04,month,班级相册,0.7545,2,户外、草地、陆地,01_幼儿园/2026-04_运动会/V5bCgAxMDU4OTkwMDk1dVvjaWgctC4.jpg,202604运动会/V5bCgAxMDU4OTkwMDk1dVvjaWgctC4.jpg
KU1034,幼儿园,家长拍摄·2026,2026-04-02,day,个人相册,0.7571,2,人物、孩子、建筑,01_幼儿园/家长拍摄·2026/mmexport1775131199246.jpg,mmexport1775131199246.jpg
KU0486,幼儿园,家长拍摄·2026,2026-04-24,day,个人相册,0.8422,5,人物、孩子、大人,01_幼儿园/家长拍摄·2026/IMG20260424095753.jpg,IMG20260424095753.jpg
QZ0017,幼儿园,小班 · 2026年5月,2026-05,month,班级相册,0.8527,5,人物、孩子、建筑,01_幼儿园/2026-05_小班/V5bCgAxMDU4OTkwMDk1.FEZaqKiRhE.jpg,20265/V5bCgAxMDU4OTkwMDk1.FEZaqKiRhE.jpg
QZ0033,幼儿园,小班 · 2026年5月,2026-05,month,班级相册,0.8322,5,人物、孩子、建筑,01_幼儿园/2026-05_小班/V5bCgAxMDU4OTkwMDk19lEZamJDThE.jpg,20265/V5bCgAxMDU4OTkwMDk19lEZamJDThE.jpg
QZ0257,幼儿园,小班 · 2026年5月,2026-05,month,班级相册,0.709,14,人物、大人、孩子,01_幼儿园/2026-05_小班/V5bCgAxMDU4OTkwMDk1CyQHamw9dAE.jpg,20265/V5bCgAxMDU4OTkwMDk1CyQHamw9dAE.jpg
QZ0246,幼儿园,小班 · 2026年5月,2026-05,month,班级相册,0.7149,3,人物、孩子、utensil,01_幼儿园/2026-05_小班/V5bCgAxMDU4OTkwMDk1IiQHaiv4ZgA.jpg,20265/V5bCgAxMDU4OTkwMDk1IiQHaiv4ZgA.jpg
QZ0221,幼儿园,小班 · 2026年5月,2026-05,month,班级相册,0.7295,2,人物、孩子、餐具,01_幼儿园/2026-05_小班/V5bCgAxMDU4OTkwMDk1LfEKaqc.iQE.jpg,20265/V5bCgAxMDU4OTkwMDk1LfEKaqc.iQE.jpg
QZ0316,幼儿园,小班 · 2026年5月,2026-05,month,班级相册,0.674,6,人物、孩子、大人,01_幼儿园/2026-05_小班/V5bCgAxMDU4OTkwMDk1MjscakJzwQU.jpg,20265/V5bCgAxMDU4OTkwMDk1MjscakJzwQU.jpg
QZ0241,幼儿园,小班 · 2026年5月,2026-05,month,班级相册,0.7178,6,人物、孩子、建筑,01_幼儿园/2026-05_小班/V5bCgAxMDU4OTkwMDk1MyQHakMVRDs.jpg,20265/V5bCgAxMDU4OTkwMDk1MyQHakMVRDs.jpg
QZ0348,幼儿园,小班 · 2026年5月,2026-05,month,班级相册,0.6453,4,人物、孩子、植物,01_幼儿园/2026-05_小班/V5bCgAxMDU4OTkwMDk1RSQHah0Rlzo.jpg,20265/V5bCgAxMDU4OTkwMDk1RSQHah0Rlzo.jpg
QZ0172,幼儿园,小班 · 2026年5月,2026-05,month,班级相册,0.7568,2,人物、孩子、建筑,01_幼儿园/2026-05_小班/V5bCgAxMDU4OTkwMDk1RyQHaptVjjo.jpg,20265/V5bCgAxMDU4OTkwMDk1RyQHaptVjjo.jpg
QZ0112,幼儿园,小班 · 2026年5月,2026-05,month,班级相册,0.7799,1,人物、孩子、建筑,01_幼儿园/2026-05_小班/V5bCgAxMDU4OTkwMDk1SCQHak7gezo.jpg,20265/V5bCgAxMDU4OTkwMDk1SCQHak7gezo.jpg
QZ0231,幼儿园,小班 · 2026年5月,2026-05,month,班级相册,0.7237,2,人物、孩子、建筑,01_幼儿园/2026-05_小班/V5bCgAxMDU4OTkwMDk1STscarUsJwU.jpg,20265/V5bCgAxMDU4OTkwMDk1STscarUsJwU.jpg
QZ0373,幼儿园,小班 · 2026年5月,2026-05,month,班级相册,0.6255,4,人物、孩子、建筑,01_幼儿园/2026-05_小班/V5bCgAxMDU4OTkwMDk1Sjscag2bJgU.jpg,20265/V5bCgAxMDU4OTkwMDk1Sjscag2bJgU.jpg
QZ0396,幼儿园,小班 · 2026年5月,2026-05,month,班级相册,0.6067,1,人物、孩子、艺术,01_幼儿园/2026-05_小班/V5bCgAxMDU4OTkwMDk1SxH7aSlcAyg.jpg,20265/V5bCgAxMDU4OTkwMDk1SxH7aSlcAyg.jpg
QZ0344,幼儿园,小班 · 2026年5月,2026-05,month,班级相册,0.647,1,人物、孩子、utensil,01_幼儿园/2026-05_小班/V5bCgAxMDU4OTkwMDk1TBcZao68yBQ.jpg,20265/V5bCgAxMDU4OTkwMDk1TBcZao68yBQ.jpg
QZ0312,幼儿园,小班 · 2026年5月,2026-05,month,班级相册,0.6767,18,人物、孩子、人群,01_幼儿园/2026-05_小班/V5bCgAxMDU4OTkwMDk1TRH7adqBLC0.jpg,20265/V5bCgAxMDU4OTkwMDk1TRH7adqBLC0.jpg
QZ0419,幼儿园,小班 · 2026年5月,2026-05,month,班级相册,0.5895,3,建筑、木制品、人物,01_幼儿园/2026-05_小班/V5bCgAxMDU4OTkwMDk1UHP9acaGPTE.jpg,20265/V5bCgAxMDU4OTkwMDk1UHP9acaGPTE.jpg
QZ0421,幼儿园,小班 · 2026年5月,2026-05,month,班级相册,0.5865,7,人物、孩子、教室,01_幼儿园/2026-05_小班/V5bCgAxMDU4OTkwMDk1VEZanISMBI.jpg,20265/V5bCgAxMDU4OTkwMDk1VEZanISMBI.jpg
QZ0337,幼儿园,小班 · 2026年5月,2026-05,month,班级相册,0.6507,10,人物、人群、孩子,01_幼儿园/2026-05_小班/V5bCgAxMDU4OTkwMDk1VRH7acY26Cs.jpg,20265/V5bCgAxMDU4OTkwMDk1VRH7acY26Cs.jpg
QZ0077,幼儿园,小班 · 2026年5月,2026-05,month,班级相册,0.8016,1,人物、孩子、建筑,01_幼儿园/2026-05_小班/V5bCgAxMDU4OTkwMDk1Z5URav.qhhY.jpg,20265/V5bCgAxMDU4OTkwMDk1Z5URav.qhhY.jpg
QZ0351,幼儿园,小班 · 2026年5月,2026-05,month,班级相册,0.6392,1,人物、孩子、建筑,01_幼儿园/2026-05_小班/V5bCgAxMDU4OTkwMDk1ZDwcag3PJho.jpg,20265/V5bCgAxMDU4OTkwMDk1ZDwcag3PJho.jpg
QZ0342,幼儿园,小班 · 2026年5月,2026-05,month,班级相册,0.6486,26,人物、孩子、人群,01_幼儿园/2026-05_小班/V5bCgAxMDU4OTkwMDk1baQBar1EiE.jpg,20265/V5bCgAxMDU4OTkwMDk1baQBar1EiE.jpg
QZ0164,幼儿园,小班 · 2026年5月,2026-05,month,班级相册,0.7596,47,人物、草地、陆地,01_幼儿园/2026-05_小班/V5bCgAxMDU4OTkwMDk1caQBasFeGyk.jpg,20265/V5bCgAxMDU4OTkwMDk1caQBasFeGyk.jpg
QZ0327,幼儿园,小班 · 2026年5月,2026-05,month,班级相册,0.6618,8,人物、孩子、建筑,01_幼儿园/2026-05_小班/V5bCgAxMDU4OTkwMDk1cpURarxlShY.jpg,20265/V5bCgAxMDU4OTkwMDk1cpURarxlShY.jpg
QZ0205,幼儿园,小班 · 2026年5月,2026-05,month,班级相册,0.7359,2,人物、孩子、utensil,01_幼儿园/2026-05_小班/V5bCgAxMDU4OTkwMDk1dRcZasHlTxQ.jpg,20265/V5bCgAxMDU4OTkwMDk1dRcZasHlTxQ.jpg
QZ0041,幼儿园,小班 · 2026年5月,2026-05,month,班级相册,0.8261,6,人物、孩子、衣物,01_幼儿园/2026-05_小班/V5bCgAxMDU4OTkwMDk1eDwcarzHlBk.jpg,20265/V5bCgAxMDU4OTkwMDk1eDwcarzHlBk.jpg
QZ0314,幼儿园,小班 · 2026年5月,2026-05,month,班级相册,0.6755,2,人物、孩子、户外,01_幼儿园/2026-05_小班/V5bCgAxMDU4OTkwMDk1eJURatmcFxY.jpg,20265/V5bCgAxMDU4OTkwMDk1eJURatmcFxY.jpg
QZ0023,幼儿园,小班 · 2026年5月,2026-05,month,班级相册,0.8447,2,人物、孩子、户外,01_幼儿园/2026-05_小班/V5bCgAxMDU4OTkwMDk1eZURatFgGBY.jpg,20265/V5bCgAxMDU4OTkwMDk1eZURatFgGBY.jpg
QZ0082,幼儿园,小班 · 2026年5月,2026-05,month,班级相册,0.7989,1,人物、孩子、document,01_幼儿园/2026-05_小班/V5bCgAxMDU4OTkwMDk1gaQBatyv5iI.jpg,20265/V5bCgAxMDU4OTkwMDk1gaQBatyv5iI.jpg
QZ0008,幼儿园,小班 · 2026年5月,2026-05,month,班级相册,0.8739,2,人物、孩子、建筑,01_幼儿园/2026-05_小班/V5bCgAxMDU4OTkwMDk1gq8WavT9OCg.jpg,20265/V5bCgAxMDU4OTkwMDk1gq8WavT9OCg.jpg
QZ0009,幼儿园,小班 · 2026年5月,2026-05,month,班级相册,0.8739,2,人物、孩子、建筑,01_幼儿园/2026-05_小班/V5bCgAxMDU4OTkwMDk1jTwcalIUFBk.jpg,20265/V5bCgAxMDU4OTkwMDk1jTwcalIUFBk.jpg
QZ0397,幼儿园,小班 · 2026年5月,2026-05,month,班级相册,0.606,4,人物、孩子、建筑,01_幼儿园/2026-05_小班/V5bCgAxMDU4OTkwMDk1k68Wapk4yic.jpg,20265/V5bCgAxMDU4OTkwMDk1k68Wapk4yic.jpg
QZ0093,幼儿园,小班 · 2026年5月,2026-05,month,班级相册,0.7907,3,艺术、balloon、装饰,01_幼儿园/2026-05_小班/V5bCgAxMDU4OTkwMDk1khcZao7J8xM.jpg,20265/V5bCgAxMDU4OTkwMDk1khcZao7J8xM.jpg
QZ0179,幼儿园,小班 · 2026年5月,2026-05,month,班级相册,0.7536,3,艺术、装饰、balloon,01_幼儿园/2026-05_小班/V5bCgAxMDU4OTkwMDk1kxcZaugm9BM.jpg,20265/V5bCgAxMDU4OTkwMDk1kxcZaugm9BM.jpg
QZ0103,幼儿园,小班 · 2026年5月,2026-05,month,班级相册,0.7852,3,艺术、装饰、balloon,01_幼儿园/2026-05_小班/V5bCgAxMDU4OTkwMDk1lBcZancH8xM.jpg,20265/V5bCgAxMDU4OTkwMDk1lBcZancH8xM.jpg
QZ0225,幼儿园,小班 · 2026年5月,2026-05,month,班级相册,0.7286,5,建筑、人物、孩子,01_幼儿园/2026-05_小班/V5bCgAxMDU4OTkwMDk1lDscatTk.go.jpg,20265/V5bCgAxMDU4OTkwMDk1lDscatTk.go.jpg
QZ0379,幼儿园,小班 · 2026年5月,2026-05,month,班级相册,0.6226,2,建筑、人物、孩子,01_幼儿园/2026-05_小班/V5bCgAxMDU4OTkwMDk1mDscaoJB6Ao.jpg,20265/V5bCgAxMDU4OTkwMDk1mDscaoJB6Ao.jpg
QZ0126,幼儿园,小班 · 2026年5月,2026-05,month,班级相册,0.7761,4,人物、孩子、建筑,01_幼儿园/2026-05_小班/V5bCgAxMDU4OTkwMDk1mK8Wap4BoSc.jpg,20265/V5bCgAxMDU4OTkwMDk1mK8Wap4BoSc.jpg
QZ0144,幼儿园,小班 · 2026年5月,2026-05,month,班级相册,0.7698,3,人物、孩子、建筑,01_幼儿园/2026-05_小班/V5bCgAxMDU4OTkwMDk1nSYHalaqoyE.jpg,20265/V5bCgAxMDU4OTkwMDk1nSYHalaqoyE.jpg
QZ0239,幼儿园,小班 · 2026年5月,2026-05,month,班级相册,0.7184,2,建筑、木制品、人物,01_幼儿园/2026-05_小班/V5bCgAxMDU4OTkwMDk1ojscasC6qQo.jpg,20265/V5bCgAxMDU4OTkwMDk1ojscasC6qQo.jpg
QZ0070,幼儿园,小班 · 2026年5月,2026-05,month,班级相册,0.8043,3,人物、孩子、utensil,01_幼儿园/2026-05_小班/V5bCgAxMDU4OTkwMDk1qyYHatvdLSE.jpg,20265/V5bCgAxMDU4OTkwMDk1qyYHatvdLSE.jpg
QZ0387,幼儿园,小班 · 2026年5月,2026-05,month,班级相册,0.6143,3,人物、孩子、建筑,01_幼儿园/2026-05_小班/V5bCgAxMDU4OTkwMDk1wTQMaoUgmTI.jpg,20265/V5bCgAxMDU4OTkwMDk1wTQMaoUgmTI.jpg
QZ0222,幼儿园,小班 · 2026年6月,2026-06,month,班级相册,0.7294,1,人物、孩子、室内空间,01_幼儿园/2026-06_小班/V5bCgAxMDU4OTkwMDk105smarISYQo.jpg,20266/V5bCgAxMDU4OTkwMDk105smarISYQo.jpg
QZ0211,幼儿园,小班 · 2026年6月,2026-06,month,班级相册,0.7322,1,人物、孩子、大人,01_幼儿园/2026-06_小班/V5bCgAxMDU4OTkwMDk11Jsmag2HYgo.jpg,20266/V5bCgAxMDU4OTkwMDk11Jsmag2HYgo.jpg
QZ0430,幼儿园,小班 · 2026年6月,2026-06,month,班级相册,0.5746,1,人物、孩子、材质,01_幼儿园/2026-06_小班/V5bCgAxMDU4OTkwMDk11Zsmaub7YAo.jpg,20266/V5bCgAxMDU4OTkwMDk11Zsmaub7YAo.jpg
QZ0132,幼儿园,小班 · 2026年6月,2026-06,month,班级相册,0.7746,3,人物、孩子、utensil,01_幼儿园/2026-06_小班/V5bCgAxMDU4OTkwMDk12kJCajFymBc.jpg,20266/V5bCgAxMDU4OTkwMDk12kJCajFymBc.jpg
QZ0262,幼儿园,小班 · 2026年6月,2026-06,month,班级相册,0.7065,4,人物、孩子、建筑,01_幼儿园/2026-06_小班/V5bCgAxMDU4OTkwMDk14HIuajiKRAE.jpg,20266/V5bCgAxMDU4OTkwMDk14HIuajiKRAE.jpg
QZ0260,幼儿园,小班 · 2026年6月,2026-06,month,班级相册,0.7076,12,人物、孩子、建筑,01_幼儿园/2026-06_小班/V5bCgAxMDU4OTkwMDk14XIual24BwE.jpg,20266/V5bCgAxMDU4OTkwMDk14XIual24BwE.jpg
QZ0298,幼儿园,小班 · 2026年6月,2026-06,month,班级相册,0.6878,5,人物、孩子、植物,01_幼儿园/2026-06_小班/V5bCgAxMDU4OTkwMDk14ZsmajhESQo.jpg,20266/V5bCgAxMDU4OTkwMDk14ZsmajhESQo.jpg
QZ0354,幼儿园,小班 · 2026年6月,2026-06,month,班级相册,0.6384,4,人物、孩子、建筑,01_幼儿园/2026-06_小班/V5bCgAxMDU4OTkwMDk173IuaotNLgA.jpg,20266/V5bCgAxMDU4OTkwMDk173IuaotNLgA.jpg
QZ0367,幼儿园,小班 · 2026年6月,2026-06,month,班级相册,0.6305,1,人物、孩子、建筑,01_幼儿园/2026-06_小班/V5bCgAxMDU4OTkwMDk17HIuaiE2WwA.jpg,20266/V5bCgAxMDU4OTkwMDk17HIuaiE2WwA.jpg
QZ0095,幼儿园,小班 · 2026年6月,2026-06,month,班级相册,0.789,2,人物、孩子、艺术,01_幼儿园/2026-06_小班/V5bCgAxMDU4OTkwMDk17XIuauuBOQA.jpg,20266/V5bCgAxMDU4OTkwMDk17XIuauuBOQA.jpg
QZ0147,幼儿园,小班 · 2026年6月,2026-06,month,班级相册,0.7676,2,人物、孩子、container,01_幼儿园/2026-06_小班/V5bCgAxMDU4OTkwMDk17nIuasU0LgA.jpg,20266/V5bCgAxMDU4OTkwMDk17nIuasU0LgA.jpg
QZ0154,幼儿园,小班 · 2026年6月,2026-06,month,班级相册,0.7634,4,人物、孩子、建筑,01_幼儿园/2026-06_小班/V5bCgAxMDU4OTkwMDk1AHIuauTNlzM.jpg,20266/V5bCgAxMDU4OTkwMDk1AHIuauTNlzM.jpg
QZ0266,幼儿园,小班 · 2026年6月,2026-06,month,班级相册,0.7036,2,人物、孩子、建筑,01_幼儿园/2026-06_小班/V5bCgAxMDU4OTkwMDk1B3Iuahty6zI.jpg,20266/V5bCgAxMDU4OTkwMDk1B3Iuahty6zI.jpg
QZ0071,幼儿园,小班 · 2026年6月,2026-06,month,班级相册,0.8042,2,人物、孩子、建筑,01_幼儿园/2026-06_小班/V5bCgAxMDU4OTkwMDk1BnIuajLjHzM.jpg,20266/V5bCgAxMDU4OTkwMDk1BnIuajLjHzM.jpg
QZ0128,幼儿园,小班 · 2026年6月,2026-06,month,班级相册,0.7759,1,建筑、木制品、人物,01_幼儿园/2026-06_小班/V5bCgAxMDU4OTkwMDk1GHIuag7ISjE.jpg,20266/V5bCgAxMDU4OTkwMDk1GHIuag7ISjE.jpg
QZ0447,幼儿园,小班 · 2026年6月,2026-06,month,班级相册,0.5613,5,人物、大人、孩子,01_幼儿园/2026-06_小班/V5bCgAxMDU4OTkwMDk1LHIuamfy6i8.jpg,20266/V5bCgAxMDU4OTkwMDk1LHIuamfy6i8.jpg
QZ0470,幼儿园,小班 · 2026年6月,2026-06,month,班级相册,0.5506,4,人物、孩子、建筑,01_幼儿园/2026-06_小班/V5bCgAxMDU4OTkwMDk1Mm0.ak73Ewo.jpg,20266/V5bCgAxMDU4OTkwMDk1Mm0.ak73Ewo.jpg
QZ0471,幼儿园,小班 · 2026年6月,2026-06,month,班级相册,0.5505,6,人物、孩子、建筑,01_幼儿园/2026-06_小班/V5bCgAxMDU4OTkwMDk1OQYkagYShgQ.jpg,20266/V5bCgAxMDU4OTkwMDk1OQYkagYShgQ.jpg
QZ0326,幼儿园,小班 · 2026年6月,2026-06,month,班级相册,0.6632,6,人物、孩子、建筑,01_幼儿园/2026-06_小班/V5bCgAxMDU4OTkwMDk1Q.gzaogcbCo.jpg,20266/V5bCgAxMDU4OTkwMDk1Q.gzaogcbCo.jpg
QZ0105,幼儿园,小班 · 2026年6月,2026-06,month,班级相册,0.7834,3,人物、孩子、建筑,01_幼儿园/2026-06_小班/V5bCgAxMDU4OTkwMDk1R0ohahrRJCU.jpg,20266/V5bCgAxMDU4OTkwMDk1R0ohahrRJCU.jpg
QZ0102,幼儿园,小班 · 2026年6月,2026-06,month,班级相册,0.7852,2,人物、孩子、建筑,01_幼儿园/2026-06_小班/V5bCgAxMDU4OTkwMDk1TUohakdpFiU.jpg,20266/V5bCgAxMDU4OTkwMDk1TUohakdpFiU.jpg
QZ0394,幼儿园,小班 · 2026年6月,2026-06,month,班级相册,0.6079,1,人物、孩子、建筑,01_幼儿园/2026-06_小班/V5bCgAxMDU4OTkwMDk1UUohahNCBCU.jpg,20266/V5bCgAxMDU4OTkwMDk1UUohahNCBCU.jpg
QZ0151,幼儿园,小班 · 2026年6月,2026-06,month,班级相册,0.7658,1,人物、孩子、建筑,01_幼儿园/2026-06_小班/V5bCgAxMDU4OTkwMDk1Y0YqagDxoBw.jpg,20266/V5bCgAxMDU4OTkwMDk1Y0YqagDxoBw.jpg
QZ0401,幼儿园,小班 · 2026年6月,2026-06,month,班级相册,0.6044,4,人物、孩子、玩具,01_幼儿园/2026-06_小班/V5bCgAxMDU4OTkwMDk1Z95AavUdCQw.jpg,20266/V5bCgAxMDU4OTkwMDk1Z95AavUdCQw.jpg
QZ0084,幼儿园,小班 · 2026年6月,2026-06,month,班级相册,0.7971,2,人物、孩子、建筑,01_幼儿园/2026-06_小班/V5bCgAxMDU4OTkwMDk1brQmamYMdhs.jpg,20266/V5bCgAxMDU4OTkwMDk1brQmamYMdhs.jpg
QZ0459,幼儿园,小班 · 2026年6月,2026-06,month,班级相册,0.5542,1,人物、孩子、艺术,01_幼儿园/2026-06_小班/V5bCgAxMDU4OTkwMDk1ct5Aarjbtgs.jpg,20266/V5bCgAxMDU4OTkwMDk1ct5Aarjbtgs.jpg
QZ0308,幼儿园,小班 · 2026年6月,2026-06,month,班级相册,0.6789,1,人物、孩子、材质,01_幼儿园/2026-06_小班/V5bCgAxMDU4OTkwMDk1ekYqaqjYxw.jpg,20266/V5bCgAxMDU4OTkwMDk1ekYqaqjYxw.jpg
QZ0460,幼儿园,小班 · 2026年6月,2026-06,month,班级相册,0.5541,3,人物、孩子、室内空间,01_幼儿园/2026-06_小班/V5bCgAxMDU4OTkwMDk1fN5AaoROaQs.jpg,20266/V5bCgAxMDU4OTkwMDk1fN5AaoROaQs.jpg
QZ0469,幼儿园,小班 · 2026年6月,2026-06,month,班级相册,0.5506,4,人物、孩子、建筑,01_幼儿园/2026-06_小班/V5bCgAxMDU4OTkwMDk1ft5AaqHKZAs.jpg,20266/V5bCgAxMDU4OTkwMDk1ft5AaqHKZAs.jpg
QZ0346,幼儿园,小班 · 2026年6月,2026-06,month,班级相册,0.6467,4,人物、孩子、建筑,01_幼儿园/2026-06_小班/V5bCgAxMDU4OTkwMDk1ggYkasMtqTo.jpg,20266/V5bCgAxMDU4OTkwMDk1ggYkasMtqTo.jpg
QZ0036,幼儿园,小班 · 2026年6月,2026-06,month,班级相册,0.8294,3,人物、孩子、建筑,01_幼儿园/2026-06_小班/V5bCgAxMDU4OTkwMDk1gwYkaokPcjo.jpg,20266/V5bCgAxMDU4OTkwMDk1gwYkaokPcjo.jpg
QZ0024,幼儿园,小班 · 2026年6月,2026-06,month,班级相册,0.8443,1,人物、孩子、建筑,01_幼儿园/2026-06_小班/V5bCgAxMDU4OTkwMDk1hwYkatbETDo.jpg,20266/V5bCgAxMDU4OTkwMDk1hwYkatbETDo.jpg
QZ0140,幼儿园,小班 · 2026年6月,2026-06,month,班级相册,0.7717,7,人物、孩子、建筑,01_幼儿园/2026-06_小班/V5bCgAxMDU4OTkwMDk1lAYkarjZzjU.jpg,20266/V5bCgAxMDU4OTkwMDk1lAYkarjZzjU.jpg
QZ0200,幼儿园,小班 · 2026年6月,2026-06,month,班级相册,0.7399,4,人物、孩子、建筑,01_幼儿园/2026-06_小班/V5bCgAxMDU4OTkwMDk1lQYkan8qmDU.jpg,20266/V5bCgAxMDU4OTkwMDk1lQYkan8qmDU.jpg
QZ0050,幼儿园,小班 · 2026年6月,2026-06,month,班级相册,0.8231,1,建筑、人物、孩子,01_幼儿园/2026-06_小班/V5bCgAxMDU4OTkwMDk1m7QmaiCIfyA.jpg,20266/V5bCgAxMDU4OTkwMDk1m7QmaiCIfyA.jpg
QZ0234,幼儿园,小班 · 2026年6月,2026-06,month,班级相册,0.721,2,人物、孩子、建筑,01_幼儿园/2026-06_小班/V5bCgAxMDU4OTkwMDk1nLQmagS6fyA.jpg,20266/V5bCgAxMDU4OTkwMDk1nLQmagS6fyA.jpg
QZ0249,幼儿园,小班 · 2026年6月,2026-06,month,班级相册,0.7136,5,人物、孩子、建筑,01_幼儿园/2026-06_小班/V5bCgAxMDU4OTkwMDk1nrQmapG2YCA.jpg,20266/V5bCgAxMDU4OTkwMDk1nrQmapG2YCA.jpg
QZ0174,幼儿园,小班 · 2026年6月,2026-06,month,班级相册,0.7559,3,建筑、木制品、人物,01_幼儿园/2026-06_小班/V5bCgAxMDU4OTkwMDk1prQmagA0HCA.jpg,20266/V5bCgAxMDU4OTkwMDk1prQmagA0HCA.jpg
QZ0120,幼儿园,小班 · 2026年6月,2026-06,month,班级相册,0.7772,2,人物、孩子、建筑,01_幼儿园/2026-06_小班/V5bCgAxMDU4OTkwMDk1raMnavSz1Cs.jpg,20266/V5bCgAxMDU4OTkwMDk1raMnavSz1Cs.jpg
QZ0149,幼儿园,小班 · 2026年6月,2026-06,month,班级相册,0.7673,3,人物、孩子、建筑,01_幼儿园/2026-06_小班/V5bCgAxMDU4OTkwMDk1saMnaj6rwis.jpg,20266/V5bCgAxMDU4OTkwMDk1saMnaj6rwis.jpg
QZ0193,幼儿园,小班 · 2026年6月,2026-06,month,班级相册,0.7432,1,人物、孩子、建筑,01_幼儿园/2026-06_小班/V5bCgAxMDU4OTkwMDk1t0JCaobxxc.jpg,20266/V5bCgAxMDU4OTkwMDk1t0JCaobxxc.jpg
QZ0032,幼儿园,小班 · 2026年6月,2026-06,month,班级相册,0.8331,2,人物、孩子、建筑,01_幼儿园/2026-06_小班/V5bCgAxMDU4OTkwMDk1wEJCahVr3Bc.jpg,20266/V5bCgAxMDU4OTkwMDk1wEJCahVr3Bc.jpg
QZ0293,幼儿园,小班 · 2026年6月,2026-06,month,班级相册,0.6913,2,人物、孩子、建筑,01_幼儿园/2026-06_小班/V5bCgAxMDU4OTkwMDk1wkJCapDa2hc.jpg,20266/V5bCgAxMDU4OTkwMDk1wkJCapDa2hc.jpg
QZ0427,幼儿园,小班 · 2026年6月,2026-06,month,班级相册,0.5802,3,教室、室内空间、人物,01_幼儿园/2026-06_小班/V5bCgAxMDU4OTkwMDk1yQ8aoSL1Ss.jpg,20266/V5bCgAxMDU4OTkwMDk1yQ8aoSL1Ss.jpg
KU2065,幼儿园,家长拍摄·2026,2026-06-20,day,个人相册,0.6765,7,人物、室内空间、餐厅,01_幼儿园/家长拍摄·2026/IMG20260620204205.jpg,IMG20260620204205.jpg
KU1261,幼儿园,家长拍摄·2026,2026-06-20,day,个人相册,0.7413,11,人物、室内空间、餐厅,01_幼儿园/家长拍摄·2026/IMG20260620204207.jpg,IMG20260620204207.jpg
QZ0403,幼儿园,小班 · 2026年7月,2026-07,month,班级相册,0.6014,5,人物、孩子、建筑,01_幼儿园/2026-07_小班/V5bCgAxMDU4OTkwMDk103BQaqgyKTs.jpg,20267/V5bCgAxMDU4OTkwMDk103BQaqgyKTs.jpg
QZ0124,幼儿园,小班 · 2026年7月,2026-07,month,班级相册,0.7764,3,人物、孩子、utensil,01_幼儿园/2026-07_小班/V5bCgAxMDU4OTkwMDk10B9Oas396zI.jpg,20267/V5bCgAxMDU4OTkwMDk10B9Oas396zI.jpg
QZ0385,幼儿园,小班 · 2026年7月,2026-07,month,班级相册,0.6157,6,人物、孩子、建筑,01_幼儿园/2026-07_小班/V5bCgAxMDU4OTkwMDk13nBQapPRtzE.jpg,20267/V5bCgAxMDU4OTkwMDk13nBQapPRtzE.jpg
QZ0085,幼儿园,小班 · 2026年7月,2026-07,month,班级相册,0.7971,1,玩具、vehicle_toy、建筑,01_幼儿园/2026-07_小班/V5bCgAxMDU4OTkwMDk1fipPattgogg.jpg,20267/V5bCgAxMDU4OTkwMDk1fipPattgogg.jpg
QZ0123,幼儿园,小班 · 2026年7月,2026-07,month,班级相册,0.7765,1,建筑、木制品、人物,01_幼儿园/2026-07_小班/V5bCgAxMDU4OTkwMDk1iCpPaglEnQg.jpg,20267/V5bCgAxMDU4OTkwMDk1iCpPaglEnQg.jpg
QZ0037,幼儿园,小班 · 2026年7月,2026-07,month,班级相册,0.8282,5,人物、孩子、建筑,01_幼儿园/2026-07_小班/V5bCgAxMDU4OTkwMDk1jF9OaqQZAhA.jpg,20267/V5bCgAxMDU4OTkwMDk1jF9OaqQZAhA.jpg
QZ0223,幼儿园,小班 · 2026年7月,2026-07,month,班级相册,0.7292,3,人物、孩子、建筑,01_幼儿园/2026-07_小班/V5bCgAxMDU4OTkwMDk1l19OagVtgg8.jpg,20267/V5bCgAxMDU4OTkwMDk1l19OagVtgg8.jpg
QZ0110,幼儿园,小班 · 2026年7月,2026-07,month,班级相册,0.7807,1,人物、孩子、document,01_幼儿园/2026-07_小班/V5bCgAxMDU4OTkwMDk1rV9OakXNzQ4.jpg,20267/V5bCgAxMDU4OTkwMDk1rV9OakXNzQ4.jpg
QZ0365,幼儿园,小班 · 2026年7月,2026-07,month,班级相册,0.6314,3,建筑、木制品、人物,01_幼儿园/2026-07_小班/V5bCgAxMDU4OTkwMDk1u3BQaq1PdQg.jpg,20267/V5bCgAxMDU4OTkwMDk1u3BQaq1PdQg.jpg
QZ0391,幼儿园,小班 · 2026年7月,2026-07,month,班级相册,0.6114,4,建筑、木制品、人物,01_幼儿园/2026-07_小班/V5bCgAxMDU4OTkwMDk1unBQanuPhwg.jpg,20267/V5bCgAxMDU4OTkwMDk1unBQanuPhwg.jpg
QZ0338,幼儿园,小班 · 2026年7月,2026-07,month,班级相册,0.6505,6,人物、孩子、建筑,01_幼儿园/2026-07_小班/V5bCgAxMDU4OTkwMDk1vHBQakFDHwg.jpg,20267/V5bCgAxMDU4OTkwMDk1vHBQakFDHwg.jpg
QZ0297,幼儿园,小班 · 2026年7月,2026-07,month,班级相册,0.6889,5,人物、孩子、建筑,01_幼儿园/2026-07_小班/V5bCgAxMDU4OTkwMDk1w3BQav8yhig.jpg,20267/V5bCgAxMDU4OTkwMDk1w3BQav8yhig.jpg
QZ0237,幼儿园,小班 · 2026年7月,2026-07,month,班级相册,0.7192,5,人物、孩子、植物,01_幼儿园/2026-07_小班/V5bCgAxMDU4OTkwMDk1xHBQalRNhig.jpg,20267/V5bCgAxMDU4OTkwMDk1xHBQalRNhig.jpg
QZ0285,幼儿园,小班 · 2026年7月,2026-07,month,班级相册,0.6936,5,人物、孩子、植物,01_幼儿园/2026-07_小班/V5bCgAxMDU4OTkwMDk1xXBQagtEdyg.jpg,20267/V5bCgAxMDU4OTkwMDk1xXBQagtEdyg.jpg
QZ0251,幼儿园,小班 · 2026年7月,2026-07,month,班级相册,0.7123,3,人物、孩子、utensil,01_幼儿园/2026-07_小班/V5bCgAxMDU4OTkwMDk1zh9OatF3MTM.jpg,20267/V5bCgAxMDU4OTkwMDk1zh9OatF3MTM.jpg
QZ0455,幼儿园,小班 · 2026年7月,2026-07,month,班级相册,0.5562,3,人物、孩子、utensil,01_幼儿园/2026-07_小班/V5bCgAxMDU4OTkwMDk1zx9OauVBDzM.jpg,20267/V5bCgAxMDU4OTkwMDk1zx9OauVBDzM.jpg
KU1975,幼儿园,家长拍摄·2026,2026-08-01,day,个人相册,0.6841,6,人物、孩子、cord,01_幼儿园/家长拍摄·2026/wx_camera_1785557668226.jpg,wx_camera_1785557668226.jpg
KU1245,幼儿园,家长拍摄·2026,2026-08-03,day,个人相册,0.7424,18,人物、人群、孩子,01_幼儿园/家长拍摄·2026/mmexport1785728549011.jpg,mmexport1785728549011.jpg
KU0904,幼儿园,家长拍摄·2026,2026-08-22,day,个人相册,0.766,6,户外、天空、多云,01_幼儿园/家长拍摄·2026/IMG_9120.jpg,_heic_jpg/IMG_9120.jpg
KU0867,幼儿园,家长拍摄·2026,2026-08-30,day,个人相册,0.7693,6,室内空间、餐厅、人物,01_幼儿园/家长拍摄·2026/IMG20260830131607.jpg,IMG20260830131607.jpg
KU0615,幼儿园,家长拍摄·2026,2026-08-30,day,个人相册,0.7975,6,人物、大人、建筑,01_幼儿园/家长拍摄·2026/IMG20260830131656.jpg,IMG20260830131656.jpg
QZ0362,幼儿园,中班 · 2026年9月 · 开学,2026-09,month,班级相册,0.6349,3,人物、孩子、建筑,01_幼儿园/2026-09_中班开学/V5bCgAxMDU4OTkwMDk1.F.danKn4iY.jpg,20269/V5bCgAxMDU4OTkwMDk1.F.danKn4iY.jpg
QZ0153,幼儿园,中班 · 2026年9月 · 开学,2026-09,month,班级相册,0.7639,2,人物、孩子、建筑,01_幼儿园/2026-09_中班开学/V5bCgAxMDU4OTkwMDk17Xiiasa1OCo.jpg,20269/V5bCgAxMDU4OTkwMDk17Xiiasa1OCo.jpg
QZ0252,幼儿园,中班 · 2026年9月 · 开学,2026-09,month,班级相册,0.7116,2,人物、孩子、建筑,01_幼儿园/2026-09_中班开学/V5bCgAxMDU4OTkwMDk17niiah7DOSo.jpg,20269/V5bCgAxMDU4OTkwMDk17niiah7DOSo.jpg
QZ0217,幼儿园,中班 · 2026年9月 · 开学,2026-09,month,班级相册,0.731,1,人物、孩子、建筑,01_幼儿园/2026-09_中班开学/V5bCgAxMDU4OTkwMDk1BZmWahMINB8.jpg,20269/V5bCgAxMDU4OTkwMDk1BZmWahMINB8.jpg
QZ0145,幼儿园,中班 · 2026年9月 · 开学,2026-09,month,班级相册,0.7679,29,人物、孩子、艺术,01_幼儿园/2026-09_中班开学/V5bCgAxMDU4OTkwMDk1C5mWamL5kh0.jpg,20269/V5bCgAxMDU4OTkwMDk1C5mWamL5kh0.jpg
QZ0273,幼儿园,中班 · 2026年9月 · 开学,2026-09,month,班级相册,0.6998,2,人物、孩子、建筑,01_幼儿园/2026-09_中班开学/V5bCgAxMDU4OTkwMDk1CJmWasvzAh8.jpg,20269/V5bCgAxMDU4OTkwMDk1CJmWasvzAh8.jpg
QZ0056,幼儿园,中班 · 2026年9月 · 开学,2026-09,month,班级相册,0.8193,29,人物、艺术、装饰,01_幼儿园/2026-09_中班开学/V5bCgAxMDU4OTkwMDk1D5mWatHQhx0.jpg,20269/V5bCgAxMDU4OTkwMDk1D5mWatHQhx0.jpg
QZ0117,幼儿园,中班 · 2026年9月 · 开学,2026-09,month,班级相册,0.7788,28,人物、孩子、艺术,01_幼儿园/2026-09_中班开学/V5bCgAxMDU4OTkwMDk1DJmWagX3kR0.jpg,20269/V5bCgAxMDU4OTkwMDk1DJmWagX3kR0.jpg
QZ0119,幼儿园,中班 · 2026年9月 · 开学,2026-09,month,班级相册,0.7774,29,人物、孩子、艺术,01_幼儿园/2026-09_中班开学/V5bCgAxMDU4OTkwMDk1DZmWatQMkh0.jpg,20269/V5bCgAxMDU4OTkwMDk1DZmWatQMkh0.jpg
QZ0158,幼儿园,中班 · 2026年9月 · 开学,2026-09,month,班级相册,0.7624,29,人物、孩子、艺术,01_幼儿园/2026-09_中班开学/V5bCgAxMDU4OTkwMDk1DpmWaighiB0.jpg,20269/V5bCgAxMDU4OTkwMDk1DpmWaighiB0.jpg
QZ0281,幼儿园,中班 · 2026年9月 · 开学,2026-09,month,班级相册,0.6965,29,人物、艺术、balloon,01_幼儿园/2026-09_中班开学/V5bCgAxMDU4OTkwMDk1E5mWahIHeB0.jpg,20269/V5bCgAxMDU4OTkwMDk1E5mWahIHeB0.jpg
QZ0076,幼儿园,中班 · 2026年9月 · 开学,2026-09,month,班级相册,0.8017,29,人物、孩子、艺术,01_幼儿园/2026-09_中班开学/V5bCgAxMDU4OTkwMDk1EJmWaucpgB0.jpg,20269/V5bCgAxMDU4OTkwMDk1EJmWaucpgB0.jpg
QZ0068,幼儿园,中班 · 2026年9月 · 开学,2026-09,month,班级相册,0.8075,29,人物、孩子、艺术,01_幼儿园/2026-09_中班开学/V5bCgAxMDU4OTkwMDk1EZmWagY8gB0.jpg,20269/V5bCgAxMDU4OTkwMDk1EZmWagY8gB0.jpg
QZ0274,幼儿园,中班 · 2026年9月 · 开学,2026-09,month,班级相册,0.6991,29,人物、艺术、装饰,01_幼儿园/2026-09_中班开学/V5bCgAxMDU4OTkwMDk1EpmWam4JgB0.jpg,20269/V5bCgAxMDU4OTkwMDk1EpmWam4JgB0.jpg
QZ0450,幼儿园,中班 · 2026年9月 · 开学,2026-09,month,班级相册,0.5601,28,人物、艺术、装饰,01_幼儿园/2026-09_中班开学/V5bCgAxMDU4OTkwMDk1FJmWavUpeB0.jpg,20269/V5bCgAxMDU4OTkwMDk1FJmWavUpeB0.jpg
QZ0258,幼儿园,中班 · 2026年9月 · 开学,2026-09,month,班级相册,0.7083,28,人物、艺术、装饰,01_幼儿园/2026-09_中班开学/V5bCgAxMDU4OTkwMDk1FZmWapb5dx0.jpg,20269/V5bCgAxMDU4OTkwMDk1FZmWapb5dx0.jpg
QZ0069,幼儿园,中班 · 2026年9月 · 开学,2026-09,month,班级相册,0.8054,1,人物、孩子、建筑,01_幼儿园/2026-09_中班开学/V5bCgAxMDU4OTkwMDk1GZmWap5ARx4.jpg,20269/V5bCgAxMDU4OTkwMDk1GZmWap5ARx4.jpg
QZ0441,幼儿园,中班 · 2026年9月 · 开学,2026-09,month,班级相册,0.5666,2,室内空间、hospital、人物,01_幼儿园/2026-09_中班开学/V5bCgAxMDU4OTkwMDk1GpmWavXdh0.jpg,20269/V5bCgAxMDU4OTkwMDk1GpmWavXdh0.jpg
QZ0096,幼儿园,中班 · 2026年9月 · 开学,2026-09,month,班级相册,0.7879,12,人物、孩子、机械,01_幼儿园/2026-09_中班开学/V5bCgAxMDU4OTkwMDk1H7mWangUzjM.jpg,20269/V5bCgAxMDU4OTkwMDk1H7mWangUzjM.jpg
QZ0064,幼儿园,中班 · 2026年9月 · 开学,2026-09,month,班级相册,0.8117,14,人物、孩子、室内空间,01_幼儿园/2026-09_中班开学/V5bCgAxMDU4OTkwMDk1HrmWaitjzTM.jpg,20269/V5bCgAxMDU4OTkwMDk1HrmWaitjzTM.jpg
QZ0007,幼儿园,中班 · 2026年9月 · 开学,2026-09,month,班级相册,0.8753,21,人物、大人、孩子,01_幼儿园/2026-09_中班开学/V5bCgAxMDU4OTkwMDk1I7mWanMXmTM.jpg,20269/V5bCgAxMDU4OTkwMDk1I7mWanMXmTM.jpg
QZ0004,幼儿园,中班 · 2026年9月 · 开学,2026-09,month,班级相册,0.8827,13,人物、室内空间、教室,01_幼儿园/2026-09_中班开学/V5bCgAxMDU4OTkwMDk1ILmWaleftTM.jpg,20269/V5bCgAxMDU4OTkwMDk1ILmWaleftTM.jpg
QZ0006,幼儿园,中班 · 2026年9月 · 开学,2026-09,month,班级相册,0.8764,16,室内空间、教室、人物,01_幼儿园/2026-09_中班开学/V5bCgAxMDU4OTkwMDk1IbmWaotVtjM.jpg,20269/V5bCgAxMDU4OTkwMDk1IbmWaotVtjM.jpg
QZ0001,幼儿园,中班 · 2026年9月 · 开学,2026-09,month,班级相册,0.8849,20,人物、孩子、室内空间,01_幼儿园/2026-09_中班开学/V5bCgAxMDU4OTkwMDk1IrmWavMZtzM.jpg,20269/V5bCgAxMDU4OTkwMDk1IrmWavMZtzM.jpg
QZ0002,幼儿园,中班 · 2026年9月 · 开学,2026-09,month,班级相册,0.8848,16,人物、孩子、室内空间,01_幼儿园/2026-09_中班开学/V5bCgAxMDU4OTkwMDk1J7mWaqqkhjM.jpg,20269/V5bCgAxMDU4OTkwMDk1J7mWaqqkhjM.jpg
QZ0020,幼儿园,中班 · 2026年9月 · 开学,2026-09,month,班级相册,0.8482,18,室内空间、教室、人物,01_幼儿园/2026-09_中班开学/V5bCgAxMDU4OTkwMDk1JLmWauuqmTM.jpg,20269/V5bCgAxMDU4OTkwMDk1JLmWauuqmTM.jpg
QZ0087,幼儿园,中班 · 2026年9月 · 开学,2026-09,month,班级相册,0.7967,22,人物、教室、室内空间,01_幼儿园/2026-09_中班开学/V5bCgAxMDU4OTkwMDk1JbmWaj2LhjM.jpg,20269/V5bCgAxMDU4OTkwMDk1JbmWaj2LhjM.jpg
QZ0010,幼儿园,中班 · 2026年9月 · 开学,2026-09,month,班级相册,0.8671,16,艺术、装饰、balloon,01_幼儿园/2026-09_中班开学/V5bCgAxMDU4OTkwMDk1JrmWaiTbhjM.jpg,20269/V5bCgAxMDU4OTkwMDk1JrmWaiTbhjM.jpg
QZ0150,幼儿园,中班 · 2026年9月 · 开学,2026-09,month,班级相册,0.7672,18,人物、孩子、教室,01_幼儿园/2026-09_中班开学/V5bCgAxMDU4OTkwMDk1K7mWankwTjM.jpg,20269/V5bCgAxMDU4OTkwMDk1K7mWankwTjM.jpg
QZ0106,幼儿园,中班 · 2026年9月 · 开学,2026-09,month,班级相册,0.7822,2,人物、孩子、container,01_幼儿园/2026-09_中班开学/V5bCgAxMDU4OTkwMDk1KCmYamAFoAM.jpg,20269/V5bCgAxMDU4OTkwMDk1KCmYamAFoAM.jpg
QZ0030,幼儿园,中班 · 2026年9月 · 开学,2026-09,month,班级相册,0.834,12,室内空间、教室、人物,01_幼儿园/2026-09_中班开学/V5bCgAxMDU4OTkwMDk1KLmWahTgbTM.jpg,20269/V5bCgAxMDU4OTkwMDk1KLmWahTgbTM.jpg
QZ0048,幼儿园,中班 · 2026年9月 · 开学,2026-09,month,班级相册,0.824,14,人物、孩子、室内空间,01_幼儿园/2026-09_中班开学/V5bCgAxMDU4OTkwMDk1KbmWahlzazM.jpg,20269/V5bCgAxMDU4OTkwMDk1KbmWahlzazM.jpg
QZ0201,幼儿园,中班 · 2026年9月 · 开学,2026-09,month,班级相册,0.7396,11,教室、室内空间、人物,01_幼儿园/2026-09_中班开学/V5bCgAxMDU4OTkwMDk1KrmWavQVbDM.jpg,20269/V5bCgAxMDU4OTkwMDk1KrmWavQVbDM.jpg
QZ0413,幼儿园,中班 · 2026年9月 · 开学,2026-09,month,班级相册,0.593,8,建筑、人物、孩子,01_幼儿园/2026-09_中班开学/V5bCgAxMDU4OTkwMDk1OF.dakyVdyE.jpg,20269/V5bCgAxMDU4OTkwMDk1OF.dakyVdyE.jpg
QZ0410,幼儿园,中班 · 2026年9月 · 开学,2026-09,month,班级相册,0.5933,2,建筑、人物、孩子,01_幼儿园/2026-09_中班开学/V5bCgAxMDU4OTkwMDk1QF.datTrQCE.jpg,20269/V5bCgAxMDU4OTkwMDk1QF.datTrQCE.jpg
QZ0178,幼儿园,中班 · 2026年9月 · 开学,2026-09,month,班级相册,0.754,7,人物、孩子、建筑,01_幼儿园/2026-09_中班开学/V5bCgAxMDU4OTkwMDk1RLmWavrUGzI.jpg,20269/V5bCgAxMDU4OTkwMDk1RLmWavrUGzI.jpg
QZ0152,幼儿园,中班 · 2026年9月 · 开学,2026-09,month,班级相册,0.7643,1,人物、孩子、餐具,01_幼儿园/2026-09_中班开学/V5bCgAxMDU4OTkwMDk1SrmWaqUrTE.jpg,20269/V5bCgAxMDU4OTkwMDk1SrmWaqUrTE.jpg
QZ0142,幼儿园,中班 · 2026年9月 · 开学,2026-09,month,班级相册,0.7709,1,人物、孩子、container,01_幼儿园/2026-09_中班开学/V5bCgAxMDU4OTkwMDk1TLqWas5fwU.jpg,20269/V5bCgAxMDU4OTkwMDk1TLqWas5fwU.jpg
QZ0416,幼儿园,中班 · 2026年9月 · 开学,2026-09,month,班级相册,0.5913,2,人物、孩子、eyeglasses,01_幼儿园/2026-09_中班开学/V5bCgAxMDU4OTkwMDk1VLqWam9BQwU.jpg,20269/V5bCgAxMDU4OTkwMDk1VLqWam9BQwU.jpg
QZ0408,幼儿园,中班 · 2026年9月 · 开学,2026-09,month,班级相册,0.5951,4,人物、孩子、建筑,01_幼儿园/2026-09_中班开学/V5bCgAxMDU4OTkwMDk1WV.darOHdCA.jpg,20269/V5bCgAxMDU4OTkwMDk1WV.darOHdCA.jpg
QZ0160,幼儿园,中班 · 2026年9月 · 开学,2026-09,month,班级相册,0.7609,1,人物、孩子、建筑,01_幼儿园/2026-09_中班开学/V5bCgAxMDU4OTkwMDk1XymYas.0QQA.jpg,20269/V5bCgAxMDU4OTkwMDk1XymYas.0QQA.jpg
QZ0029,幼儿园,中班 · 2026年9月 · 开学,2026-09,month,班级相册,0.835,1,人物、孩子、建筑,01_幼儿园/2026-09_中班开学/V5bCgAxMDU4OTkwMDk1ZrqWajCVbAQ.jpg,20269/V5bCgAxMDU4OTkwMDk1ZrqWajCVbAQ.jpg
QZ0107,幼儿园,中班 · 2026年9月 · 开学,2026-09,month,班级相册,0.7819,1,人物、孩子、材质,01_幼儿园/2026-09_中班开学/V5bCgAxMDU4OTkwMDk1bOWfahZ7uzQ.jpg,20269/V5bCgAxMDU4OTkwMDk1bOWfahZ7uzQ.jpg
QZ0137,幼儿园,中班 · 2026年9月 · 开学,2026-09,month,班级相册,0.772,1,人物、孩子、建筑,01_幼儿园/2026-09_中班开学/V5bCgAxMDU4OTkwMDk1drqWakvvUgM.jpg,20269/V5bCgAxMDU4OTkwMDk1drqWakvvUgM.jpg
QZ0122,幼儿园,中班 · 2026年9月 · 开学,2026-09,month,班级相册,0.7766,1,人物、孩子、建筑,01_幼儿园/2026-09_中班开学/V5bCgAxMDU4OTkwMDk1duWfasi7kDQ.jpg,20269/V5bCgAxMDU4OTkwMDk1duWfasi7kDQ.jpg
QZ0209,幼儿园,中班 · 2026年9月 · 开学,2026-09,month,班级相册,0.7331,5,人物、孩子、建筑,01_幼儿园/2026-09_中班开学/V5bCgAxMDU4OTkwMDk1dzChar2nRSU.jpg,20269/V5bCgAxMDU4OTkwMDk1dzChar2nRSU.jpg
QZ0189,幼儿园,中班 · 2026年9月 · 开学,2026-09,month,班级相册,0.7459,2,人物、孩子、户外,01_幼儿园/2026-09_中班开学/V5bCgAxMDU4OTkwMDk1eV.darBrQR8.jpg,20269/V5bCgAxMDU4OTkwMDk1eV.darBrQR8.jpg
QZ0256,幼儿园,中班 · 2026年9月 · 开学,2026-09,month,班级相册,0.7093,1,人物、孩子、utensil,01_幼儿园/2026-09_中班开学/V5bCgAxMDU4OTkwMDk1f.WfaoUjgzQ.jpg,20269/V5bCgAxMDU4OTkwMDk1f.WfaoUjgzQ.jpg
QZ0310,幼儿园,中班 · 2026年9月 · 开学,2026-09,month,班级相册,0.6779,1,人物、孩子、utensil,01_幼儿园/2026-09_中班开学/V5bCgAxMDU4OTkwMDk1h5Caat.23hw.jpg,20269/V5bCgAxMDU4OTkwMDk1h5Caat.23hw.jpg
QZ0411,幼儿园,中班 · 2026年9月 · 开学,2026-09,month,班级相册,0.5932,1,人物、孩子、建筑,01_幼儿园/2026-09_中班开学/V5bCgAxMDU4OTkwMDk1qcCjattIKig.jpg,20269/V5bCgAxMDU4OTkwMDk1qcCjattIKig.jpg
QZ0352,幼儿园,中班 · 2026年9月 · 开学,2026-09,month,班级相册,0.6392,1,人物、孩子、建筑,01_幼儿园/2026-09_中班开学/V5bCgAxMDU4OTkwMDk1tcqoanglyzI.jpg,20269/V5bCgAxMDU4OTkwMDk1tcqoanglyzI.jpg
QZ0078,幼儿园,中班 · 2026年9月 · 开学,2026-09,month,班级相册,0.8011,1,娱乐设施、sport、球,01_幼儿园/2026-09_中班开学/V5bCgAxMDU4OTkwMDk1y8CjamLO4yU.jpg,20269/V5bCgAxMDU4OTkwMDk1y8CjamLO4yU.jpg
QZ0465,幼儿园,上课日常,,none,班级相册,0.5524,8,教室、室内空间、人物,01_幼儿园/专题_上课日常/V5bCgAxMDU4OTkwMDk1RkW5aB7Bbhc.jpg,上课日常/V5bCgAxMDU4OTkwMDk1RkW5aB7Bbhc.jpg
QZ0445,幼儿园,上课日常,,none,班级相册,0.5617,8,人物、材质、curtain,01_幼儿园/专题_上课日常/V5bCgAxMDU4OTkwMDk1SEW5aN1SZxc.jpg,上课日常/V5bCgAxMDU4OTkwMDk1SEW5aN1SZxc.jpg
QZ0210,幼儿园,劳动日,,none,班级相册,0.7329,1,人物、孩子、材质,01_幼儿园/专题_劳动日/V5bCgAxMDU4OTkwMDk1.fnhaXlZahE.jpg,劳动日/V5bCgAxMDU4OTkwMDk1.fnhaXlZahE.jpg
QZ0357,幼儿园,劳动日,,none,班级相册,0.6357,1,人物、孩子、户外,01_幼儿园/专题_劳动日/V5bCgAxMDU4OTkwMDk19lH7aBDmwQA.jpg,劳动日/V5bCgAxMDU4OTkwMDk19lH7aBDmwQA.jpg
QZ0284,幼儿园,劳动日,,none,班级相册,0.6937,5,人物、孩子、建筑,01_幼儿园/专题_劳动日/V5bCgAxMDU4OTkwMDk1bQ.8aRFVOh0.jpg,劳动日/V5bCgAxMDU4OTkwMDk1bQ.8aRFVOh0.jpg
QZ0161,幼儿园,劳动日,,none,班级相册,0.7607,7,人物、孩子、建筑,01_幼儿园/专题_劳动日/V5bCgAxMDU4OTkwMDk1cg.8aeiODx0.jpg,劳动日/V5bCgAxMDU4OTkwMDk1cg.8aeiODx0.jpg
QZ0422,幼儿园,劳动日,,none,班级相册,0.5835,10,人物、孩子、大人,01_幼儿园/专题_劳动日/V5bCgAxMDU4OTkwMDk1lSyaHMjehg.jpg,劳动日/V5bCgAxMDU4OTkwMDk1lSyaHMjehg.jpg
QZ0202,幼儿园,劳动日,,none,班级相册,0.7377,6,人物、孩子、衣物,01_幼儿园/专题_劳动日/V5bCgAxMDU4OTkwMDk1lyyaAfRYRg.jpg,劳动日/V5bCgAxMDU4OTkwMDk1lyyaAfRYRg.jpg
QZ0108,幼儿园,劳动日,,none,班级相册,0.7816,9,人物、孩子、衣物,01_幼儿园/专题_劳动日/V5bCgAxMDU4OTkwMDk1mCyaFRRYhg.jpg,劳动日/V5bCgAxMDU4OTkwMDk1mCyaFRRYhg.jpg
QZ0330,幼儿园,劳动日,,none,班级相册,0.6582,1,人物、孩子、建筑,01_幼儿园/专题_劳动日/V5bCgAxMDU4OTkwMDk1oNg7aS6bUi4.jpg,劳动日/V5bCgAxMDU4OTkwMDk1oNg7aS6bUi4.jpg
QZ0230,幼儿园,劳动日,,none,班级相册,0.7249,4,人物、孩子、建筑,01_幼儿园/专题_劳动日/V5bCgAxMDU4OTkwMDk1rSyaAiX6Bc.jpg,劳动日/V5bCgAxMDU4OTkwMDk1rSyaAiX6Bc.jpg
QZ0360,幼儿园,劳动日,,none,班级相册,0.6351,1,人物、孩子、建筑,01_幼儿园/专题_劳动日/V5bCgAxMDU4OTkwMDk1sSyaM5X1Rc.jpg,劳动日/V5bCgAxMDU4OTkwMDk1sSyaM5X1Rc.jpg
QZ0169,幼儿园,家长会,,none,班级相册,0.7575,1,建筑、木制品、人物,01_幼儿园/专题_家长会/V5bCgAxMDU4OTkwMDk1.xzFafP1eCs.jpg,家长会/V5bCgAxMDU4OTkwMDk1.xzFafP1eCs.jpg
QZ0269,幼儿园,家长开放日,,none,班级相册,0.7028,8,人物、大人、陆地,01_幼儿园/专题_家长开放日/V5bCgAxMDU4OTkwMDk1BhIoacaekC0.jpg,家长开放日/V5bCgAxMDU4OTkwMDk1BhIoacaekC0.jpg
QZ0374,幼儿园,家长开放日,,none,班级相册,0.6254,7,人物、孩子、衣物,01_幼儿园/专题_家长开放日/V5bCgAxMDU4OTkwMDk1DBIoaePuYC0.jpg,家长开放日/V5bCgAxMDU4OTkwMDk1DBIoaePuYC0.jpg
QZ0353,幼儿园,家长开放日,,none,班级相册,0.6389,8,人物、孩子、陆地,01_幼儿园/专题_家长开放日/V5bCgAxMDU4OTkwMDk1FRIoaT29.iw.jpg,家长开放日/V5bCgAxMDU4OTkwMDk1FRIoaT29.iw.jpg
QZ0424,幼儿园,家长开放日,,none,班级相册,0.581,30,人物、大人、孩子,01_幼儿园/专题_家长开放日/V5bCgAxMDU4OTkwMDk1OmYpaaDbzDE.jpg,家长开放日/V5bCgAxMDU4OTkwMDk1OmYpaaDbzDE.jpg
QZ0453,幼儿园,家长开放日,,none,班级相册,0.5568,29,人物、大人、孩子,01_幼儿园/专题_家长开放日/V5bCgAxMDU4OTkwMDk1PWYpadBrvTE.jpg,家长开放日/V5bCgAxMDU4OTkwMDk1PWYpadBrvTE.jpg
QZ0456,幼儿园,家长开放日,,none,班级相册,0.5558,28,人物、大人、孩子,01_幼儿园/专题_家长开放日/V5bCgAxMDU4OTkwMDk1PmYpaUC9vDE.jpg,家长开放日/V5bCgAxMDU4OTkwMDk1PmYpaUC9vDE.jpg
QZ0031,幼儿园,家长开放日,,none,班级相册,0.8339,2,人物、孩子、大人,01_幼儿园/专题_家长开放日/V5bCgAxMDU4OTkwMDk1t5spaRFYrSA.jpg,家长开放日/V5bCgAxMDU4OTkwMDk1t5spaRFYrSA.jpg
QZ0194,幼儿园,家长开放日,,none,班级相册,0.7425,4,人物、孩子、衣物,01_幼儿园/专题_家长开放日/V5bCgAxMDU4OTkwMDk1xJspaczH4x8.jpg,家长开放日/V5bCgAxMDU4OTkwMDk1xJspaczH4x8.jpg
QZ0248,幼儿园,幼儿园体检,,none,班级相册,0.7147,16,人物、孩子、人群,01_幼儿园/专题_幼儿园体检/V5bCgAxMDU4OTkwMDk1RxbfaSWidgE.jpg,幼儿园体检/V5bCgAxMDU4OTkwMDk1RxbfaSWidgE.jpg
QZ0133,幼儿园,幼儿园体检,,none,班级相册,0.7744,19,人物、孩子、人群,01_幼儿园/专题_幼儿园体检/V5bCgAxMDU4OTkwMDk1SBbfaQxNbQE.jpg,幼儿园体检/V5bCgAxMDU4OTkwMDk1SBbfaQxNbQE.jpg
QZ0044,幼儿园,幼儿园体检,,none,班级相册,0.8256,7,人物、孩子、植物,01_幼儿园/专题_幼儿园体检/V5bCgAxMDU4OTkwMDk1ShbfaXcgbgE.jpg,幼儿园体检/V5bCgAxMDU4OTkwMDk1ShbfaXcgbgE.jpg
QZ0054,幼儿园,幼儿园体检,,none,班级相册,0.8211,12,人物、孩子、建筑,01_幼儿园/专题_幼儿园体检/V5bCgAxMDU4OTkwMDk1TBbfafRYYQE.jpg,幼儿园体检/V5bCgAxMDU4OTkwMDk1TBbfafRYYQE.jpg
QZ0417,幼儿园,幼儿园体检,,none,班级相册,0.5906,17,人物、孩子、人群,01_幼儿园/专题_幼儿园体检/V5bCgAxMDU4OTkwMDk1TRbfaZJ1YQE.jpg,幼儿园体检/V5bCgAxMDU4OTkwMDk1TRbfaZJ1YQE.jpg
QZ0444,幼儿园,幼儿园体检,,none,班级相册,0.5634,17,人物、孩子、人群,01_幼儿园/专题_幼儿园体检/V5bCgAxMDU4OTkwMDk1TxbfaeJ7RgE.jpg,幼儿园体检/V5bCgAxMDU4OTkwMDk1TxbfaeJ7RgE.jpg
QZ0229,幼儿园,幼儿园体检,,none,班级相册,0.7257,16,人物、孩子、室内空间,01_幼儿园/专题_幼儿园体检/V5bCgAxMDU4OTkwMDk1WxbfaYlJBwE.jpg,幼儿园体检/V5bCgAxMDU4OTkwMDk1WxbfaYlJBwE.jpg
QZ0278,幼儿园,幼儿园体检,,none,班级相册,0.6977,4,建筑、木制品、人物,01_幼儿园/专题_幼儿园体检/V5bCgAxMDU4OTkwMDk1bBbfaZutqwA.jpg,幼儿园体检/V5bCgAxMDU4OTkwMDk1bBbfaZutqwA.jpg
QZ0318,幼儿园,幼儿园体检,,none,班级相册,0.6735,7,建筑、木制品、人物,01_幼儿园/专题_幼儿园体检/V5bCgAxMDU4OTkwMDk1cRbfaaGQhgA.jpg,幼儿园体检/V5bCgAxMDU4OTkwMDk1cRbfaaGQhgA.jpg
QZ0443,幼儿园,幼儿园体检,,none,班级相册,0.5653,7,建筑、木制品、人物,01_幼儿园/专题_幼儿园体检/V5bCgAxMDU4OTkwMDk1chbfaanqhgA.jpg,幼儿园体检/V5bCgAxMDU4OTkwMDk1chbfaanqhgA.jpg
QZ0157,幼儿园,幼儿园体检,,none,班级相册,0.7627,8,建筑、木制品、人物,01_幼儿园/专题_幼儿园体检/V5bCgAxMDU4OTkwMDk1dBbfadpffQA.jpg,幼儿园体检/V5bCgAxMDU4OTkwMDk1dBbfadpffQA.jpg
QZ0080,幼儿园,幼儿园体检,,none,班级相册,0.8003,6,建筑、木制品、人物,01_幼儿园/专题_幼儿园体检/V5bCgAxMDU4OTkwMDk1dRbfaQekfQA.jpg,幼儿园体检/V5bCgAxMDU4OTkwMDk1dRbfaQekfQA.jpg
QZ0335,幼儿园,户外活动,,none,班级相册,0.6518,14,人物、孩子、大人,01_幼儿园/专题_户外活动/V5bCgAxMDU4OTkwMDk11JLnaMigOzU.jpg,户外活动/V5bCgAxMDU4OTkwMDk11JLnaMigOzU.jpg
QZ0129,幼儿园,户外活动,,none,班级相册,0.7753,3,人物、孩子、大人,01_幼儿园/专题_户外活动/V5bCgAxMDU4OTkwMDk11jsXaTWlgxQ.jpg,户外活动/V5bCgAxMDU4OTkwMDk11jsXaTWlgxQ.jpg
QZ0224,幼儿园,户外活动,,none,班级相册,0.7288,1,孩子、人物、陆地,01_幼儿园/专题_户外活动/V5bCgAxMDU4OTkwMDk13CHNaMvBGwI.jpg,户外活动/V5bCgAxMDU4OTkwMDk13CHNaMvBGwI.jpg
QZ0061,幼儿园,户外活动,,none,班级相册,0.8149,3,人物、孩子、户外,01_幼儿园/专题_户外活动/V5bCgAxMDU4OTkwMDk171H7aFz1UTo.jpg,户外活动/V5bCgAxMDU4OTkwMDk171H7aFz1UTo.jpg
QZ0118,幼儿园,户外活动,,none,班级相册,0.7781,3,人物、孩子、户外,01_幼儿园/专题_户外活动/V5bCgAxMDU4OTkwMDk17VH7aDFxUTo.jpg,户外活动/V5bCgAxMDU4OTkwMDk17VH7aDFxUTo.jpg
QZ0074,幼儿园,户外活动,,none,班级相册,0.803,3,人物、孩子、户外,01_幼儿园/专题_户外活动/V5bCgAxMDU4OTkwMDk17lH7aOVVUTo.jpg,户外活动/V5bCgAxMDU4OTkwMDk17lH7aOVVUTo.jpg
QZ0216,幼儿园,户外活动,,none,班级相册,0.7313,1,人物、孩子、建筑,01_幼儿园/专题_户外活动/V5bCgAxMDU4OTkwMDk1AZcWaaUeIws.jpg,户外活动/V5bCgAxMDU4OTkwMDk1AZcWaaUeIws.jpg
QZ0323,幼儿园,户外活动,,none,班级相册,0.6674,21,人物、孩子、人群,01_幼儿园/专题_户外活动/V5bCgAxMDU4OTkwMDk1B47DaL0DChU.jpg,户外活动/V5bCgAxMDU4OTkwMDk1B47DaL0DChU.jpg
QZ0438,幼儿园,户外活动,,none,班级相册,0.5699,3,户外、人物、孩子,01_幼儿园/专题_户外活动/V5bCgAxMDU4OTkwMDk1Cj0DaRSMzjo.jpg,户外活动/V5bCgAxMDU4OTkwMDk1Cj0DaRSMzjo.jpg
QZ0400,幼儿园,户外活动,,none,班级相册,0.6053,2,户外、陆地、公园,01_幼儿园/专题_户外活动/V5bCgAxMDU4OTkwMDk1Cz0DaWA8wTo.jpg,户外活动/V5bCgAxMDU4OTkwMDk1Cz0DaWA8wTo.jpg
QZ0263,幼儿园,户外活动,,none,班级相册,0.7059,5,人物、孩子、建筑,01_幼儿园/专题_户外活动/V5bCgAxMDU4OTkwMDk1Dj0DaZaY4Dk.jpg,户外活动/V5bCgAxMDU4OTkwMDk1Dj0DaZaY4Dk.jpg
QZ0125,幼儿园,户外活动,,none,班级相册,0.7764,8,人物、孩子、户外,01_幼儿园/专题_户外活动/V5bCgAxMDU4OTkwMDk1Gj0DaVs.fDk.jpg,户外活动/V5bCgAxMDU4OTkwMDk1Gj0DaVs.fDk.jpg
QZ0319,幼儿园,户外活动,,none,班级相册,0.6707,2,人物、孩子、衣物,01_幼儿园/专题_户外活动/V5bCgAxMDU4OTkwMDk1GyBaOkb5Qw.jpg,户外活动/V5bCgAxMDU4OTkwMDk1GyBaOkb5Qw.jpg
QZ0063,幼儿园,户外活动,,none,班级相册,0.8137,2,户外、陆地、公园,01_幼儿园/专题_户外活动/V5bCgAxMDU4OTkwMDk1KD0DaTcRvDg.jpg,户外活动/V5bCgAxMDU4OTkwMDk1KD0DaTcRvDg.jpg
QZ0139,幼儿园,户外活动,,none,班级相册,0.7719,2,人物、孩子、户外,01_幼儿园/专题_户外活动/V5bCgAxMDU4OTkwMDk1KT0Dadg0rjg.jpg,户外活动/V5bCgAxMDU4OTkwMDk1KT0Dadg0rjg.jpg
QZ0307,幼儿园,户外活动,,none,班级相册,0.679,2,人物、孩子、衣物,01_幼儿园/专题_户外活动/V5bCgAxMDU4OTkwMDk1LCBaFcQdAE.jpg,户外活动/V5bCgAxMDU4OTkwMDk1LCBaFcQdAE.jpg
QZ0377,幼儿园,户外活动,,none,班级相册,0.6241,12,人物、孩子、户外,01_幼儿园/专题_户外活动/V5bCgAxMDU4OTkwMDk1Q4PDaFoHLCM.jpg,户外活动/V5bCgAxMDU4OTkwMDk1Q4PDaFoHLCM.jpg
QZ0451,幼儿园,户外活动,,none,班级相册,0.557,13,人物、孩子、户外,01_幼儿园/专题_户外活动/V5bCgAxMDU4OTkwMDk1QoPDaHSiLCM.jpg,户外活动/V5bCgAxMDU4OTkwMDk1QoPDaHSiLCM.jpg
QZ0035,幼儿园,户外活动,,none,班级相册,0.8297,2,人物、孩子、户外,01_幼儿园/专题_户外活动/V5bCgAxMDU4OTkwMDk1SdseaTK5kjY.jpg,户外活动/V5bCgAxMDU4OTkwMDk1SdseaTK5kjY.jpg
QZ0058,幼儿园,户外活动,,none,班级相册,0.8161,1,人物、孩子、户外,01_幼儿园/专题_户外活动/V5bCgAxMDU4OTkwMDk1TNseaWK8dDY.jpg,户外活动/V5bCgAxMDU4OTkwMDk1TNseaWK8dDY.jpg
QZ0399,幼儿园,户外活动,,none,班级相册,0.6056,4,建筑、木制品、人物,01_幼儿园/专题_户外活动/V5bCgAxMDU4OTkwMDk1VSfNaCAu6hs.jpg,户外活动/V5bCgAxMDU4OTkwMDk1VSfNaCAu6hs.jpg
QZ0038,幼儿园,户外活动,,none,班级相册,0.8282,4,人物、孩子、建筑,01_幼儿园/专题_户外活动/V5bCgAxMDU4OTkwMDk1WYznaNQYHw4.jpg,户外活动/V5bCgAxMDU4OTkwMDk1WYznaNQYHw4.jpg
QZ0336,幼儿园,户外活动,,none,班级相册,0.651,3,人物、孩子、建筑,01_幼儿园/专题_户外活动/V5bCgAxMDU4OTkwMDk1YSLJaEO39gE.jpg,户外活动/V5bCgAxMDU4OTkwMDk1YSLJaEO39gE.jpg
QZ0214,幼儿园,户外活动,,none,班级相册,0.7314,3,人物、孩子、材质,01_幼儿园/专题_户外活动/V5bCgAxMDU4OTkwMDk1YiLJaN9G8AE.jpg,户外活动/V5bCgAxMDU4OTkwMDk1YiLJaN9G8AE.jpg
QZ0171,幼儿园,户外活动,,none,班级相册,0.757,3,户外、陆地、公园,01_幼儿园/专题_户外活动/V5bCgAxMDU4OTkwMDk1a9seae63MDg.jpg,户外活动/V5bCgAxMDU4OTkwMDk1a9seae63MDg.jpg
QZ0439,幼儿园,户外活动,,none,班级相册,0.5698,10,人物、孩子、建筑,01_幼儿园/专题_户外活动/V5bCgAxMDU4OTkwMDk1umn3aJlWNTk.jpg,户外活动/V5bCgAxMDU4OTkwMDk1umn3aJlWNTk.jpg
QZ0228,幼儿园,户外活动,,none,班级相册,0.7258,22,人物、孩子、衣物,01_幼儿园/专题_户外活动/V5bCgAxMDU4OTkwMDk1vWn3aFVNqTc.jpg,户外活动/V5bCgAxMDU4OTkwMDk1vWn3aFVNqTc.jpg
QZ0272,幼儿园,节庆活动,,none,班级相册,0.7013,3,人物、孩子、艺术,01_幼儿园/专题_节庆活动/V5bCgAxMDU4OTkwMDk12.nZaIQ7pyY.jpg,节庆活动/V5bCgAxMDU4OTkwMDk12.nZaIQ7pyY.jpg
QZ0113,幼儿园,节庆活动,,none,班级相册,0.7798,3,人物、孩子、材质,01_幼儿园/专题_节庆活动/V5bCgAxMDU4OTkwMDk13OnZaHLypiY.jpg,节庆活动/V5bCgAxMDU4OTkwMDk13OnZaHLypiY.jpg
QZ0204,幼儿园,节庆活动,,none,班级相册,0.736,3,人物、孩子、材质,01_幼儿园/专题_节庆活动/V5bCgAxMDU4OTkwMDk13enZaJ6ipiY.jpg,节庆活动/V5bCgAxMDU4OTkwMDk13enZaJ6ipiY.jpg
QZ0407,幼儿园,节庆活动,,none,班级相册,0.5955,4,人物、孩子、材质,01_幼儿园/专题_节庆活动/V5bCgAxMDU4OTkwMDk1BQnaaHTgQiY.jpg,节庆活动/V5bCgAxMDU4OTkwMDk1BQnaaHTgQiY.jpg
QZ0349,幼儿园,节庆活动,,none,班级相册,0.6441,4,人物、孩子、材质,01_幼儿园/专题_节庆活动/V5bCgAxMDU4OTkwMDk1BwnaaBGgOiY.jpg,节庆活动/V5bCgAxMDU4OTkwMDk1BwnaaBGgOiY.jpg
QZ0235,幼儿园,节庆活动,,none,班级相册,0.7201,4,人物、孩子、衣物,01_幼儿园/专题_节庆活动/V5bCgAxMDU4OTkwMDk1DwnaaKXdHiY.jpg,节庆活动/V5bCgAxMDU4OTkwMDk1DwnaaKXdHiY.jpg
QZ0389,幼儿园,节庆活动,,none,班级相册,0.6117,4,人物、孩子、衣物,01_幼儿园/专题_节庆活动/V5bCgAxMDU4OTkwMDk1EQnaaInjHiY.jpg,节庆活动/V5bCgAxMDU4OTkwMDk1EQnaaInjHiY.jpg
QZ0060,幼儿园,节庆活动,,none,班级相册,0.8151,4,人物、孩子、建筑,01_幼儿园/专题_节庆活动/V5bCgAxMDU4OTkwMDk1lCaaJDbmB0.jpg,节庆活动/V5bCgAxMDU4OTkwMDk1lCaaJDbmB0.jpg
QZ0114,幼儿园,节庆活动,,none,班级相册,0.7796,2,人物、孩子、建筑,01_幼儿园/专题_节庆活动/V5bCgAxMDU4OTkwMDk1lSaaE4LmR0.jpg,节庆活动/V5bCgAxMDU4OTkwMDk1lSaaE4LmR0.jpg
QZ0435,幼儿园,节庆活动,,none,班级相册,0.5718,4,人物、大人、植物,01_幼儿园/专题_节庆活动/V5bCgAxMDU4OTkwMDk1vunZaJgvcCc.jpg,节庆活动/V5bCgAxMDU4OTkwMDk1vunZaJgvcCc.jpg
QZ0334,幼儿园,运动会,,none,班级相册,0.6542,43,人物、人群、陆地,01_幼儿园/专题_运动会/V5bCgAxMDU4OTkwMDk1dAROab7yACg.jpg,运动会/V5bCgAxMDU4OTkwMDk1dAROab7yACg.jpg
QZ0331,幼儿园,运动会,,none,班级相册,0.6582,43,人物、人群、陆地,01_幼儿园/专题_运动会/V5bCgAxMDU4OTkwMDk1dQROabTVACg.jpg,运动会/V5bCgAxMDU4OTkwMDk1dQROabTVACg.jpg
QZ0315,幼儿园,运动会,,none,班级相册,0.6749,43,人物、人群、大人,01_幼儿园/专题_运动会/V5bCgAxMDU4OTkwMDk1dgROaRuh9yc.jpg,运动会/V5bCgAxMDU4OTkwMDk1dgROaRuh9yc.jpg
QZ0291,幼儿园,运动会,,none,班级相册,0.6928,1,人物、孩子、衣物,01_幼儿园/专题_运动会/V5bCgAxMDU4OTkwMDk1kwROaUXwlSc.jpg,运动会/V5bCgAxMDU4OTkwMDk1kwROaUXwlSc.jpg
KU2310,幼儿园,家长拍摄·未知年份,,none,个人相册,0.6392,6,人物、孩子、大人,01_幼儿园/家长拍摄·未知年份/749AD8DA_IMG_0151.PNG,749AD8DA_IMG_0151.PNG
KU1970,幼儿园,家长拍摄·未知年份,,none,个人相册,0.6845,10,人物、孩子、teen,01_幼儿园/家长拍摄·未知年份/C0878145_IMG_0163.PNG,C0878145_IMG_0163.PNG
KU1720,幼儿园,家长拍摄·2028,,none,个人相册,0.7061,3,人物、孩子、建筑,01_幼儿园/家长拍摄·未知年份/dreamina_7605183177384054054_1770719784666.jpg,dreamina_7605183177384054054_1770719784666.jpg
KU2128,待确认,2025,2025-02-04,day,个人相册,0.6692,3,户外、天空、蓝天,03_待确认/DFF939E0_IMG_2408.jpg,_heic_jpg/DFF939E0_IMG_2408.jpg
KU1001,待确认,2025,2025-07-25,day,个人相册,0.7595,6,人物、孩子、植物,03_待确认/mmexport1753434421349.jpg,mmexport1753434421349.jpg
KU0583,待确认,2025,2025-07-28,day,个人相册,0.8037,3,人物、孩子、植物,03_待确认/mmexport1753693125643.jpg,mmexport1753693125643.jpg
KU1570,待确认,2025,2025-09-29,day,个人相册,0.7189,30,人物、孩子、人群,03_待确认/mmexport1759107283432.jpg,mmexport1759107283432.jpg
KU1130,待确认,2025,2025-10-03,day,个人相册,0.7504,3,户外、天空、多云,03_待确认/mmexport1759463501069.jpg,mmexport1759463501069.jpg
KU1596,待确认,2026,2026-01-02,day,个人相册,0.7164,9,人物、大人、户外,03_待确认/IMG20260102105700.jpg,IMG20260102105700.jpg
KU2119,待确认,2026,2026-07-16,day,个人相册,0.6697,10,人物、孩子、大人,03_待确认/mmexport1784173758365.jpg,mmexport1784173758365.jpg
KU1530,待确认,2026,2026-08-07,day,个人相册,0.7221,3,人物、孩子、衣物,03_待确认/FullSizeRender (20).jpg,_heic_jpg/FullSizeRender (20).jpg
KU1911,待确认,2026,2026-08-07,day,个人相册,0.6891,3,人物、孩子、娱乐设施,03_待确认/FullSizeRender (21).jpg,_heic_jpg/FullSizeRender (21).jpg
KU0522,待确认,2026,2026-08-07,day,个人相册,0.8187,4,人物、孩子、建筑,03_待确认/IMG20260807164725.jpg,IMG20260807164725.jpg
